"index";"Latitude";"Longitude";"gares_id";"nom_gare";"nomlong";"ligne";"x";"y";"prix_moyen_2014";"prix_moyen_2015";"prix_moyen_2016";"prix_moyen_2017";"prix_moyen_2018";"prix_moyen_2019";"prix_moyen_global"
"38,0";"48,8775512518";"2,28316224223";"1,0";"Porte Maillot";"PORTE MAILLOT";"1";"647424,8025";"6864408,6314";"8247,881726582838";"8904,306021400555";"8888,197243268098";"9510,131108786649";"9961,823315319918";"10536,40830606287";"9341,457953570154"
"228,0";"48,884594208";"2,3379497770599995";"2,0";"Abbesses";"ABBESSES";"12";"651449,5655";"6865156,6779";"8823,400533614002";"8396,294456437705";"8698,653977766566";"9700,390568476409";"9718,953540921502";"10275,917464488972";"9268,935090284192"
"67,0";"48,8281884763";"2,32716464961";"10,0";"Alésia";"ALESIA";"4";"650605,2307";"6858891,5557";"8233,708774346067";"7621,697309530041";"8385,730472127483";"8835,265676380077";"9273,257480307082";"9545,248610721805";"8649,151387235426"
"232,0";"48,8563773572";"2,3945619445599995";"11,0";"Alexandre Dumas";"ALEXANDRE DUMAS";"2";"655576,9894";"6861985,8376";"6518,825607286036";"7079,9276709802625";"7600,026900219532";"8104,872312705775";"8708,511856352017";"8880,11969788524";"7815,380674238143"
"143,0";"48,864766845";"2,3009910035";"14,0";"Alma-Marceau";"ALMA-MARCEAU";"9";"648719,8026";"6862975,3829";"14084,08056384316";"12446,753241530048";"11765,649865145351";"12581,83387266802";"14089,133907395726";"14855,34575758121";"13303,79953469392"
"68,0";"48,882868647600006";"2,3441306337200003";"21,0";"Anvers";"ANVERS";"2";"651901,2249";"6864961,0235";"8163,498685240672";"8098,707837667731";"8375,94766148322";"9029,785145618665";"9599,681802329285";"9844,622001909129";"8852,040522374784"
"144,0";"48,875594049899995";"2,28932258961";"25,0";"Argentine";"ARGENTINE";"1";"647874,6513";"6864186,9211";"8514,643254893488";"9074,97093930732";"9279,624711226947";"10018,881689769347";"10629,908294786012";"11030,550464418939";"9758,09655906701"
"69,0";"48,8653227117";"2,35672986917";"27,0";"Arts et Métiers";"ARTS ET METIERS";"11";"652809,2865";"6863002,4359";"9330,159512407905";"9172,560460234072";"9326,204832645564";"10220,07982001807";"10920,651947698352";"11902,175764004416";"10145,305389501396"
"70,0";"48,865586477600004";"2,3567367568099997";"28,0";"Arts et Métiers";"ARTS ET METIERS";"3";"652810,0307";"6863031,7605";"9372,775838632713";"9132,342867045647";"9281,459141605888";"10125,098260974677";"10739,491382369075";"11805,416477135395";"10076,097327960566"
"1,0";"48,860786963500004";"2,32099819195";"30,0";"Assemblée Nationale";"ASSEMBLEE NATIONALE";"12";"650183,7135";"6862520,0466";"14057,448259931045";"13421,277229766727";"14219,57551742511";"15323,737496444346";"16307,682068404569";"17918,738193808615";"15208,0764609634"
"146,0";"48,84701958189999";"2,29542047803";"43,0";"Avenue Émile Zola";"AVENUE EMILE ZOLA";"10";"648293,5441";"6861005,6876";"8627,734455143633";"8544,420328015076";"8966,56786857363";"9433,653769933917";"10006,881844345582";"10470,939106129637";"9341,699562023578"
"311,0";"48,851510278199996";"2,39830234427";"44,0";"Avron";"AVRON";"2";"655847,3058";"6861442,5619";"7231,331814971478";"7235,139584990697";"7298,630488025919";"7982,629640096263";"8432,798010003955";"8883,063732564751";"7843,93221177551"
"2,0";"48,8359308792";"2,27816167128";"47,0";"Balard";"BALARD";"8";"647015,7484";"6859784,1873";"7300,917855916347";"7514,323775311276";"7502,450115784054";"8459,436517547456";"8389,91272543719";"9162,058214656394";"8054,849867442121"
"71,0";"48,8838039424";"2,35061300069";"49,0";"Barbès-Rochechouart";"BARBES-ROCHECHOUART";"2";"652377,4597";"6865061,0935";"7044,421435009876";"6927,476663326126";"7125,942390301186";"7729,67484808024";"8483,897264150262";"9277,002133842803";"7764,735789118416"
"312,0";"48,883436188100006";"2,34977444365";"50,0";"Barbès-Rochechouart";"BARBES-ROCHECHOUART";"4";"652315,6291";"6865020,7075";"7211,163872724997";"7104,694867115639";"7323,399736013983";"7919,747058770168";"8706,561754200588";"9524,369238636787";"7964,989421243695"
"3,0";"48,852479422799995";"2,36932058493";"54,0";"Bastille";"BASTILLE";"1";"653721,5234";"6861566,9178";"9678,251474760422";"8812,880077333932";"10587,84017446749";"11500,487215231431";"11513,687404870705";"12736,163265759165";"10804,884935403856"
"147,0";"48,853436962299995";"2,36873657263";"55,0";"Bastille";"BASTILLE";"5";"653679,5214";"6861673,7301";"9938,74928412004";"8995,898944435252";"10793,88717106066";"10250,672257301612";"11796,205871702996";"12742,377849839499";"10752,965229743344"
"233,0";"48,8534394276";"2,36951356952";"56,0";"Bastille";"BASTILLE";"8";"653736,5364";"6861673,5487";"9726,599271461791";"8854,19235842791";"10580,948801789034";"10145,524744893988";"11784,271362378968";"12708,611463370908";"10633,3580003871"
"4,0";"48,8413382509";"2,40091853812";"59,0";"Bel Air";"BEL-AIR";"6";"656030,6977";"6860310,0664";"7005,708656208932";"7308,271224563837";"7322,534287801897";"7868,415254392318";"8534,869229985934";"8724,634052371735";"7794,072117554108"
"72,0";"48,8718487938";"2,3765936827400003";"60,0";"Belleville";"BELLEVILLE";"11";"654272,2071";"6863716,4009";"7031,096722193441";"6837,747995678047";"6694,244573765554";"7918,755423552801";"8640,56465281135";"9068,80358718496";"7698,535492531027"
"148,0";"48,872310113800005";"2,37670214473";"61,0";"Belleville";"BELLEVILLE";"2";"654280,5677";"6863767,6337";"6816,765526490023";"6791,2687972304";"6670,046145959764";"7773,855699183067";"8593,100691102169";"9046,601491495532";"7615,273058576825"
"149,0";"48,840001389499996";"2,3795540112";"66,0";"Bercy";"BERCY";"14";"654461,522";"6860173,5295";"6636,097636874895";"7300,981649411098";"7767,697657827849";"7648,389684266343";"7880,748823913093";"8714,494079327886";"7658,068255270194"
"5,0";"48,840388748100004";"2,37991127145";"67,0";"Bercy";"BERCY";"6";"654488,0813";"6860216,3939";"7570,319425132063";"7330,36602054661";"7761,570569172577";"7868,318053894821";"8046,940411523304";"8753,494502966665";"7888,501497206006"
"308,0";"48,8299902817";"2,37574814434";"72,0";"Bibliothèque François Mitterrand";"BIBLIOTHEQUE FRANCOIS MITTERRAND";"14";"654173,3908";"6859062,6022";"7207,02206453215";"6809,203879111855";"7972,762178122598";"8191,278404076886";"8010,3855852696615";"9005,045010685148";"7865,949520299716"
"229,0";"48,8539426071";"2,2893345327700003";"75,0";"Bir-Hakeim (Grenelle)";"BIR-HAKEIM (GRENELLE)";"6";"647853,8595";"6861779,4605";"8902,219124066838";"8523,56182793593";"8606,557803290743";"9293,414602968913";"10278,846410012653";"10418,85479886492";"9337,242427856667"
"142,0";"48,8839585735";"2,33192659089";"76,0";"Blanche";"BLANCHE";"2";"651007,2769";"6865089,7195";"8575,137016351877";"8064,74950361973";"8585,580506564436";"9681,306990227387";"9423,575622327431";"10092,95722143073";"9070,551143420264"
"230,0";"48,8669831104";"2,29005883493";"84,0";"Boissière";"BOISSIERE";"6";"647920,0418";"6863228,9678";"9929,47956755473";"9108,59762477765";"9654,360503342701";"10105,406826788721";"11675,90245067216";"12357,184203140094";"10471,821862712677"
"231,0";"48,8808212614";"2,37414715384";"88,0";"Bolivar";"BOLIVAR";"7b";"654100,662";"6864715,5006";"6672,119449200319";"6899,250635759267";"6979,553148756643";"7754,962195034048";"7967,898259332779";"8244,055751493539";"7419,639906596099"
"140,0";"48,8701642009";"2,35049797186";"90,0";"Bonne Nouvelle";"BONNE NOUVELLE";"8";"652356,5489";"6863544,515";"8726,154419855498";"8640,987994287505";"9109,573955253665";"9253,264766847176";"10421,038103046145";"11356,702389176651";"9584,620271411108"
"62,0";"48,8701642009";"2,35049797186";"91,0";"Bonne Nouvelle";"BONNE NOUVELLE";"9";"652356,5489";"6863544,515";"8726,154419855498";"8640,987994287505";"9109,573955253665";"9253,264766847176";"10421,038103046145";"11356,702389176651";"9584,620271411108"
"0,0";"48,8794817719";"2,38911580738";"93,0";"Botzaris";"BOTZARIS";"7b";"655197,2716";"6864557,9604";"6779,698056295797";"6257,726109687757";"6616,60105477831";"7413,658280702884";"7999,442122080145";"8574,568660168527";"7273,615713952236"
"305,0";"48,8410940563";"2,2879457665";"94,0";"Boucicaut";"BOUCICAUT";"8";"647739,0763";"6860351,7535";"8331,186964907358";"8170,909001234945";"8267,193362393995";"8518,055546202884";"9027,068864288685";"9503,041461779221";"8636,242533467846"
"306,0";"48,8523154274";"2,38937812792";"98,0";"Rue des Boulets";"RUE DES BOULETS";"9";"655193,1503";"6861537,1145";"7759,357546520918";"7521,431444593854";"7702,000910787237";"8467,91652292538";"9140,390313983069";"9558,711869198858";"8358,30143466822"
"141,0";"48,868695977799995";"2,34072072367";"104,0";"Bourse";"BOURSE";"3";"651638,0039";"6863387,2034";"9635,077458372509";"10659,651059477192";"9377,766333483805";"10645,0980341883";"11690,34213198539";"14072,48076653601";"11013,402630673867"
"64,0";"48,8561407093";"2,37020933841";"107,0";"Bréguet-Sabin";"BREGUET-SABIN";"5";"653789,9847";"6861973,5003";"9641,918932905917";"8768,32494930598";"10372,844363334434";"8985,014921408501";"11453,228891494742";"12450,263748301624";"10278,5993011252"
"319,0";"48,8905871866";"2,32017475579";"113,0";"Brochant";"BROCHANT";"13";"650151,8308";"6865834,137";"7655,001904164583";"7309,194943403577";"7540,881736840385";"8138,268112322907";"9574,441842270122";"9233,37994624049";"8241,86141420701"
"320,0";"48,8785141131";"2,38161451194";"120,0";"Buttes-Chaumont";"BUTTES-CHAUMONT";"7b";"654646,2892";"6864454,645";"6617,184825658125";"6234,247936378669";"6383,931408937281";"7460,964663174242";"8017,175960445521";"8705,808048210965";"7236,552140467468"
"79,0";"48,851812133";"2,40102227052";"121,0";"Buzenval";"BUZENVAL";"9";"656047,1453";"6861474,6081";"6279,98396793821";"6889,075789110617";"7142,3928875656575";"7683,250820064399";"7862,348224192952";"8547,590620181969";"7400,773718175634"
"239,0";"48,875890681899996";"2,3441260304599996";"122,0";"Cadet";"CADET";"7";"651894,4424";"6864185,1221";"8698,740603443643";"8304,239760615217";"8659,70251306604";"9365,021294752447";"9966,42577254983";"10720,638060316445";"9285,79466745727"
"80,0";"48,8475070811";"2,3029682991900002";"123,0";"Cambronne";"CAMBRONNE";"6";"648847,9145";"6861054,9765";"8948,08707705037";"8869,100192166068";"9259,085010348943";"9794,94636345295";"10188,44492964053";"11037,052306071344";"9682,785979788368"
"10,0";"48,8354953554";"2,3588234891";"124,0";"Campo Formio";"CAMPO-FORMIO";"5";"652935,9416";"6859684,6612";"8035,5033375985295";"8341,13813641433";"8986,387418741204";"8757,02023071997";"8621,275784692129";"9645,54450340879";"8731,14490192916"
"154,0";"48,846656851300004";"2,35162325638";"125,0";"Cardinal Lemoine";"CARDINAL-LEMOINE";"10";"652417,6279";"6860930,0204";"13391,30069275001";"10235,43733914861";"10627,901719476522";"11354,33791773341";"11655,72113277812";"11790,61004670168";"11509,21814143139"
"240,0";"48,8404866526";"2,35173948717";"127,0";"Censier-Daubenton";"CENSIER-DAUBENTON";"7";"652420,525";"6860243,8862";"11478,98585830016";"9346,753155566676";"9581,800584125747";"10126,104865009547";"10777,84270219683";"11033,096232663767";"10390,763899643787"
"155,0";"48,867905344899995";"2,31354554995";"144,0";"Champs-Élysées-Clémenceau";"CHAMPS-ELYSEES-CLEMENCEAU";"1";"649643,8307";"6863316,2783";"12722,852762874052";"13025,407363897897";"11593,682197261749";"14651,822282257446";"17236,837639867917";"14003,366166341702";"13872,328068750126"
"156,0";"48,8676021452";"2,31389412912";"145,0";"Champs-Élysées-Clémenceau";"CHAMPS-ELYSEES-CLEMENCEAU";"13";"649669,1078";"6863282,3427";"12758,09638520967";"13156,613901594385";"11343,538093703117";"15695,253208154982";"17324,81642379503";"13627,273277647193";"13984,265215017396"
"81,0";"48,8452047036";"2,26644154308";"149,0";"Chardon Lagache";"CHARDON-LAGACHE";"10";"646165,0737";"6860823,2591";"7808,456600419194";"7842,918728627488";"8148,1649067625685";"8631,691138564409";"9068,359490164014";"10183,307040947517";"8613,816317580866"
"12,0";"48,875149819700006";"2,2959049060799996";"152,0";"Charles De Gaulle-Étoile";"CHARLES DE GAULLE ETOILE";"1";"648356,9846";"6864133,201";"9720,42503919982";"10415,445949478508";"9294,109236331407";"10414,076264578984";"10745,639297590978";"11500,992944250238";"10348,44812190499"
"241,0";"48,874613927";"2,29556736975";"153,0";"Charles de Gaulle-Étoile";"CHARLES DE GAULLE ETOILE";"2";"648331,6965";"6864073,8346";"9712,800419942318";"10582,260426341636";"9383,6239954495";"10422,66447077796";"10668,882661050911";"11619,17602481964";"10398,234666396995"
"321,0";"48,8747486507";"2,29556025621";"154,0";"Charles de Gaulle-Étoile";"CHARLES DE GAULLE ETOILE";"6";"648331,3084";"6864088,8195";"9715,219834930664";"10568,211906535753";"9399,006367656051";"10443,115907988908";"10671,73185564677";"11625,270218929645";"10403,759348614634"
"82,0";"48,8465346367";"2,28599922342";"155,0";"Charles Michels";"CHARLES MICHELS";"10";"647601,6846";"6860957,9773";"8637,482994730559";"8370,47405679838";"8325,170015773248";"8743,365938421524";"9454,73710406361";"9850,096264999105";"8896,88772913107"
"158,0";"48,854580499099995";"2,38556348082";"156,0";"Charonne";"CHARONNE";"9";"654915,2006";"6861791,1422";"7557,250826899383";"7538,222271832771";"7834,143480656906";"8616,396552831797";"9300,701405413341";"9754,314371938031";"8433,50481826204"
"323,0";"48,8724249145";"2,3560449076700003";"159,0";"Château d'Eau";"CHATEAU D'EAU";"4";"652765,4788";"6863792,5575";"8239,1414961846";"7886,129128456287";"8451,602996001126";"8788,28467511823";"10022,765554146767";"10898,882236234007";"9047,801014356837"
"324,0";"48,8785656258";"2,36216007192";"161,0";"Château-Landon";"CHATEAU-LANDON";"7";"653219,5359";"6864471,7227";"6923,677609948147";"7123,3633198549705";"8456,37709521386";"7923,0141579522815";"8669,122629909614";"9694,872716934007";"8131,737921635479"
"159,0";"48,8873749106";"2,3496940822";"162,0";"Château Rouge";"CHATEAU ROUGE";"4";"652313,3429";"6865458,7189";"6549,134850547953";"6501,788683102992";"7048,68306032887";"7444,922133959149";"8273,458872526642";"8826,06238376593";"7440,6749973719225"
"160,0";"48,85755635939999";"2,3483088951299997";"165,0";"Châtelet";"CHATELET";"11";"652184,4051";"6862143,9475";"10251,15782091371";"10244,918738512702";"10111,331264587156";"13268,349364806882";"13577,944321797488";"12392,539744059835";"11641,04020911296"
"83,0";"48,8587991981";"2,34730585275";"166,0";"Châtelet";"CHATELET";"1";"652111,9543";"6862282,7483";"9790,688825747857";"9964,040300697023";"9627,642137010584";"12983,575430397466";"12523,019800367758";"11785,093784055902";"11112,343379712765"
"242,0";"48,8577088197";"2,3479443111099996";"167,0";"Châtelet";"CHATELET";"14";"652157,7956";"6862161,1206";"10228,150949999677";"10302,692299312237";"10063,556224503725";"13363,025020964711";"13645,531843995741";"12140,434078898279";"11623,898402945728"
"161,0";"48,8583823703";"2,34756482975";"168,0";"Châtelet";"CHATELET";"4";"652130,572";"6862236,2436";"9832,956475549197";"10144,580890230778";"9690,17282029944";"13061,687378729997";"12609,899529592947";"11813,331713730577";"11192,10480135549"
"13,0";"48,8570599663";"2,34771187993";"169,0";"Châtelet";"CHATELET";"7";"652140,1462";"6862089,1146";"9717,88232172148";"10632,960290364734";"10583,15513730692";"13532,3271211367";"13745,28657164886";"12412,352540099948";"11770,660663713106"
"162,0";"48,873109274300006";"2,3334512185799996";"173,0";"Chaussée d'Antin (La Fayette)";"CHAUSSEE D'ANTIN (LA FAYETTE)";"7";"651108,8982";"6863882,4057";"11589,5021184187";"9114,873417564193";"9215,86751939044";"10126,372479753398";"15696,06342629886";"17385,972199296688";"12188,108526787046"
"163,0";"48,87293765770001";"2,33347913185";"174,0";"Chaussée d'Antin (La Fayette)";"CHAUSSEE D'ANTIN (LA FAYETTE)";"9";"651110,7845";"6863863,3059";"11631,266566783583";"9190,31483105929";"9239,00509348317";"10133,314712147117";"15708,59345979104";"17509,681996441577";"12235,362776617629"
"243,0";"48,8574200375";"2,3681082907";"180,0";"Chemin Vert";"CHEMIN VERT";"8";"653636,9649";"6862116,9823";"9665,367753440598";"8939,350775903771";"10562,507173982";"9332,298774524405";"11604,306434432741";"12670,615320793864";"10462,407705512896"
"326,0";"48,834947722299994";"2,36812632906";"183,0";"Chevaleret";"CHEVALERET";"6";"653618,2928";"6859618,2657";"6634,381367892692";"6983,242481981144";"8285,873686454537";"7991,320999229134";"8175,094016885864";"8875,143294746591";"7824,175974531659"
"164,0";"48,8549363766";"2,34732131573";"188,0";"Cité";"CITE";"4";"652109,5385";"6861853,227000001";"10772,046846924284";"11192,009522158742";"10964,315132139875";"14376,63772106155";"13475,08146026161";"14189,998293965924";"12495,014829418666"
"84,0";"48,851050282299994";"2,34427334542";"192,0";"Cluny-la Sorbonne";"CLUNY-LA-SORBONNE";"10";"651882,3097";"6861422,9819";"11416,913852792799";"11085,84496634473";"11185,470131276468";"13041,61671596784";"12544,746701169252";"14262,322654844049";"12256,152503732521"
"14,0";"48,877610187399995";"2,37081139531";"195,0";"Colonel Fabien";"COLONEL FABIEN";"2";"653853,1813";"6864360,3934";"6873,39960998638";"7142,477828346125";"8009,375584118064";"7749,373410382776";"8236,321370921582";"8434,658569052715";"7740,93439546794"
"15,0";"48,8447947646";"2,29395196364";"197,0";"Commerce";"COMMERCE";"8";"648183,5662";"6860759,2739";"8422,082543302953";"8393,272726623076";"8791,117678978231";"9000,567379717771";"9760,288970697708";"10123,04513760445";"9081,729072820699"
"165,0";"48,866285804600004";"2,32294341224";"199,0";"Concorde";"CONCORDE";"1";"650331,6676";"6863130,2462";"16957,04417782511";"11151,301930671476";"11624,189822383154";"12781,51929313533";"14478,636380992128";"20790,792145115593";"14630,580625020468"
"327,0";"48,866167114899994";"2,32317568086";"200,0";"Concorde";"CONCORDE";"12";"650348,5931";"6863116,9028";"16808,530086299816";"11304,343686232152";"11989,331613735294";"12875,537286085055";"14533,16905876577";"21029,890353282295";"14756,800347400063"
"166,0";"48,86681836899999";"2,32208284869";"201,0";"Concorde";"CONCORDE";"8";"650269,0473";"6863190,0047";"16889,60297840997";"10285,606078187304";"11119,034204851454";"12666,522716317051";"13911,485487292939";"13173,970267924184";"13007,70362216382"
"167,0";"48,8373074946";"2,29663034323";"206,0";"Convention";"CONVENTION";"12";"648372,7098";"6859925,0172";"8032,611750668513";"7449,084956960334";"8389,41917097724";"8386,050019159828";"8675,708683937784";"9601,987582511216";"8422,477027369152"
"244,0";"48,8948364684";"2,3825223434200002";"209,0";"Corentin-Cariou";"CORENTIN CARIOU";"7";"654727,0632";"6866269,0824";"5712,924657931602";"5861,394844641685";"5962,205281294251";"6615,059272105212";"6930,097455662869";"7789,013536005063";"6478,44917460678"
"150,0";"48,8297905137";"2,3504148720099995";"212,0";"Corvisart";"CORVISART";"6";"652313,5223";"6859055,391";"8008,376131508137";"7495,826900402161";"7683,789359856865";"8299,002300155993";"8667,5736134766";"9168,619107053399";"8220,531235408858"
"234,0";"48,8792141342";"2,30352872537";"218,0";"Courcelles";"COURCELLES";"2";"648920,1378";"6864580,1642";"9292,589912536965";"10405,90727498153";"9322,58687825394";"10385,109564781096";"10924,066327666376";"11419,9269473759";"10291,6978175993"
"151,0";"48,8690911629";"2,3805425859900002";"220,0";"Couronnes";"COURONNES";"2";"654559,4536";"6863407,4921";"7334,432177689807";"6991,012366636493";"7118,3217973718265";"7922,870964179384";"8501,20233593892";"8896,52857136818";"7794,061368864102"
"313,0";"48,8333385593";"2,38663240207";"221,0";"Cour Saint-Émilion";"COUR SAINT-EMILION";"14";"654975,2848";"6859428,6327";"6992,128106995662";"7206,651855121215";"6993,679371419726";"7380,661716541571";"7978,1473218031115";"8531,26481175177";"7513,755530605508"
"75,0";"48,8907889695";"2,3773157556";"227,0";"Crimée";"CRIMEE";"7";"654341,7793";"6865822,0177";"5924,375628792824";"5769,523870747384";"6004,032775988968";"6509,107729356814";"6896,54505171816";"7433,772853801703";"6422,892985067642"
"236,0";"48,8819319987";"2,3934454564900003";"232,0";"Danube";"DANUBE";"7b";"655516,8981";"6864827,9634";"6486,997194342045";"5638,144852157214";"6028,838981601484";"7064,580268842184";"7386,168247817849";"7990,36856280433";"6765,8496845941845"
"237,0";"48,8395496456";"2,39570328944";"233,0";"Daumesnil";"DAUMESNIL";"6";"655646,4124";"6860114,1078";"6891,382021649125";"7259,869256868775";"7165,304379294504";"7761,496413163326";"8367,719459727894";"8087,581374976283";"7588,89215094665"
"8,0";"48,839445428400005";"2,39618288645";"234,0";"Daumesnil";"DAUMESNIL";"8";"655681,5241";"6860102,2506";"6907,608728513631";"7258,394478890841";"7161,213634952295";"7735,572770214697";"8309,08172785251";"8093,057093492758";"7577,488072319456"
"76,0";"48,833450858199996";"2,33174013099";"236,0";"Denfert-Rochereau";"DENFERT-ROCHEREAU";"4";"650946,0738";"6859473,8194";"8440,982577342556";"8534,60943794986";"9440,198225433125";"8026,227147105878";"8620,836324609927";"10759,586432096674";"8970,406690756336"
"315,0";"48,8342929805";"2,33285230996";"237,0";"Denfert-Rochereau";"DENFERT-ROCHEREAU";"6";"651028,503";"6859566,7636";"8478,282051160166";"8661,448296202789";"9582,19611845688";"7867,50255290123";"8491,544818251334";"11290,74651565743";"9061,953392104971"
"316,0";"48,8390411437";"2,38962001134";"244,0";"Dugommier";"DUGOMMIER";"6";"655199,4896";"6860061,0017";"6552,565649251174";"7204,31776731283";"7059,997840904126";"7660,668246739434";"8076,806334525598";"7371,465897940627";"7320,97028944563"
"317,0";"48,850434549";"2,29361243991";"245,0";"Dupleix";"DUPLEIX";"6";"648164,2594";"6861386,5825";"8987,275251164812";"8620,755615169192";"9031,01573842812";"9576,393106419693";"10233,731572846988";"10572,913011201543";"9503,680715871726"
"77,0";"48,8469891061";"2,31700523574";"246,0";"Duroc";"DUROC";"10";"649877,4993";"6860988,3813";"10719,249014210263";"9875,115960377194";"10548,05592717238";"10816,141994953723";"11475,057186657363";"12359,320310976647";"10965,490065724594"
"9,0";"48,847052554499996";"2,31642435206";"247,0";"Duroc";"DUROC";"13";"649834,9325";"6860995,805";"10673,063300478858";"9959,207380194875";"10569,149308939719";"10792,333176445078";"11514,106858054529";"12379,911860874852";"10981,295314164652"
"78,0";"48,8546821569";"2,3060974037";"248,0";"École Militaire";"ECOLE MILITAIRE";"8";"649084,5508";"6861850,7519";"10285,306147467683";"10543,625214290583";"10981,741235180718";"11823,273290106077";"12960,27176847445";"13598,351895916743";"11698,761591906043"
"153,0";"48,840663229300006";"2,3263846107900004";"250,0";"Edgar Quinet";"EDGAR QUINET";"6";"650559,8002";"6860279,0962";"9766,147971104818";"9383,682115164642";"12366,857803218387";"8616,650631011264";"10617,772940720315";"11964,274094002536";"10452,56425920366"
"318,0";"48,8471500557";"2,26913587273";"251,0";"Église d'Auteuil";"EGLISE D'AUTEUIL";"10";"646364,8036";"6861037,7277";"8050,962074443741";"8162,511417015893";"8323,972246896335";"8756,03416721424";"9180,220535018236";"10152,485058595712";"8771,030916530692"
"22,0";"48,8638074378";"2,34888065259";"273,0";"Étienne Marcel";"ETIENNE-MARCEL";"4";"652232,0865";"6862838,6691";"9563,298871838399";"10039,6156163382";"9566,407720599786";"10292,964360705091";"11014,113694751573";"11852,734862450005";"10388,189187780508"
"89,0";"48,87877036850001";"2,32226521312";"275,0";"Europe";"EUROPE";"3";"650293,8318";"6864518,8631";"11316,429713837722";"8285,4288495284";"8856,760335365812";"10768,02442005121";"10591,733420700548";"10995,703745809471";"10135,680080882194"
"170,0";"48,8429386959";"2,26003290221";"278,0";"Exelmans";"EXELMANS";"9";"645692,4042";"6860575,6926";"7770,347221836951";"7618,597686780064";"7743,014352443954";"8514,46892535029";"8990,238386070576";"9870,244004163978";"8417,818429440968"
"333,0";"48,850177861899994";"2,38409221007";"279,0";"Faidherbe Chaligny";"FAIDHERBE-CHALIGNY";"8";"654803,4286";"6861302,4487";"7802,889866147175";"8082,034738760406";"7725,474460206927";"8649,114781623744";"9379,62035986734";"9776,231265910206";"8569,227578752632"
"90,0";"48,8444701413";"2,31785278304";"280,0";"Falguière";"FALGUIERE";"12";"649937,2765";"6860707,7605";"10445,44382537155";"9643,72383535578";"9852,06936216332";"10452,97527152468";"10961,889885372117";"11913,392088784052";"10544,915711428583"
"334,0";"48,842746779799995";"2,29191241332";"282,0";"Félix Faure";"FELIX FAURE";"8";"648031,8468";"6860532,9003";"8381,868005768838";"8280,007212180766";"8608,060091633117";"8885,439647370102";"9484,499289469957";"9590,195283432708";"8871,678254975915"
"171,0";"48,863257945";"2,36666109472";"283,0";"Filles du Calvaire";"FILLES DU CALVAIRE";"8";"653535,9904";"6862766,9605";"8926,60883869773";"8711,609190185733";"8893,192788144139";"10448,10203752867";"10763,434967915116";"11838,629668428666";"9930,262915150008"
"17,0";"48,86980822020001";"2,30747079345";"293,0";"Franklin D.Roosevelt";"FRANKLIN-D.ROOSEVELT";"1";"649200,0725";"6863531,7539";"13707,445108023925";"12734,190520624328";"13139,074085769265";"14012,978765205826";"14574,894255757561";"14169,74314118324";"13723,054312760692"
"330,0";"48,868699847399995";"2,3095051573400003";"294,0";"Franklin D.Roosevelt";"FRANKLIN-D.ROOSEVELT";"9";"649348,2201";"6863407,2048";"14569,390364316458";"13125,466832186788";"14132,323718212061";"14571,132260508532";"15633,7531619419";"15040,811907383499";"14512,14637409154"
"19,0";"48,8386316462";"2,3224917498199997";"299,0";"Gaïté";"GAITE";"13";"650272,1513";"6860055,6505";"8699,251064083339";"8473,749627054503";"9146,290948225358";"8031,005781147881";"9678,594545612199";"10392,957269458951";"9070,308205930372"
"168,0";"48,8649166851";"2,39898444025";"301,0";"Gambetta";"GAMBETTA";"3";"655908,7036";"6862932,8653";"6639,7821920200695";"6851,161140498978";"7083,570553912478";"7639,99039464236";"8181,06215357759";"8503,007349752985";"7483,0956307340775"
"331,0";"48,8651634349";"2,3987465934400003";"302,0";"Gambetta";"GAMBETTA";"M3bis";"655891,4641";"6862960,4349";"6648,430549830427";"6860,185217733122";"7051,323866070745";"7623,3214923163405";"8183,89682640092";"8537,949419821176";"7484,184562028789"
"7,0";"48,842436797";"2,365184812";"311,0";"Gare d'Austerlitz";"AUSTERLITZ";"10";"653409,0746";"6860452,705";"3945,8045968025617";"8340,150647569439";"9438,907650701172";"9967,412641977384";"14530,494767903107";"10647,778319216031";"9478,424770694948"
"250,0";"48,842265386499996";"2,3653386529700002";"312,0";"Gare d'Austerlitz";"AUSTERLITZ";"5";"653420,212";"6860433,5551";"3954,1680499063837";"8284,669671796615";"9659,839628393676";"9967,545208542422";"14885,05468032065";"10801,721696251885";"9592,166489201938"
"23,0";"48,8759910648";"2,3578807719299997";"313,0";"Gare de l'Est";"GARE DE L'EST";"4";"652903,3623";"6864187,9922";"7508,480724707688";"7621,4756129912275";"7770,006614054308";"8573,359049162702";"9217,63262580756";"11209,47759141441";"8650,072036356316"
"24,0";"48,8761263529";"2,3580475053599996";"314,0";"Gare de l'Est";"GARE DE L'EST";"5";"652915,7135";"6864202,9359";"7584,749910770776";"7612,395186222441";"7703,5393852007655";"8570,743463306118";"9180,504194232988";"11226,936754714141";"8646,478149074539"
"251,0";"48,87627270350001";"2,3580579043400003";"315,0";"Gare de l'Est";"GARE DE L'EST";"7";"652916,6085";"6864219,2029";"7494,00640856229";"7593,41638018512";"7700,38536587137";"8572,83259264831";"9167,081590528003";"11212,727837497043";"8623,40836254869"
"25,0";"48,843985581999995";"2,3730142199400004";"317,0";"Gare de Lyon";"GARE DE LYON";"14";"653985,0528";"6860620,3235";"7801,54704444881";"7808,575053561274";"7749,8858917700345";"7926,331094784317";"8805,076775800284";"9557,460217297847";"8274,812679610428"
"173,0";"48,879551284399994";"2,3569951640099998";"318,0";"Gare du Nord";"GARE DU NORD";"4";"652841,632";"6864584,3939";"6933,545586278061";"7235,900354381495";"7400,2787325288455";"8160,055499809182";"8501,253224488853";"9700,746331218448";"7988,629954784147"
"335,0";"48,8798501425";"2,3574593465900002";"319,0";"Gare du Nord";"GARE DU NORD";"5";"652875,9451";"6864617,3479";"6905,415165659906";"6973,357065091919";"7410,6244009152715";"8009,519390693656";"8413,451157782358";"9665,610695128424";"7896,329645878588"
"87,0";"48,8720238095";"2,30056045125";"329,0";"George-V";"GEORGE V";"1";"648695,3653";"6863782,5778";"13681,629834097097";"12554,888686238279";"11817,881163149916";"11729,925268616174";"11542,53648727241";"13349,05608995592";"12445,986254888301"
"329,0";"48,831129548";"2,34351165775";"331,0";"Glacière";"GLACIERE";"6";"651808,0022";"6859208,4674";"7788,4037208497375";"7819,65861276341";"7910,288404912616";"8440,853726067713";"8985,76800332454";"9684,022081918209";"8438,165758306037"
"246,0";"48,869957512700005";"2,37109483973";"332,0";"Goncourt (Hôpital Saint-Louis)";"GONCOURT (HOPITAL SAINT-LOUIS)";"11";"653867,1922";"6863509,3023";"7535,281643325566";"7642,1306652255935";"7727,818064595644";"8618,119226862478";"8661,24600642459";"9259,563162211021";"8240,693128107483"
"248,0";"48,892828853400005";"2,3274284585";"342,0";"Guy Môquet";"GUY MOQUET";"13";"650685,8186";"6866078,8433";"7086,262975905607";"6979,397074169549";"7082,252007779238";"7856,540117998907";"8652,952530295266";"9683,046983920483";"7890,075281678175"
"249,0";"48,8735133896";"2,32754308036";"344,0";"Havre-Caumartin";"HAVRE-CAUMARTIN";"3";"650675,9316";"6863931,0147";"11415,899183595322";"8075,947405793502";"9049,110137271056";"10760,501995156203";"13349,3102613857";"9271,49297350618";"10320,376992784662"
"332,0";"48,8737134067";"2,32769540963";"345,0";"Havre-Caumartin";"HAVRE-CAUMARTIN";"9";"650687,2939";"6863953,16";"11709,097413651558";"8082,812682114365";"9046,838875201473";"10728,807347433501";"13500,214008818102";"9252,273377669073";"10386,67395081468"
"88,0";"48,8912285932";"2,4023521425400003";"348,0";"Hoche";"HOCHE";"5";"656177,9025";"6865856,7161";"4954,208754208754";"4619,515756456294";"4800,799570162737";"4745,224070282338";"4313,783055058297";"5148,5059138465085";"4763,672853335821"
"20,0";"48,8574779825";"2,35157756299";"352,0";"Hôtel de Ville";"HOTEL DE VILLE";"1";"652424,1554";"6862133,2583";"10621,64357178385";"10211,624255497878";"9609,825026179455";"12833,978442264304";"13119,9524536662";"13460,920964336392";"11642,990785621347"
"169,0";"48,8574518326";"2,35100846139";"353,0";"Hôtel de Ville";"HOTEL DE VILLE";"11";"652382,3765";"6862130,6937";"10642,571255848085";"10169,510777489531";"9508,469231958325";"12630,600476980859";"13131,957508781727";"13467,947769181412";"11591,842836706657"
"336,0";"48,8647940658";"2,2941620181099998";"359,0";"Iéna";"IENA";"9";"648218,8598";"6862982,8662";"9511,915811265811";"9693,071375131298";"9867,567356095637";"10717,020077268104";"12033,47525594069";"13122,577603620137";"10824,271246553613"
"253,0";"48,862364704099996";"2,31390957779";"362,0";"Invalides";"INVALIDES";"13";"649665,1809";"6862699,9731";"12418,18026984013";"12041,573133832295";"11935,357455743824";"12929,89357655978";"15260,231630628816";"14165,556211667345";"13125,132046378698"
"254,0";"48,862325329099995";"2,31513843219";"363,0";"Invalides";"INVALIDES";"8";"649755,2952";"6862694,8123";"13232,957720214476";"12441,216836489835";"12247,886129994456";"13850,133726166088";"15599,859122810989";"15453,293538422357";"13804,2245123497"
"174,0";"48,87080998";"2,36102746692";"370,0";"Jacques Bonsergent";"JACQUES BONSERGENT";"5";"653129,4916";"6863610,0193";"8212,621215225407";"8067,357604955722";"8332,925600666496";"9353,069663102684";"8960,834543451727";"10314,352368587102";"8873,526832664857"
"27,0";"48,85250409060001";"2,2681767494400003";"372,0";"Jasmin";"JASMIN";"9";"646299,9369";"6861633,6924";"8700,573518556577";"8600,800130155283";"8761,164238713985";"9127,08546501617";"9977,708546349611";"10870,698711688137";"9339,671768413295"
"91,0";"48,8814985959";"2,3702621266599997";"373,0";"Jaurès";"JAURES";"2";"653816,3452";"6864793,0814";"6828,265605052926";"6843,07999187435";"7608,70275537199";"7548,948115233771";"7972,459684826679";"8262,325367214991";"7510,630253262451"
"337,0";"48,883147451400006";"2,3710014407499997";"374,0";"Jaurès";"JAURES";"5";"653872,0243";"6864975,9922";"6583,748973250879";"6624,598760587808";"7597,323618640189";"7267,8495454572";"7838,17614157397";"7967,635912942476";"7313,222158742086"
"92,0";"48,8824652456";"2,3701579617400004";"375,0";"Jaurès";"JAURES";"7b";"653809,5635";"6864900,628";"6703,241952402294";"6646,713349865483";"7487,469658218183";"7297,8823752252265";"7883,718321410794";"8101,664455640802";"7353,4483521271295"
"28,0";"48,8461236669";"2,27771173983";"377,0";"Javel-André CitroÃ«n";"JAVEL";"10";"646993,0906";"6860917,8132";"7891,167624316819";"7713,719200289309";"8167,576440605743";"8556,367741509126";"8982,12237060203";"9523,63874195314";"8472,432019879361"
"93,0";"48,875111817";"2,38941503204";"379,0";"Jourdain";"JOURDAIN";"11";"655215,4591";"6864071,8789";"6891,2412547286";"5758,396623914662";"6742,725081341141";"7680,083887599046";"8057,10608109473";"8588,662042382199";"7286,369161843395"
"94,0";"48,892439590500004";"2,3446570041299997";"382,0";"Jules Joffrin";"JULES JOFFRIN";"12";"651948,6586";"6866024,9374";"6941,181672449922";"6817,657243384456";"7239,162468914266";"8007,300547853758";"8540,763300884482";"9098,380170965054";"7774,074234075323"
"255,0";"48,84615112310001";"2,3549179837";"383,0";"Jussieu";"JUSSIEU";"10";"652658,953";"6860871,807999999";"13578,065770279069";"10079,746539069361";"10558,117790629702";"11053,3660850446";"11607,207343455233";"11740,79934338851";"11436,217145311079"
"175,0";"48,8459506666";"2,35505026306";"384,0";"Jussieu";"JUSSIEU";"7";"652668,4784";"6860849,4399";"13618,546023935984";"10017,62227801918";"10431,483237679353";"10988,892480921886";"11388,2281133589";"11505,556513457166";"11325,054774562079"
"29,0";"48,871649769099996";"2,29352429034";"389,0";"Kléber";"KLEBER";"6";"648178,897";"6863745,5821";"10706,946006381118";"9155,41922567958";"10279,488653543342";"11231,064311404476";"11317,792974072085";"11868,532902955394";"10759,874012339335"
"176,0";"48,884398795200006";"2,36049131853";"409,0";"La Chapelle";"LA CHAPELLE";"2";"653102,402";"6865121,3253";"6257,059733068161";"6354,482754361165";"7428,759171412289";"6722,599662285925";"7533,338299081891";"8396,701461228893";"7115,490180239721"
"182,0";"48,887183946899995";"2,3257796748099997";"416,0";"La Fourche";"LA FOURCHE";"13";"650559,5701";"6865452,1927";"8030,824954003927";"7433,597346266527";"7794,2339132981";"8540,097937198538";"9088,37778118699";"9441,723609399842";"8388,142590225654"
"185,0";"48,8896740712";"2,3387606491999997";"419,0";"Lamarck-Caulaincourt";"LAMARCK-CAULAINCOURT";"12";"651513,7584";"6865721,0309";"7972,210049367496";"8032,836624160251";"8214,12379187481";"9259,636879981283";"9337,647913906836";"10307,524900707323";"8853,996693333002"
"101,0";"48,8493505536";"2,29830140173";"420,0";"La Motte Picquet-Grenelle";"LA MOTTE-PICQUET-GRENELLE";"10";"648507,262";"6861262,9852";"8954,73259603912";"8853,774522193322";"9130,279681182503";"9860,252051068335";"10322,706078231398";"11195,292986841781";"9719,50631925941"
"183,0";"48,8487416657";"2,2989309117500003";"421,0";"La Motte Picquet-Grenelle";"LA MOTTE-PICQUET-GRENELLE";"6";"648552,855";"6861194,8727";"8868,766206786757";"8797,121106787925";"9136,941578043235";"9798,13910886626";"10188,442826420845";"11195,86753868649";"9664,21306093192"
"342,0";"48,8493505536";"2,29830140173";"422,0";"La Motte Picquet-Grenelle";"LA MOTTE-PICQUET-GRENELLE";"8";"648507,262";"6861262,9852";"8954,73259603912";"8853,774522193322";"9130,279681182503";"9860,252051068335";"10322,706078231398";"11195,292986841781";"9719,50631925941"
"184,0";"48,858046056300005";"2,2741546310900005";"423,0";"La Muette";"LA MUETTE";"9";"646744,2368";"6862245,8558";"9236,46200586808";"8912,665842773638";"9666,462671034098";"9707,115699677432";"10162,099696202189";"11091,09907466055";"9795,984165035998"
"262,0";"48,8577254129";"2,31056596095";"425,0";"La Tour Maubourg";"LA TOUR MAUBOURG";"8";"649415,3796";"6862186,2617";"10885,492374945563";"10646,147794344824";"11226,619611428623";"11878,180215080787";"13381,815636565856";"13751,958312620653";"11961,702324164384"
"186,0";"48,8852161821";"2,37966307748";"426,0";"Laumière";"LAUMIERE";"5";"654509,0245";"6865200,9983";"6656,362279459013";"6109,338345120128";"6249,5880884875805";"7404,660094506477";"7526,600491309685";"8352,474991677193";"7049,837381760012"
"264,0";"48,8512711264";"2,3761187733400004";"441,0";"Ledru Rollin";"LEDRU-ROLLIN";"8";"654219,2941";"6861428,6032";"8461,914656769664";"8621,667180272783";"8027,203428705044";"9915,106918667901";"10045,723669281571";"10164,874261036384";"9206,081685788891"
"263,0";"48,8748743434";"2,34019988439";"443,0";"Le Peletier";"LE PELETIER";"7";"651605,5387";"6864074,5114";"9075,318725017212";"8492,91229427422";"8775,241777741532";"9519,997978050895";"11677,530952486837";"14139,67814117928";"10280,113311458328"
"343,0";"48,8358634842";"2,35258892564";"459,0";"Les Gobelins";"LES GOBELINS";"7";"652478,6539";"6859729,3272";"8362,56020445165";"8489,021153670852";"8783,825320211674";"9343,641359425874";"9738,683502808179";"10586,062326702891";"9217,29897787852"
"344,0";"48,8623162787";"2,34567382822";"460,0";"Les Halles";"LES HALLES";"4";"651995,4564";"6862674,8091";"9514,17638328332";"10186,648568947056";"9919,76243530452";"10681,908187579922";"11251,716708760792";"11799,054753465547";"10558,877839556859"
"102,0";"48,8796347607";"2,32702220089";"467,0";"Liège";"LIEGE";"13";"650643,5277";"6864611,9937";"9562,303303867047";"8364,544364156187";"8500,464238467493";"10397,219687073182";"10497,082846973812";"10376,82047758183";"9616,405819686592"
"34,0";"48,88128581189999";"2,36554431917";"476,0";"Louis Blanc";"LOUIS BLANC";"7";"653470,1684";"6864772,1908";"6622,236728105924";"6784,383338898629";"7533,154461136963";"7405,928369070077";"8299,177018239227";"8392,352142352025";"7506,2053429671405"
"103,0";"48,881404732200004";"2,36521878185";"477,0";"Louis Blanc";"LOUIS BLANC";"7b";"653446,4009";"6864785,6059";"6595,840440944974";"6768,035051332336";"7559,123131819124";"7377,756386043213";"8258,042135062453";"8357,153480839108";"7485,9917710068685"
"189,0";"48,8887060198";"2,2880836330500003";"478,0";"Louise Michel";"LOUISE MICHEL";"3";"647796,9264";"6865645,6998";"7517,856906335678";"7388,545940545317";"7963,429597904142";"8719,187101144973";"9338,2397361734";"9732,827499647696";"8443,347796958535"
"190,0";"48,838960939399996";"2,28270002724";"479,0";"Lourmel";"LOURMEL";"8";"647351,9234";"6860118,0595";"8018,582698700276";"7970,120709094554";"8104,152984421263";"8489,8932262679";"7938,82396024722";"8258,834805525441";"8130,068064042775"
"265,0";"48,8608062913";"2,34110859163";"481,0";"Louvre-Rivoli";"LOUVRE-RIVOLI";"1";"651659,1352";"6862509,6962";"9777,556116339092";"10736,053306216547";"11235,540749072725";"13305,843642188493";"13025,937697816928";"12002,907921902144";"11680,639905589322"
"104,0";"48,8530167679";"2,3355020530900004";"486,0";"Mabillon";"MABILLON";"10";"651240,5212";"6861647,0174";"12769,093208988652";"12398,13456131975";"11799,66701796134";"14146,969834409594";"15137,602314224061";"15387,159715530555";"13606,437775405657"
"191,0";"48,8700997328";"2,32516410954";"487,0";"Madeleine";"MADELEINE";"12";"650498,1966";"6863552,9304";"12544,59576244704";"8478,32094752987";"10132,212680266352";"11717,590444095265";"15605,4430816352";"11994,950904013862";"11745,518969997931"
"346,0";"48,8706670209";"2,32575263529";"488,0";"Madeleine";"MADELEINE";"14";"650541,9048";"6863615,6397";"13106,789524298496";"8499,37793346595";"10095,135810451186";"11657,235603322591";"15589,062266894793";"11845,52258829432";"11798,853954454555"
"347,0";"48,869633173000004";"2,32627227403";"489,0";"Madeleine";"MADELEINE";"8";"650579,0401";"6863500,3584";"12772,047683366878";"8929,953763860443";"10375,164581527304";"11623,476755039384";"15302,687803405403";"16774,448520822178";"12629,629851336933"
"270,0";"48,8224378346";"2,35847388385";"497,0";"Maison Blanche";"MAISON BLANCHE";"7";"652898,4845";"6858233,0223";"6640,796108304884";"6918,676012403644";"6906,150882592115";"7342,9466782546315";"7574,108952212928";"8116,545433888221";"7249,870677942737"
"338,0";"48,8828919175";"2,30905226455";"506,0";"Malesherbes";"MALESHERBES";"3";"649328,8075";"6864985,5498";"8636,015922608032";"8555,473632879071";"8785,597773417263";"10055,56779801128";"10374,09185200004";"10583,997399387696";"9498,457396383898"
"257,0";"48,852725119300004";"2,4060891618799998";"509,0";"MaraÃ®chers";"MARAICHERS";"9";"656419,7092";"6861573,3159";"5585,5846286928545";"6284,933795736318";"6851,553753573504";"7518,13810970301";"7490,637057137288";"8203,271021359615";"6989,019727700431"
"98,0";"48,891465000299995";"2,34981545185";"510,0";"Marcadet-Poissonniers";"MARCADET-POISSONNIERS";"12";"652325,9876";"6865913,4413";"6644,297176782156";"6390,641110638025";"6885,419342309372";"7580,160018942182";"8239,800981733453";"8721,550180787433";"7410,3114685321025"
"31,0";"48,8914168342";"2,3497384070200003";"511,0";"Marcadet-Poissonniers";"MARCADET-POISSONNIERS";"4";"652320,2944";"6865908,132";"6648,451535841774";"6389,6885872493085";"6905,31853468536";"7583,642486241894";"8261,878939500804";"8732,926350135958";"7420,317738942517"
"178,0";"48,890485453800004";"2,3599957664099995";"519,0";"Marx Dormoy";"MARX DORMOY";"12";"653071,5478";"6865798,4225";"5923,483459519847";"5848,468393764642";"6403,250265632831";"6533,244129314518";"6580,398794539591";"7822,938155433396";"6518,630533034137"
"179,0";"48,8501273238";"2,34805429048";"525,0";"Maubert-Mutualité";"MAUBERT-MUTUALITE";"10";"652158,9045";"6861318,0602";"11500,117711145753";"10919,276103098913";"11017,530071832647";"12652,0163306674";"12913,866733564351";"14575,253049838488";"12263,010000024593"
"180,0";"48,8668000351";"2,3833832504599997";"533,0";"Ménilmontant";"MENILMONTANT";"2";"654765,838";"6863151,1043";"7476,203385071626";"7159,5228331572935";"7340,676426830713";"8040,257326105086";"8187,781797467572";"8839,388037402885";"7840,6383010058635"
"181,0";"48,847934807899996";"2,26421877705";"542,0";"Michel Ange-Auteuil";"MICHEL-ANGE-AUTEUIL";"10";"646004,7811";"6861128,3349";"8415,288153442934";"8547,37329016637";"7951,0259452921255";"9504,718528661875";"9781,813536009233";"10543,946660084028";"9124,027685609428"
"258,0";"48,8478956502";"2,26408203075";"543,0";"Michel Ange-Auteuil";"MICHEL-ANGE-AUTEUIL";"9";"645994,7057";"6861124,0745";"8393,25669634771";"8538,306475622041";"7909,64055177455";"9560,250337174728";"9762,799775915515";"10538,697472477428";"9117,158551551995"
"32,0";"48,8452475655";"2,2616234924";"544,0";"Michel Ange-Molitor";"MICHEL-ANGE-MOLITOR";"10";"645811,5379";"6860831,3205";"7814,492773497329";"7898,334897117269";"7627,345033978488";"9303,995827678396";"9368,53776067525";"10219,278132210015";"8705,330737526125"
"259,0";"48,84505817229999";"2,26174512496";"545,0";"Michel Ange-Molitor";"MICHEL-ANGE-MOLITOR";"9";"645820,2672";"6860810,1786";"7823,867116051008";"7860,298690216143";"7626,434235970852";"9216,77272784481";"9356,744296486175";"10180,206944862028";"8677,387335238504"
"340,0";"48,837117006999996";"2,40233316592";"546,0";"Michel Bizot";"MICHEL BIZOT";"8";"656130,969";"6859839,9191";"7215,162584188254";"7416,957040176452";"7268,892077735133";"7792,987610672553";"8140,118761889516";"8076,803536106011";"7651,82026846132"
"33,0";"48,847131008199995";"2,27276375332";"547,0";"Mirabeau";"MIRABEAU";"10";"646631,0122";"6861033,1517";"8090,419493558888";"8003,730171777371";"8156,188734577798";"8702,777215870152";"9374,608983617301";"10050,34590567254";"8729,678417512341"
"260,0";"48,8737699887";"2,31445603619";"548,0";"Miromesnil";"MIROMESNIL";"13";"649716,2811";"6863967,801";"11929,636482156422";"9496,219763116755";"9617,658772737954";"12893,000475274588";"11127,245825097847";"13356,721610085877";"11403,413821411574"
"99,0";"48,87370952770001";"2,31460632162";"549,0";"Miromesnil";"MIROMESNIL";"9";"649727,2457";"6863960,9825";"11839,182674735132";"9447,614057985693";"9604,487196118462";"12722,502430099032";"11076,249023322474";"13317,308963482003";"11334,557390957132"
"261,0";"48,880449456099996";"2,3094511679900003";"552,0";"Monceau";"MONCEAU";"2";"649355,6855";"6864713,7086";"9408,28557174177";"8945,44842640501";"9136,505606560899";"10111,91576861161";"10909,55217057471";"11078,663560321373";"9931,728517369229"
"100,0";"48,8444086721";"2,39007511282";"555,0";"Montgallet";"MONTGALLET";"8";"655237,5024";"6860657,5602";"7700,53016677089";"7644,263970421255";"7641,374869101036";"8289,99917311856";"8336,091638345331";"8012,733543610487";"7937,498893561259"
"26,0";"48,8437354893";"2,32435304116";"562,0";"Montparnasse BienvenÃ¼e";"MONTPARNASSE";"12";"650413,6192";"6860621,9732";"10061,910914293327";"9760,915566440664";"10083,313001380195";"11065,538329962385";"11342,188239625022";"12812,51720947167";"10854,397210195544"
"252,0";"48,84232743770001";"2,32098483563";"563,0";"Montparnasse-BienvenÃ¼e";"MONTPARNASSE";"13";"650165,0831";"6860467,533";"9931,186098195922";"8984,347789700916";"9538,102821876471";"8483,475915454455";"10317,96881970709";"11548,894996061621";"9800,662740166079"
"95,0";"48,8437813048";"2,3243970124";"564,0";"Montparnasse-BienvenÃ¼e";"MONTPARNASSE";"4";"650416,8898";"6860627,0398";"10072,42131402509";"9797,275864105783";"10106,834904083955";"11067,327984838046";"11345,304367534343";"12835,629621391578";"10870,7990093298"
"96,0";"48,8421022072";"2,3212785627400003";"565,0";"Montparnasse-BienvenÃ¼e";"MONTPARNASSE";"6";"650186,4248";"6860442,3044";"9873,459511776806";"8905,08267490192";"9533,6430346321";"8462,154589416492";"10303,87895656191";"11558,38449582561";"9772,76721051914"
"358,0";"48,8311126604";"2,32970501262";"573,0";"Mouton-Duvernet";"MOUTON-DUVERNET";"4";"650794,4816";"6859215,1047";"8464,159122582048";"8145,290222335968";"7789,786890731572";"8345,434152087006";"8780,572567659414";"10322,014454276985";"8641,209568278833"
"200,0";"48,8475793675";"2,39555451217";"583,0";"Nation";"NATION";"1";"655642,3274";"6861007,0198";"7748,097243721612";"7630,245605108667";"7656,859952015569";"8224,821780774497";"8978,876640221682";"9302,229581382015";"8256,855133870673"
"352,0";"48,848474286000005";"2,3950623054299998";"584,0";"Nation";"NATION";"2";"655606,9695";"6861106,8032";"7700,375344640212";"7633,7220439497905";"7617,150148781137";"8290,807793603659";"8946,73555036333";"9251,580876221618";"8240,061959593291"
"37,0";"48,8473748787";"2,3954619948299998";"585,0";"Nation";"NATION";"6";"655635,364";"6860984,3345";"7735,9314388472";"7623,698616601717";"7639,091734955175";"8204,712187322542";"9003,703569635101";"9327,913983096974";"8255,841921743118"
"353,0";"48,848944645100005";"2,3958794351900004";"586,0";"Nation";"NATION";"9";"655667,3331";"6861158,6438";"7647,865667180701";"7535,295985692396";"7593,38768945597";"8190,752612095253";"8923,223728786166";"9286,693013547705";"8196,203116126366"
"354,0";"48,833216719700005";"2,36285639952";"587,0";"Nationale";"NATIONALE";"6";"653229,9171";"6859428,9054";"7216,527552061826";"7204,258132313856";"7715,016646658204";"7751,039411374648";"7400,024356061449";"8477,83306676796";"7627,449860872991"
"274,0";"48,8760262116";"2,33788648907";"600,0";"Notre-Dame-de-Lorette";"NOTRE-DAME-DE-LORETTE";"12";"651436,9357";"6864204,0114";"9273,073784672528";"8593,847880411306";"8566,986505944136";"9630,32077089102";"11707,713019034258";"13193,01401313342";"10160,82599568111"
"359,0";"48,8449426325";"2,3287780269";"601,0";"Notre-Dame-des-Champs";"NOTRE-DAME-DES-CHAMPS";"12";"650739,5063";"6860753,4255";"10658,431090981574";"10619,03145852757";"10449,351285322158";"11610,275450513947";"12173,200043196206";"13153,202588842145";"11443,915319563936"
"41,0";"48,8646578796";"2,36841002566";"602,0";"Oberkampf";"OBERKAMPF";"5";"653665,5406";"6862921,5946";"8468,253251318127";"8323,614816032188";"8381,138937633837";"9939,694157442515";"9360,061535930687";"11047,484542122758";"9253,37454008002"
"107,0";"48,864727620699995";"2,36849638711";"603,0";"Oberkampf";"OBERKAMPF";"9";"653671,9381";"6862929,2986";"8456,85967699741";"8312,64695724617";"8308,040342351262";"9930,946687177628";"9301,429365735516";"11021,76389052542";"9221,94782000557"
"360,0";"48,8521672611";"2,33964633593";"604,0";"Odéon";"ODEON";"10";"651543,823";"6861550,009";"12197,762922131027";"11803,838742770537";"11595,4206561068";"13730,577722422368";"13749,469764268739";"15237,44934673706";"13052,419859072756"
"275,0";"48,852300763100004";"2,33972778159";"605,0";"Odéon";"ODEON";"4";"651549,9234";"6861564,8032";"12280,571757187705";"11891,686526863294";"11714,24270764869";"13727,236929969733";"13758,246696255022";"15235,131098950256";"13101,18595281245"
"206,0";"48,8709917839";"2,3319895226800003";"606,0";"Opéra";"OPERA";"3";"650999,694";"6863647,8625";"11103,50960878487";"9281,303387921786";"9627,661788303898";"10284,218914359855";"13509,193858364075";"12450,894375057864";"11042,796988798726"
"108,0";"48,8704867033";"2,33240740643";"607,0";"Opéra";"OPERA";"7";"651029,8713";"6863591,4421";"10956,808279701938";"9031,322604621027";"9780,605994565874";"10451,834398087529";"13432,6957861505";"15419,987283502183";"11512,209057771508"
"276,0";"48,870641732299994";"2,3321385995900004";"608,0";"Opéra";"OPERA";"8";"651010,2997";"6863608,8469";"10897,070490917115";"9245,294213540332";"9701,680690027655";"10337,66506688614";"13633,516527793901";"15479,40500592391";"11549,105332514844"
"193,0";"48,887134869099995";"2,3869600171400003";"614,0";"Ourcq";"OURCQ";"5";"655045,7743";"6865410,1669";"6536,899220546555";"6199,016628025993";"5965,629833977531";"7105,33446579745";"7390,981627209416";"8120,400710125913";"6886,377080947143"
"194,0";"48,8623480308";"2,33649646231";"618,0";"Palais Royal-Musée du Louvre";"PALAIS ROYAL-MUSEE DU LOUVRE";"1";"651322,2057";"6862683,9581";"10314,116706770743";"10761,65792317343";"10544,689202950283";"13276,160292429982";"13611,01535446385";"14939,906096613166";"12241,257596066911"
"195,0";"48,8628296728";"2,3368783976";"619,0";"Palais Royal-Musée du Louvre";"PALAIS ROYAL-MUSEE DU LOUVRE";"7";"651350,6754";"6862737,2773";"10238,954144665513";"11557,85327350743";"10593,161635949416";"12798,831892150338";"13296,146102339952";"14631,071017191442";"12186,003010967348"
"271,0";"48,8652537861";"2,37458197";"625,0";"Parmentier";"PARMENTIER";"3";"654118,8397";"6862984,2509";"7762,580845175051";"7528,5237049476145";"7825,2993638845";"8957,785301781105";"9582,828743063947";"9585,209504437737";"8540,371243881658"
"196,0";"48,857448691";"2,28581244413";"626,0";"Passy";"PASSY";"6";"647598,9541";"6862171,635";"9374,901290175108";"8818,853009771801";"9758,891691726652";"10153,829857135206";"11267,811757191774";"11451,817325877988";"10137,684155313089"
"197,0";"48,842871275";"2,31244751307";"628,0";"Pasteur";"PASTEUR";"12";"649539,0462";"6860533,4239";"8802,62149943168";"8624,39210306231";"8994,766050938155";"9133,840683177767";"9289,206408621267";"10395,486188885692";"9206,718822352812"
"105,0";"48,84267682";"2,31281277347";"629,0";"Pasteur";"PASTEUR";"6";"649565,6646";"6860511,5692";"8795,717478290699";"8627,35540492213";"8970,733252015447";"9105,078990907316";"9289,536618250613";"10337,902843779526";"9187,720764694288"
"198,0";"48,8684401633";"2,4015617127400004";"630,0";"Pelleport";"PELLEPORT";"M3bis";"656100,7414";"6863323,2148";"6540,595145062488";"6607,139184590384";"6668,63432286002";"7227,773477666871";"7903,59406734839";"8592,376103080607";"7256,685383434793"
"36,0";"48,884896255200005";"2,29772434648";"631,0";"Pereire-Levallois";"PEREIRE-LEVALLOIS";"3";"648500,0697";"6865215,7477";"8583,523101826704";"8258,099951653176";"8480,13531117173";"9580,251969570749";"10380,769306228904";"9795,139566453494";"9179,653201150793"
"350,0";"48,8626540191";"2,38760728815";"633,0";"Père Lachaise";"PERE LACHAISE";"2";"655072,126";"6862687,687000001";"7606,9166508152";"7399,706530725098";"7729,893827857383";"8646,058115340345";"8245,88892616573";"8772,053512992929";"8066,7529273161135"
"351,0";"48,8631232146";"2,38588244933";"634,0";"Père Lachaise";"PERE LACHAISE";"3";"654945,9924";"6862740,8407";"7561,454326266932";"7518,674466930752";"7755,000173069809";"8440,595026707628";"8440,53426097212";"9030,389173327085";"8124,441237879055"
"199,0";"48,833936392700004";"2,3180782854900004";"636,0";"Pernéty";"PERNETY";"13";"649943,7106";"6859536,3792";"8108,876837430405";"7922,142931292552";"8151,313486204316";"8755,498446845608";"8970,388968807749";"9969,72155355412";"8646,323704022458"
"201,0";"48,8584665494";"2,3897298523500003";"640,0";"Philippe Auguste";"PHILIPPE AUGUSTE";"2";"655224,2451";"6862220,8679";"7466,374341754526";"7312,850114936289";"7734,631666153942";"8649,769649647946";"9039,458150068316";"9561,362836601726";"8294,074459860458"
"202,0";"48,8450615799";"2,4012890198299996";"641,0";"Picpus";"PICPUS";"6";"656061,0276";"6860723,8589";"7605,717480777608";"7541,830929281814";"7776,072083956523";"8022,149471756933";"8933,726708821388";"9220,31240234707";"8183,301512823557"
"355,0";"48,882519385600006";"2,33708168251";"646,0";"Pigalle";"PIGALLE";"12";"651383,9697";"6864926,5046";"8805,67229868185";"8298,436652058475";"8657,89586462522";"9649,113325195507";"10058,432721146231";"10316,107603391387";"9297,609744183112"
"272,0";"48,8823901507";"2,33729479057";"647,0";"Pigalle";"PIGALLE";"2";"651399,4773";"6864912,0033";"8764,459857483866";"8298,643505594644";"8673,23379670102";"9623,817313655029";"10886,755003889624";"11479,687910681885";"9621,099564667677"
"39,0";"48,883804528";"2,32724341195";"648,0";"Place de Clichy";"PLACE DE CLICHY";"13";"650663,7014";"6865075,5065";"8403,946162475793";"7764,748910849292";"8508,401495398708";"9374,964035603369";"9425,413031064056";"10576,597784039883";"9009,011903238517"
"356,0";"48,8836149922";"2,32783955611";"649,0";"Place de Clichy";"PLACE DE CLICHY";"2";"650707,2389";"6865054,058999999";"8298,989148961551";"7794,280600182417";"8499,081052905083";"9659,022682984127";"9520,782621115104";"10584,558309546825";"9059,452402615852"
"204,0";"48,8768063892";"2,3930560933200002";"650,0";"Place des FÃªtes";"PLACE DES FETES";"11";"655483,9629";"6864258,2457";"6745,342731507742";"5465,228327209745";"6579,234620455191";"7463,672591526646";"7755,2809634254945";"8257,358425656514";"7044,352943296889"
"357,0";"48,876949848100004";"2,39298396482";"651,0";"Place des FÃªtes";"PLACE DES FETES";"7b";"655478,7954";"6864274,2381";"6733,726512814941";"5455,045210848509";"6579,620307468468";"7500,034508331347";"7921,564061246509";"8281,409822300302";"7078,566737168346"
"273,0";"48,830972673000005";"2,35558027408";"652,0";"Place d'Italie";"PLACE D'ITALIE";"5";"652693,7822";"6859183,7267";"7911,64597391403";"7548,433012501281";"7963,492775967612";"8259,121482621034";"8226,580179218425";"8780,602324410653";"8114,979291438839"
"40,0";"48,830927241000005";"2,3561219388";"653,0";"Place d'Italie";"PLACE D'ITALIE";"6";"652733,5032";"6859178,3508";"7811,894763600363";"7510,624883331883";"7900,319863602611";"7959,299411921753";"8160,7998415257425";"8718,613921141525";"8010,25878085398"
"205,0";"48,831433631";"2,35564364302";"654,0";"Place d'Italie";"PLACE D'ITALIE";"7";"652698,8522";"6859234,9421";"7946,567586399489";"7599,803769665387";"7929,3324516691955";"8185,398987226017";"8108,221253691919";"8840,105330064154";"8101,57156311936"
"106,0";"48,8428668307";"2,35222472818";"655,0";"Place Monge (Jardin des Plantes)";"PLACE MONGE (JARDIN DES PLANTES)";"7";"652458,3099";"6860508,2454";"12533,526598415356";"9718,34538454832";"10193,804109282495";"10578,06463156462";"11404,206943325158";"11173,655726509212";"10933,600565607529"
"109,0";"48,8318256496";"2,31412232347";"656,0";"Plaisance";"PLAISANCE";"13";"649651,2929";"6859304,204";"7815,410983332483";"7657,7036957136625";"8155,343444456798";"8006,907683058102";"8667,072095699741";"9897,930742972356";"8366,728107538856"
"277,0";"48,8772363191";"2,34929390248";"659,0";"Poissonnière";"POISSONNIERE";"7";"652274,7082";"6864331,6119";"7913,7585739783435";"7881,851612621169";"8218,51104665098";"8979,103375683375";"9750,56541827437";"10324,476104761872";"8844,711021995017"
"278,0";"48,8535754725";"2,35716257162";"673,0";"Pont Marie (Cité des Arts)";"PONT-MARIE (CITE DES ARTS)";"7";"652830,3951";"6861695,9829";"11289,42808274534";"11041,430192065676";"11415,957849719003";"12056,419704844173";"15113,682563693195";"14501,404910602976";"12569,720550611726"
"361,0";"48,858553826400005";"2,34223275937";"674,0";"Pont Neuf (La Monnaie)";"PONT-NEUF (LA MONNAIE)";"7";"651739,5237";"6862258,5537";"9989,81247845626";"11107,670652472827";"10725,931914193648";"12404,43324721915";"13357,170511863109";"12235,61246792057";"11636,771878687594"
"279,0";"48,871466578100005";"2,2770830170500003";"682,0";"Porte Dauphine";"PORTE DAUPHINE";"2";"646972,7506";"6863736,1283";"9331,877171335595";"9613,950794060338";"9618,509787914687";"10244,27408250457";"10990,54169258817";"11828,951194625392";"10271,35078717146"
"362,0";"48,84797154060001";"2,25774468038";"683,0";"Porte d'Auteuil";"PORTE D'AUTEUIL";"10";"645529,7326";"6861136,8657";"8352,368959756455";"8503,385066434575";"7442,174224450643";"10071,468840358579";"9846,066935695691";"10476,65098631885";"9115,352502169133"
"110,0";"48,8646003734";"2,40803103708";"684,0";"Porte de Bagnolet";"PORTE DE BAGNOLET";"3";"656572,0977";"6862892,6803";"6644,305810741867";"6822,689159174877";"7054,0038250920525";"7283,55231088596";"7786,577322288811";"8466,291957136087";"7342,903397553276"
"280,0";"48,8857931052";"2,2925823141";"685,0";"Porte de Champerret";"PORTE DE CHAMPERRET";"3";"648123,8929";"6865318,8375";"8348,353891583327";"8139,97541823236";"8643,393970207726";"9196,834713418752";"10084,301289932224";"10364,963525774678";"9129,637134858178"
"44,0";"48,8331629295";"2,4014480542200003";"686,0";"Porte de Charenton";"PORTE DE CHARENTON";"8";"656062,6699";"6859400,7586";"7095,359295469372";"7014,295676854423";"7125,861849001389";"7585,334658638213";"8124,625463482795";"7844,386976725213";"7464,977320028567"
"281,0";"48,819876221";"2,36453195175";"687,0";"Porte de Choisy";"PORTE DE CHOISY";"7";"653340,9723";"6857944,6053";"6034,318478005454";"6164,792682190013";"6393,94766644195";"6431,2366557561";"6420,344340768136";"7208,730615274821";"6442,22840640608"
"138,0";"48,894252262200006";"2,31377215877";"689,0";"Porte de Clichy";"PORTE DE CLICHY";"13";"649685,9141";"6866245,7339";"7725,21479780622";"6763,602417000043";"7473,628490145436";"8097,144594860391";"10376,117009177495";"9385,829775045766";"8303,589514005891"
"139,0";"48,8974022229";"2,34484774875";"690,0";"Porte de Clignancourt";"PORTE DE CLIGNANCOURT";"4";"651967,2227";"6866576,6415";"6833,231970897431";"6561,274408272659";"6611,468593066325";"7653,031896254485";"8238,64816220303";"8504,176832704372";"7400,305310566383"
"382,0";"48,8972452881";"2,35950786882";"691,0";"Porte de la Chapelle";"PORTE DE LA CHAPELLE";"12";"653041,8705";"6866550,3731";"5605,887325394938";"5693,428382912866";"5975,12609244829";"6290,520727087608";"5489,659105766535";"7148,091613346842";"6033,785541159513"
"363,0";"48,8973898907";"2,3855083876800003";"692,0";"Porte de la Villette";"PORTE DE LA VILLETTE";"7";"654948,2026";"6866551,3039";"5396,72739171752";"5671,4070300041585";"6055,566704914199";"6672,933075124443";"7044,9009381978185";"8654,127092038461";"6582,610371999434"
"364,0";"48,853543916099994";"2,41062642574";"693,0";"Porte de Montreuil";"PORTE DE MONTREUIL";"9";"656753,3202";"6861661,8646";"5811,4907532693";"6024,085069053789";"6430,997754376435";"7497,068018327067";"6998,4672104122465";"7786,822756357111";"6758,155260299325"
"50,0";"48,8885036879";"2,3921136977599997";"694,0";"Porte de Pantin";"PORTE DE PANTIN";"5";"655424,858";"6865559,4508";"6450,868983411536";"6390,246707963628";"6275,91611076749";"6571,5717068997055";"7375,489685783365";"7687,271457062161";"6791,894108647982"
"117,0";"48,8379612135";"2,25712222985";"695,0";"Porte de Saint-Cloud";"PORTE DE SAINT-CLOUD";"9";"645473,5838";"6860024,2597";"7632,070315081653";"7714,94956057942";"7458,317598137855";"8232,98714522501";"8596,290246739189";"9545,791908995301";"8196,734462459737"
"211,0";"48,8973747955";"2,32894281278";"696,0";"Porte de Saint-Ouen";"PORTE DE SAINT-OUEN";"13";"650801,1471";"6866583,3841";"6716,688833077615";"6414,178611473974";"6906,664755918089";"7705,282206317018";"7893,93386491608";"9373,790244051423";"7501,756419292366"
"214,0";"48,8771748193";"2,406480157";"697,0";"Porte des Lilas";"PORTE DES LILAS";"11";"656468,8342";"6864291,7286";"5960,135726327205";"5996,307084891026";"5693,897083516972";"6450,568861217993";"7004,631509966387";"7660,203078480051";"6460,957224066606"
"119,0";"48,877110511800005";"2,4067292455400002";"698,0";"Porte des Lilas";"PORTE DES LILAS";"M3bis";"656487,0493";"6864284,4407";"5963,118509045984";"5998,224460740643";"5693,897083516972";"6451,027880112368";"7008,221321595586";"7664,665086357583";"6463,192390228189"
"212,0";"48,8277955435";"2,30553466965";"700,0";"Porte de Vanves";"PORTE DE VANVES";"13";"649016,968";"6858861,6144";"6927,236672577822";"6770,990151669482";"7630,536864236101";"7753,243044833459";"7981,643454149851";"8603,586827257419";"7611,206169120688"
"118,0";"48,832449099099996";"2,2880221411000004";"701,0";"Porte de Versailles";"PORTE DE VERSAILLES";"12";"647736,0144";"6859390,482999999";"7047,045017686372";"6570,9868575759965";"7880,120021062218";"7944,690364520158";"7526,122674690487";"7872,606070980644";"7473,595167752646"
"213,0";"48,847158479399994";"2,4101403679700004";"702,0";"Porte de Vincennes";"PORTE DE VINCENNES";"1";"656712,3513";"6860952,126";"7108,538864875431";"6937,188011284234";"7408,15753766622";"7511,865692689525";"8592,707871956422";"8032,15890275726";"7598,436146871515"
"369,0";"48,8192233496";"2,35970521675";"703,0";"Porte d'Italie";"PORTE D'ITALIE";"7";"652985,99";"6857874,877";"6402,915864362034";"6550,90347955708";"6923,646342755934";"7077,001494376317";"7098,867438018016";"7542,313126739433";"6932,607957634802"
"370,0";"48,8213557838";"2,36929058735";"704,0";"Porte d'Ivry";"PORTE D'IVRY";"7";"653691,6801";"6858106,3134";"5561,2428631808525";"6298,292456709061";"17492,980337788384";"6599,288391658693";"6752,646217905289";"7476,1242448369985";"8363,429085346546"
"51,0";"48,834785158100004";"2,40538321063";"705,0";"Porte Dorée";"PORTE DOREE";"8";"656352,887";"6859578,9511";"7095,071115011639";"7167,083996834294";"7126,315844062054";"7667,61728769437";"8045,15288091698";"7933,277286845413";"7505,753068560792"
"371,0";"48,823411629";"2,32557563621";"706,0";"Porte d'Orléans";"PORTE D'ORLEANS";"4";"650484,043";"6858361,4233";"7998,520810449861";"7232,134214806244";"7985,39561237249";"8777,248544073362";"8735,658335820865";"8808,957950138038";"8256,319244610144"
"53,0";"48,879995794399996";"2,3989466624599998";"709,0";"Pré Saint-Gervais";"PRE SAINT-GERVAIS";"7b";"655918,6953";"6864609,5836";"5923,307649675722";"5799,4431422711195";"5888,879691979915";"6496,387287059537";"6885,7057133031985";"7355,3254164709215";"6391,508150126735"
"120,0";"48,8659067396";"2,33418954197";"714,0";"Pyramides";"PYRAMIDES";"14";"651156,2996";"6863081,082";"10868,438510114487";"11997,992328320046";"10346,368947146975";"12732,371065389696";"13530,768017154951";"16287,725114480862";"12627,277330434503"
"121,0";"48,8659809205";"2,33433072438";"715,0";"Pyramides";"PYRAMIDES";"7";"651166,726";"6863089,243";"10851,753616987362";"11927,714257790387";"10326,245633658831";"12740,800234700331";"13476,273034167205";"16246,086402085015";"12594,812196564855"
"122,0";"48,8738818542";"2,3853162151";"716,0";"Pyrénées";"PYRENEES";"11";"654913,7648";"6863937,4476";"6720,745021222159";"5913,147564378282";"6456,557883206218";"7529,00215571823";"7964,168122667061";"8542,905804918702";"7187,754425351774"
"286,0";"48,8370451192";"2,37282572183";"717,0";"Quai de la Gare";"QUAI DE LA GARE";"6";"653965,0895";"6859848,723999999";"5952,511080629371";"7014,922175768107";"8568,15662234279";"8116,343205991586";"8149,221255300459";"8105,151073198399";"7651,050902205119"
"123,0";"48,8465154042";"2,36587346941";"718,0";"Quai de la Rapée";"QUAI DE LA RAPEE";"5";"653463,2581";"6860905,8001";"8853,924564433206";"8373,176012826834";"7968,636099692689";"8098,693908695843";"9303,25961285009";"10527,548184007028";"8854,206397084281"
"215,0";"48,869585243500005";"2,33621884752";"719,0";"Quatre Septembre";"QUATRE SEPTEMBRE";"3";"651308,6039";"6863488,8496";"10282,957004975586";"10865,618996088553";"9642,911928745694";"10761,640602233723";"12914,711024543243";"15609,444932305103";"11679,547414815317"
"287,0";"48,861204990299996";"2,3534957401299996";"721,0";"Rambuteau";"RAMBUTEAU";"11";"652568,2852";"6862546,5161";"10075,292005079496";"9670,319433877568";"9597,981410926932";"11889,582244872696";"11838,880238564238";"12884,321952733084";"10992,729547675668"
"288,0";"48,8554850504";"2,27010913894";"722,0";"Ranelagh";"RANELAGH";"9";"646444,7925";"6861963,8329";"9029,941564506027";"8729,190803983596";"9050,662478623453";"9474,740969738486";"10298,539324967478";"10846,857182660282";"9571,655387413222"
"216,0";"48,8389642807";"2,33075419209";"723,0";"Raspail";"RASPAIL";"4";"650878,8981";"6860087,4642";"9480,569739683331";"9595,258230067782";"12162,384432006695";"9445,162692643918";"9443,44222283872";"12073,550171741193";"10366,727914830275"
"372,0";"48,8389642807";"2,33075419209";"724,0";"Raspail";"RASPAIL";"6";"650878,8981";"6860087,4642";"9480,569739683331";"9595,258230067782";"12162,384432006695";"9445,162692643918";"9443,44222283872";"12073,550171741193";"10366,727914830275"
"373,0";"48,866340299300006";"2,35206831805";"725,0";"Réaumur Sébastopol";"REAUMUR-SEBASTOPOL";"3";"652468,2482";"6863118,3797";"9238,731698044205";"9298,288350443116";"9304,952411703054";"9714,586742519828";"10403,214217621087";"11464,769522474739";"9904,09049046767"
"289,0";"48,8660696891";"2,35245974411";"726,0";"Réaumur Sébastopol";"REAUMUR-SEBASTOPOL";"4";"652496,7155";"6863088,0544";"9241,41056932314";"9240,53327292358";"9342,865995896731";"9744,471971966965";"10424,949215161874";"11773,366766196874";"9961,266298578195"
"54,0";"48,848457848500004";"2,32778212715";"728,0";"Rennes";"RENNES";"12";"650669,7472";"6861144,9041";"11059,170473560742";"11596,439026367192";"11979,747815521774";"12405,654002439509";"13598,485301113358";"15002,778892714347";"12607,045918619486"
"374,0";"48,8675034238";"2,36382614398";"729,0";"République";"REPUBLIQUE";"11";"653331,8161";"6863240,6969";"8637,140365231427";"8445,444029739714";"8755,044561578758";"9494,801516707717";"9489,174442865047";"10232,922003632488";"9175,75448662586"
"55,0";"48,867026787600004";"2,36424799375";"730,0";"République";"REPUBLIQUE";"3";"653362,3346";"6863187,4493";"8702,06612404211";"8523,157759826276";"8935,083295566506";"9625,309843673058";"9579,440136763902";"10381,214457790458";"9291,045269610384"
"56,0";"48,8673844729";"2,36426495043";"731,0";"République";"REPUBLIQUE";"5";"653363,8987";"6863227,2112";"8701,715891898313";"8475,074208148792";"8703,539346272897";"9483,410582913531";"9524,787233376772";"10176,933833342966";"9177,576849325545"
"124,0";"48,867158725299994";"2,3639578365";"732,0";"République";"REPUBLIQUE";"8";"653341,1678";"6863202,2912";"8713,451618610701";"8516,4445532001";"8770,653150288443";"9572,01971918547";"9542,336372288171";"10349,432634856275";"9244,05634140486"
"217,0";"48,867111638599994";"2,36423494565";"733,0";"République";"REPUBLIQUE";"9";"653361,4534";"6863196,8918";"8711,468257998527";"8505,239862873172";"8797,861708199167";"9588,03930854299";"9557,070962855389";"10350,806570372602";"9251,747778473642"
"290,0";"48,8473037861";"2,38634170635";"734,0";"Reuilly-Diderot";"REUILLY-DIDEROT";"1";"654966,0143";"6860981,5925";"7869,892441380454";"7689,368783019702";"7694,454572034211";"8481,341370542375";"8814,92884901175";"8795,994516701274";"8224,33008878163"
"291,0";"48,8471287213";"2,38702524211";"735,0";"Reuilly Diderot";"REUILLY-DIDEROT";"8";"655016,0242";"6860961,7373";"7799,7817583323385";"7691,8971216143555";"7666,156189992165";"8437,591474996874";"8824,856137654773";"8682,782058495794";"8183,844123514384"
"52,0";"48,859873624399995";"2,37191398009";"736,0";"Richard Lenoir";"RICHARD LENOIR";"5";"653918,3594";"6862387,573";"8535,753742736517";"7877,934901840265";"8270,078117259336";"9926,7938839461";"10205,63068077155";"10570,422766500298";"9231,102348842343"
"125,0";"48,8717866021";"2,33903054672";"737,0";"Richelieu-Drouot";"RICHELIEU-DROUOT";"8";"651516,8991";"6863731,8941";"10094,619229485541";"9916,788148463134";"8985,321454255854";"9789,70082504722";"10664,719952858517";"14276,213060534177";"10621,227111774075"
"126,0";"48,872152352600004";"2,33911503927";"738,0";"Richelieu-Drouot";"RICHELIEU-DROUOT";"9";"651523,437";"6863772,511";"10047,557868090908";"9801,25306980735";"8930,982901668747";"9748,45000214002";"10522,83110997973";"13926,763114401252";"10496,306344348"
"375,0";"48,888267617";"2,3742040120400003";"739,0";"Riquet";"RIQUET";"7";"654111,394";"6865543,4601";"6003,497971624574";"5794,664859888303";"6235,375193133664";"6672,368090613046";"7168,32335815552";"7686,635388430478";"6593,477476974264"
"218,0";"48,8822269008";"2,32127492677";"746,0";"Rome";"ROME";"2";"650224,5081";"6864903,8302";"8856,77585653048";"8247,70496953026";"8736,360660211636";"9817,882717561099";"9787,924698260174";"10826,532155812438";"9378,863509651013"
"293,0";"48,8639744458";"2,27811255845";"751,0";"Rue de la Pompe (Av. G. Mandel)";"RUE DE LA POMPE (AVENUE GEORGES MANDEL)";"9";"647040,6510000001";"6862902,3761";"9682,268758115702";"9369,253192698143";"9827,108845520544";"10362,755524111";"11190,277811331876";"11840,245819278693";"10378,651658509329"
"376,0";"48,855550940200004";"2,32571242217";"752,0";"Rue du Bac";"RUE DU BAC";"12";"650524,6020000001";"6861934,8835";"12961,21044715722";"12799,377689781644";"13795,485634813918";"14990,34131736318";"17155,976434844477";"16537,29886537176";"14706,6150648887"
"294,0";"48,8714977394";"2,34315477308";"754,0";"Grands Boulevards (Rue Montmartre)";"GRANDS BOULEVARDS (RUE MONTMARTRE)";"8";"651819,1431";"6863697,2503";"8877,49109090031";"9734,163265592486";"9156,56630873364";"9617,105516165719";"10907,374602382775";"12926,289637601";"10203,165070229321"
"377,0";"48,8714977394";"2,34315477308";"755,0";"Grands Boulevards (Rue Montmartre)";"GRANDS BOULEVARDS (RUE MONTMARTRE)";"9";"651819,1431";"6863697,2503";"8877,49109090031";"9734,163265592486";"9156,56630873364";"9617,105516165719";"10907,374602382775";"12926,289637601";"10203,165070229321"
"127,0";"48,8610192599";"2,3747334312799997";"758,0";"Saint-Ambroise";"SAINT-AMBROISE";"9";"654126,2223";"6862513,3167";"7989,523835960917";"7575,364689624862";"8141,430629448368";"9119,027733137706";"9713,909182904401";"9908,393351710256";"8741,27490379775"
"295,0";"48,8745583847";"2,3213619281";"759,0";"Saint-Augustin";"SAINT-AUGUSTIN";"9";"650223,5598";"6864051,0893";"13372,043351766257";"8382,07482808612";"9261,881221353115";"10647,584833597237";"11069,024141333792";"12740,362230446339";"10912,161767763808"
"58,0";"48,8721014421";"2,40451494238";"764,0";"Saint-Fargeau";"SAINT-FARGEAU";"M3bis";"656320,4457";"6863728,6864";"6196,199222357369";"6025,440146431856";"6057,122737898516";"6929,946192157847";"7639,01912705748";"8102,490600365254";"6825,036337711387"
"128,0";"48,8514417056";"2,3144081215";"765,0";"Saint-François-Xavier";"SAINT-FRANCOIS-XAVIER";"13";"649691,21";"6861485,1179";"10946,543651398228";"10929,055331824593";"11739,890157102807";"11758,9146099471";"13330,825377174468";"13948,715643748365";"12108,990795199259"
"59,0";"48,8784252576";"2,33759508282";"766,0";"Saint-Georges";"SAINT-GEORGES";"12";"651417,8007";"6864470,9482";"9015,455693907803";"8560,731751175195";"8528,25625526016";"9703,6570187825";"11097,587006136311";"11670,552822958038";"9762,706758036667"
"297,0";"48,85371893399999";"2,33377613686";"767,0";"Saint-Germain-des-Prés";"SAINT-GERMAIN-DES-PRES";"4";"651114,5388";"6861726,1589";"12398,238215821451";"12699,185688988722";"11922,525927218692";"14205,646629327666";"15522,861811405812";"15644,615268949217";"13732,178923618594"
"298,0";"48,83290081649999";"2,3371351906099997";"768,0";"Saint-Jacques";"SAINT-JACQUES";"6";"651341,5779";"6859409,3229";"8323,044185704057";"8433,51640353498";"7007,992237334686";"8646,469236654419";"9456,319457565713";"10128,774263877924";"8666,019297445297"
"177,0";"48,8754537705";"2,32678520026";"769,0";"Saint-Lazare";"SAINT-LAZARE";"12";"650622,1827";"6864147,2447";"12598,144227892451";"7892,461058206162";"8413,30423280147";"11521,922131639358";"12681,80027243722";"9438,5482979603";"10424,363370156161"
"85,0";"48,875354957700004";"2,3248182850599997";"770,0";"Saint-Lazare";"SAINT-LAZARE";"13";"650477,8263";"6864137,4892";"12371,263720931565";"8319,20513239994";"8687,207349160752";"10489,4935278756";"12480,383618468559";"9534,455979310023";"10313,668221357739"
"86,0";"48,875006398100005";"2,32457481029";"771,0";"Saint-Lazare";"SAINT-LAZARE";"3";"650459,6372";"6864098,8846";"12366,931018001118";"8426,88503923796";"8784,419453850409";"10650,343450624798";"12506,17016730418";"10078,647370085495";"10468,899416517328"
"219,0";"48,838427296999996";"2,3609671677";"773,0";"Saint-Marcel";"SAINT-MARCEL";"5";"653095,9282";"6860009,3865";"5497,118962383232";"8556,690059442355";"9121,884767027717";"9190,155349187005";"11107,408315041544";"10303,770399472234";"8962,837975425682"
"129,0";"48,8640865748";"2,38079798618";"774,0";"Saint-Maur";"SAINT-MAUR";"3";"654573,8244";"6862850,872";"7683,069293141539";"7295,589305567713";"7714,3407432948525";"8512,648961535819";"8674,53021538359";"9037,982379201838";"8153,026816354224"
"220,0";"48,8531679849";"2,34328597892";"776,0";"Saint-Michel";"SAINT-MICHEL";"4";"651811,8161";"6861659,0529";"12181,503200392593";"11302,56672695632";"11581,367862787174";"13302,963872276647";"13414,372982224311";"14211,045397546697";"12665,63667369729"
"111,0";"48,8552362528";"2,36095648866";"777,0";"Saint-Paul (le Marais)";"SAINT-PAUL (LE MARAIS)";"1";"653110,2705";"6861878,3873";"10944,803550577346";"10428,421584258896";"12581,633944286234";"9934,6103591753";"13889,656211570871";"13934,844117404506";"11952,328294545523"
"365,0";"48,8724223837";"2,31003834462";"778,0";"Saint-Philippe du Roule";"SAINT-PHILIPPE-DU-ROULE";"9";"649390,9483";"6863820,7798";"10746,77708784312";"11471,988930800595";"10871,993694090957";"13642,176255252129";"12059,66836525155";"13030,531495368063";"11970,522638101067"
"112,0";"48,846878238";"2,32679278504";"779,0";"Saint-Placide";"SAINT-PLACIDE";"4";"650595,6493";"6860969,8856";"10857,352147455249";"10948,89560491394";"11094,288818110535";"11716,539862973712";"12659,421306533197";"13906,876609036539";"11863,895724837195"
"45,0";"48,861168865500005";"2,36721086641";"780,0";"Saint-Sébastien-Froissart";"SAINT-SEBASTIEN FROISSART";"8";"653574,4612";"6862534,3482";"9136,59742615001";"8729,467624719553";"9032,293359095276";"9353,854263316978";"10911,623662618467";"11465,915014589527";"9771,625225081634"
"282,0";"48,85167224560001";"2,33125629137";"781,0";"Saint-Sulpice";"SAINT-SULPICE";"4";"650927,7173";"6861500,1493";"12181,673970702723";"12378,384879397374";"12240,653628041864";"13953,591835471108";"15320,38396823244";"15335,069367936518";"13568,292941630338"
"283,0";"48,847066133199995";"2,30740224062";"791,0";"Ségur";"SEGUR";"10";"649172,8635";"6861003,0844";"9118,190013442703";"9024,706732432878";"9273,112720446416";"9727,352903276578";"9701,667959351738";"11440,163108738368";"9714,198906281446"
"113,0";"48,867309475";"2,3475162132799996";"792,0";"Sentier";"SENTIER";"3";"652135,2075";"6863228,8943";"9393,28220759109";"10083,310251755925";"9546,771450534343";"9843,060733347716";"10994,98793434816";"11660,632735963432";"10253,674218923445"
"114,0";"48,8511923493";"2,32648847397";"798,0";"Sèvres-Babylone";"SEVRES-BABYLONE";"10";"650577,4091";"6861449,762999999";"11717,476594457738";"12011,598768574504";"12612,206596932174";"13342,971327305575";"15018,792948373757";"14860,439880316268";"13260,581019326668"
"284,0";"48,8517620525";"2,3268225689";"799,0";"Sèvres-Babylone";"SEVRES-BABYLONE";"12";"650602,4646";"6861512,8995";"11626,700928022";"12028,279627128823";"12559,471980302578";"13788,857830220439";"15532,044531542957";"14868,900350331405";"13400,709207924701"
"46,0";"48,8456269667";"2,3095314901";"800,0";"Sèvres-Lecourbe";"SEVRES-LECOURBE";"6";"649327,7178";"6860841,6954";"9185,810235857221";"9012,892029642748";"9120,536048012096";"9679,877185447938";"9914,897083391988";"11293,354207403976";"9701,22779829266"
"115,0";"48,893941388";"2,34776550172";"802,0";"Simplon";"SIMPLON";"4";"652177,9554";"6866190,0425";"6812,135556187984";"6451,996450972997";"7014,767217808551";"7806,678150700168";"8366,673062615302";"8959,968671633891";"7568,7031849864825"
"208,0";"48,858511129899995";"2,3231548558400004";"803,0";"Solférino";"SOLFERINO";"12";"650339,7683";"6862265,6354";"13317,10988351995";"13180,840379358653";"13535,705281294955";"14980,968979465935";"16781,311611293888";"16425,346833567513";"14703,547161416815"
"366,0";"48,8842789443";"2,3658813581700002";"808,0";"Stalingrad";"STALINGRAD";"2";"653497,5585";"6865104,8108";"6491,906473511514";"6544,53156490282";"7495,439424146317";"7195,890731504773";"8036,6411748886985";"8723,47719420705";"7414,647760526862"
"209,0";"48,8844208864";"2,36589381994";"809,0";"Stalingrad";"STALINGRAD";"5";"653498,5991";"6865120,5866";"6453,935865952279";"6525,37063291118";"7469,51155461938";"7195,289651009363";"8003,518533205874";"8698,578230392543";"7391,034078015103"
"367,0";"48,8843851454";"2,36939198436";"810,0";"Stalingrad";"STALINGRAD";"7";"653755,0955";"6865114,557999999";"6419,707077740369";"6608,985644380817";"7450,094858656917";"7282,960071060697";"7791,758864393509";"7971,511601453828";"7254,169686281023"
"210,0";"48,8694907745";"2,35439176839";"836,0";"Strasbourg-Saint-Denis";"STRASBOURG-SAINT-DENIS";"4";"652641,5551";"6863467,2926";"8590,718138179825";"8359,316449965734";"8703,399551011371";"9063,229569551293";"10200,357050210581";"11160,177527033005";"9346,199714325301"
"47,0";"48,8692241717";"2,3546037907";"837,0";"Strasbourg-Saint-Denis";"STRASBOURG-SAINT-DENIS";"8";"652656,8653";"6863437,5212";"8626,212342903835";"8388,594163557713";"8772,286488185304";"9134,132342712988";"10196,572750490945";"11181,620826717046";"9383,236485761305"
"285,0";"48,8692241717";"2,3546037907";"838,0";"Strasbourg-Saint-Denis";"STRASBOURG-SAINT-DENIS";"9";"652656,8653";"6863437,5212";"8626,212342903835";"8388,594163557713";"8772,286488185304";"9134,132342712988";"10196,572750490945";"11181,620826717046";"9383,236485761305"
"48,0";"48,8512376804";"2,361985141";"842,0";"Sully-Morland";"SULLY-MORLAND";"7";"653182,1536";"6861433,1715";"10874,623935115558";"10392,314752526767";"12121,218875653341";"11375,081597548296";"14141,603408423041";"13440,001903583754";"12057,47407880846"
"49,0";"48,8754744567";"2,3988675939";"848,0";"Télégraphe";"TELEGRAPHE";"11";"655909,0691";"6864106,8825";"6262,238714761699";"6024,561354001049";"6031,509116713732";"6785,866557249545";"7299,941624775932";"7897,9916745940245";"6717,0181736826635"
"116,0";"48,86668268020001";"2,3615415320700004";"849,0";"Temple";"TEMPLE";"3";"653163,4882";"6863150,7891";"8847,561241525927";"8724,260431577111";"9234,960986549595";"9972,4916907794";"9437,688326578625";"11418,414592574512";"9605,896211597528"
"368,0";"48,877972701400004";"2,29831037512";"850,0";"Ternes";"TERNES";"2";"648536,2024";"6864445,5141";"9509,412302209128";"9912,470730148016";"9144,85416222559";"10138,885945011967";"10517,217708724003";"10877,475625385789";"10016,719412284083"
"380,0";"48,8264260109";"2,35724565076";"855,0";"Tolbiac";"TOLBIAC";"7";"652811,918";"6858677,1935";"7363,217158994797";"7229,1019999306845";"7350,651366387635";"7850,0731994277985";"8096,899517805639";"8665,8381229529";"7759,296894249909"
"303,0";"48,87631796229999";"2,3325430273";"861,0";"Trinité d'Estienne d'Orves";"TRINITE-D'ESTIENNE D'ORVES";"12";"651045,3002";"6864239,7516";"9883,703828306916";"8693,391594099745";"8525,007633218907";"10965,426685527587";"12857,093911553728";"13225,50515483216";"10691,688134589838"
"224,0";"48,8636109376";"2,28758016253";"862,0";"Trocadéro";"TROCADERO";"6";"647734,8329";"6862855,649";"9566,670261207186";"9093,323764995217";"9698,216805044647";"10514,26832457483";"11540,899495035175";"11894,496019712351";"10384,645778428236"
"133,0";"48,863065020200004";"2,28624317069";"863,0";"Trocadéro";"TROCADERO";"9";"647636,2013";"6862795,8336";"9540,829010509491";"9126,223716433604";"9597,854711201406";"10456,82802700509";"11780,091438801212";"11784,049089239643";"10380,979332198407"
"225,0";"48,8643437787";"2,33012987711";"864,0";"Tuileries";"TUILERIES";"1";"650857,0163";"6862909,8123";"12642,67025444045";"11086,16530728815";"10929,068899354608";"13561,541450293378";"14461,204126224235";"17379,00937527661";"13343,276568812906"
"130,0";"48,8488163725";"2,3212578629099996";"871,0";"Vaneau";"VANEAU";"10";"650191,3229";"6861188,8641";"10862,14286953277";"10548,666105212846";"11299,144112390264";"11562,395926564994";"12376,492424248692";"13203,40472155888";"11642,04102658474"
"221,0";"48,8568713792";"2,31505663732";"873,0";"Varenne";"VARENNE";"13";"649744,034";"6862088,4335";"11079,645751219368";"11771,764212917496";"12907,564016607388";"13037,990270002425";"15871,238748605036";"15781,512002089157";"13408,285833573478"
"60,0";"48,8395165854";"2,30110751488";"877,0";"Vaugirard (Adolphe Chériou)";"VAUGIRARD (ADOLPHE CHERIOU)";"12";"648703,4994";"6860167,7255";"8268,960345077689";"8019,365831972821";"8523,264902051622";"8617,00493492859";"9112,85179924736";"9654,067457908732";"8699,252545197802"
"222,0";"48,842218413599994";"2,32900892624";"879,0";"Vavin";"VAVIN";"4";"650753,8774";"6860450,3764";"9978,25473201087";"10014,83449106553";"12055,503425007333";"11202,520458980056";"11509,74329645735";"13123,495521275048";"11314,0586541327"
"134,0";"48,869798556499994";"2,28533509469";"892,0";"Victor Hugo";"VICTOR HUGO";"2";"647576,3599";"6863545,1478";"9798,79339888708";"9220,44875796482";"9521,651572501842";"10020,690981157806";"11187,847684420303";"11834,460099689813";"10263,982082436944"
"226,0";"48,8811500285";"2,31517662622";"907,0";"Villiers";"VILLIERS";"2";"649776,2512";"6864787,9506";"8727,673816840203";"8568,659203231546";"8793,08374025981";"9870,656943779199";"10169,664835639129";"11485,616207849109";"9602,559124599833"
"227,0";"48,8811500285";"2,31517662622";"908,0";"Villiers";"VILLIERS";"3";"649776,2512";"6864787,9506";"8727,673816840203";"8568,659203231546";"8793,08374025981";"9870,656943779199";"10169,664835639129";"11485,616207849109";"9602,559124599833"
"379,0";"48,8415055224";"2,3079486793400004";"919,0";"Volontaires";"VOLONTAIRES";"12";"649207,5446";"6860384,4512";"8254,198285346827";"8211,59388152137";"8651,926079000017";"8725,595271787275";"9208,252074612625";"9788,056368464233";"8806,603660122058"
"300,0";"48,85745372270001";"2,38071878586";"920,0";"Voltaire (Léon Blum)";"VOLTAIRE (LEON BLUM)";"9";"654562,2299";"6862113,3974";"7738,138844095204";"7677,77031801453";"8103,716292245907";"8752,055458782965";"9206,174566933423";"9858,801325358838";"8556,10946757181"
"301,0";"48,8838092012";"2,30467444053";"923,0";"Wagram";"WAGRAM";"3";"649008,6628";"6865090,3639";"8756,848691304382";"8474,9152088377";"8599,652863127943";"9658,109094956517";"10393,937052481144";"10300,088828539774";"9363,925289874578"
"172,0";"48,84602764939999";"2,37496291887";"962,0";"Gare de Lyon";"GARE DE LYON";"1";"654129,8636";"6860846,2479";"8217,708508965634";"8000,852201131643";"7907,7742494414415";"8479,41496847783";"9112,101321306096";"9634,884255605431";"8558,789250821346"
"302,0";"48,875764593999996";"2,3242560326499997";"1000,0";"Saint-Lazare";"SAINT-LAZARE";"14";"650436,9779";"6864183,3906";"12053,878950637976";"8306,41582331229";"8712,99541899508";"11636,94102256166";"12327,720613727237";"9950,523348130298";"10498,079196227425"
"131,0";"48,827270836000004";"2,3680326477599998";"1006,0";"Olympiades";"OLYMPIADES";"14";"653604,5847";"6858764,7361";"6676,63467655539";"6693,585241393498";"7219,733896707785";"7738,275170756354";"7676,577055836023";"8896,260977998558";"7483,511169874601"
"137,0";"48,8186764099";"2,3197403133";"1134,0";"Mairie de Montrouge";"MAIRIE DE MONTROUGE";"4";"650051,0907";"6857838,6019";"7454,545454545454";"6800,428963839332";"7636,842105263158";"7196,796885041063";"7961,895395344354";"8181,818181818182";"7538,721164308591"
"";"";"";"";"";"";"";"";"";"inf";"inf";"inf";"inf";"inf";"inf";"inf"
