"x";"y";"Station";"prix_moyen_2014";"prix_moyen_2015";"prix_moyen_2016";"prix_moyen_2017";"prix_moyen_2018";"prix_moyen_2019";"prix_moyen_global";"Correspondance_1";"Correspondance_2";"Correspondance_3";"Correspondance_4";"Correspondance_5";"Trafic";"nb_lignes"
"651449,5655";"6865156,6779";"ABBESSES";"8823,400533614002";"8396,294456437705";"8698,653977766566";"9700,390568476409";"9718,953540921502";"10275,917464488972";"9268,935090284192";"12";"";"";"";"";"2349588";"1"
"650605,2307";"6858891,5557";"ALESIA";"8233,708774346067";"7621,697309530041";"8385,730472127483";"8835,265676380077";"9273,257480307082";"9545,248610721805";"8649,151387235426";"4";"";"";"";"";"4764374";"1"
"655576,9894";"6861985,8376";"ALEXANDRE DUMAS";"6518,825607286036";"7079,9276709802625";"7600,026900219532";"8104,872312705775";"8708,511856352017";"8880,11969788524";"7815,380674238143";"2";"";"";"";"";"3439879";"1"
"648719,8026";"6862975,3829";"ALMA-MARCEAU";"14084,08056384316";"12446,753241530048";"11765,649865145351";"12581,83387266802";"14089,133907395726";"14855,34575758121";"13303,79953469392";"9";"";"";"";"";"4382709";"1"
"651901,2249";"6864961,0235";"ANVERS";"8163,498685240672";"8098,707837667731";"8375,94766148322";"9029,785145618665";"9599,681802329285";"9844,622001909129";"8852,040522374784";"2";"";"";"";"";"5643147";"1"
"647874,6513";"6864186,9211";"ARGENTINE";"8514,643254893488";"9074,97093930732";"9279,624711226947";"10018,881689769347";"10629,908294786012";"11030,550464418939";"9758,09655906701";"1";"";"";"";"";"3026210";"1"
"652809,6586";"6863017,0982";"ARTS ET METIERS";"9351,467675520309";"9152,451663639858";"9303,831987125726";"10172,589040496374";"10830,071665033713";"11853,796120569907";"10110,701358730981";"3";"11";"";"";"";"4011632";"2"
"650183,7135";"6862520,0466";"ASSEMBLEE NATIONALE";"14057,448259931045";"13421,277229766727";"14219,57551742511";"15323,737496444346";"16307,682068404569";"17918,738193808615";"15208,0764609634";"12";"";"";"";"";"1063551";"1"
"653414,6433000001";"6860443,13005";"AUSTERLITZ";"3949,986323354473";"8312,410159683026";"9549,373639547424";"9967,478925259904";"14707,774724111878";"10724,750007733957";"9535,295629948443";"5";"10";"";"";"";"9887549";"2"
"648293,5441";"6861005,6876";"AVENUE EMILE ZOLA";"8627,734455143633";"8544,420328015076";"8966,56786857363";"9433,653769933917";"10006,881844345582";"10470,939106129637";"9341,699562023578";"10";"";"";"";"";"1479759";"1"
"655847,3058";"6861442,5619";"AVRON";"7231,331814971478";"7235,139584990697";"7298,630488025919";"7982,629640096263";"8432,798010003955";"8883,063732564751";"7843,93221177551";"2";"";"";"";"";"1871024";"1"
"647015,7484";"6859784,1873";"BALARD";"7300,917855916347";"7514,323775311276";"7502,450115784054";"8459,436517547456";"8389,91272543719";"9162,058214656394";"8054,849867442121";"8";"";"";"";"";"5626040";"1"
"652346,5444";"6865040,9004999995";"BARBES-ROCHECHOUART";"7127,7926538674365";"7016,085765220882";"7224,671063157584";"7824,710953425204";"8595,229509175424";"9400,685686239794";"7864,862605181055";"2";"4";"";"";"";"7974496";"2"
"653712,5270666666";"6861638,065533333";"BASTILLE";"9781,200010114086";"8887,657126732365";"10654,225382439063";"10632,228072475677";"11698,05487965089";"12729,050859656525";"10730,402721844766";"1";"5";"8";"";"";"13151192";"3"
"656030,6977";"6860310,0664";"BEL-AIR";"7005,708656208932";"7308,271224563837";"7322,534287801897";"7868,415254392318";"8534,869229985934";"8724,634052371735";"7794,072117554108";"6";"";"";"";"";"2247926";"1"
"654276,3874";"6863742,0173";"BELLEVILLE";"6923,931124341732";"6814,508396454224";"6682,1453598626595";"7846,305561367934";"8616,83267195676";"9057,702539340247";"7656,904275553926";"2";"11";"";"";"";"10735544";"2"
"654474,80165";"6860194,9617";"BERCY";"7103,208531003479";"7315,673834978854";"7764,634113500213";"7758,353869080582";"7963,844617718198";"8733,994291147275";"7773,2848762381";"6";"14";"";"";"";"6311543";"2"
"654173,3908";"6859062,6022";"BIBLIOTHEQUE FRANCOIS MITTERRAND";"7207,02206453215";"6809,203879111855";"7972,762178122598";"8191,278404076886";"8010,3855852696615";"9005,045010685148";"7865,949520299716";"14";"";"";"";"";"19754334";"1"
"647853,8595";"6861779,4605";"BIR-HAKEIM (GRENELLE)";"8902,219124066838";"8523,56182793593";"8606,557803290743";"9293,414602968913";"10278,846410012653";"10418,85479886492";"9337,242427856667";"6";"";"";"";"";"6903648";"1"
"651007,2769";"6865089,7195";"BLANCHE";"8575,137016351877";"8064,74950361973";"8585,580506564436";"9681,306990227387";"9423,575622327431";"10092,95722143073";"9070,551143420264";"2";"";"";"";"";"3893362";"1"
"647920,0418";"6863228,9678";"BOISSIERE";"9929,47956755473";"9108,59762477765";"9654,360503342701";"10105,406826788721";"11675,90245067216";"12357,184203140094";"10471,821862712677";"6";"";"";"";"";"1919511";"1"
"654100,662";"6864715,5006";"BOLIVAR";"6672,119449200319";"6899,250635759267";"6979,553148756643";"7754,962195034048";"7967,898259332779";"8244,055751493539";"7419,639906596099";"7bis";"";"";"";"";"546780";"1"
"652356,5489";"6863544,515";"BONNE NOUVELLE";"8726,154419855498";"8640,987994287505";"9109,573955253665";"9253,264766847176";"10421,038103046145";"11356,702389176651";"9584,620271411108";"8";"9";"";"";"";"4583027";"2"
"655197,2716";"6864557,9604";"BOTZARIS";"6779,698056295797";"6257,726109687757";"6616,60105477831";"7413,658280702884";"7999,442122080145";"8574,568660168527";"7273,615713952236";"7bis";"";"";"";"";"993450";"1"
"647739,0763";"6860351,7535";"BOUCICAUT";"8331,186964907358";"8170,909001234945";"8267,193362393995";"8518,055546202884";"9027,068864288685";"9503,041461779221";"8636,242533467846";"8";"";"";"";"";"3152108";"1"
"651638,0039";"6863387,2034";"BOURSE";"9635,077458372509";"10659,651059477192";"9377,766333483805";"10645,0980341883";"11690,34213198539";"14072,48076653601";"11013,402630673867";"3";"";"";"";"";"3386481";"1"
"653789,9847";"6861973,5003";"BREGUET-SABIN";"9641,918932905917";"8768,32494930598";"10372,844363334434";"8985,014921408501";"11453,228891494742";"12450,263748301624";"10278,5993011252";"5";"";"";"";"";"1791352";"1"
"650151,8308";"6865834,137";"BROCHANT";"7655,001904164583";"7309,194943403577";"7540,881736840385";"8138,268112322907";"9574,441842270122";"9233,37994624049";"8241,86141420701";"13";"";"";"";"";"2984525";"1"
"654646,2892";"6864454,645";"BUTTES-CHAUMONT";"6617,184825658125";"6234,247936378669";"6383,931408937281";"7460,964663174242";"8017,175960445521";"8705,808048210965";"7236,552140467468";"7bis";"";"";"";"";"545750";"1"
"656047,1453";"6861474,6081";"BUZENVAL";"6279,98396793821";"6889,075789110617";"7142,3928875656575";"7683,250820064399";"7862,348224192952";"8547,590620181969";"7400,773718175634";"9";"";"";"";"";"1941769";"1"
"651894,4424";"6864185,1221";"CADET";"8698,740603443643";"8304,239760615217";"8659,70251306604";"9365,021294752447";"9966,42577254983";"10720,638060316445";"9285,79466745727";"7";"";"";"";"";"3042484";"1"
"648847,9145";"6861054,9765";"CAMBRONNE";"8948,08707705037";"8869,100192166068";"9259,085010348943";"9794,94636345295";"10188,44492964053";"11037,052306071344";"9682,785979788368";"6";"";"";"";"";"2524418";"1"
"652935,9416";"6859684,6612";"CAMPO-FORMIO";"8035,5033375985295";"8341,13813641433";"8986,387418741204";"8757,02023071997";"8621,275784692129";"9645,54450340879";"8731,14490192916";"5";"";"";"";"";"1335450";"1"
"652417,6279";"6860930,0204";"CARDINAL-LEMOINE";"13391,30069275001";"10235,43733914861";"10627,901719476522";"11354,33791773341";"11655,72113277812";"11790,61004670168";"11509,21814143139";"10";"";"";"";"";"1663781";"1"
"652420,525";"6860243,8862";"CENSIER-DAUBENTON";"11478,98585830016";"9346,753155566676";"9581,800584125747";"10126,104865009547";"10777,84270219683";"11033,096232663767";"10390,763899643787";"7";"";"";"";"";"3385284";"1"
"649656,4692500001";"6863299,3105";"CHAMPS-ELYSEES-CLEMENCEAU";"12740,474574041862";"13091,01063274614";"11468,610145482433";"15173,537745206213";"17280,827031831475";"13815,319721994449";"13928,29664188376";"1";"13";"";"";"";"4006171";"2"
"646165,0737";"6860823,2591";"CHARDON-LAGACHE";"7808,456600419194";"7842,918728627488";"8148,1649067625685";"8631,691138564409";"9068,359490164014";"10183,307040947517";"8613,816317580866";"10";"";"";"";"";"692665";"1"
"648339,9965";"6864098,618366666";"CHARLES DE GAULLE ETOILE";"9716,1484313576";"10521,972760785298";"9358,91319981232";"10426,618881115284";"10695,417938096221";"11581,813062666508";"10383,480712305542";"1";"2";"6";"";"";"7296559";"3"
"647601,6846";"6860957,9773";"CHARLES MICHELS";"8637,482994730559";"8370,47405679838";"8325,170015773248";"8743,365938421524";"9454,73710406361";"9850,096264999105";"8896,88772913107";"10";"";"";"";"";"4601730";"1"
"654915,2006";"6861791,1422";"CHARONNE";"7557,250826899383";"7538,222271832771";"7834,143480656906";"8616,396552831797";"9300,701405413341";"9754,314371938031";"8433,50481826204";"9";"";"";"";"";"3652338";"1"
"652765,4788";"6863792,5575";"CHATEAU D'EAU";"8239,1414961846";"7886,129128456287";"8451,602996001126";"8788,28467511823";"10022,765554146767";"10898,882236234007";"9047,801014356837";"4";"";"";"";"";"3878260";"1"
"652313,3429";"6865458,7189";"CHATEAU ROUGE";"6549,134850547953";"6501,788683102992";"7048,68306032887";"7444,922133959149";"8273,458872526642";"8826,06238376593";"7440,6749973719225";"4";"";"";"";"";"7306788";"1"
"653219,5359";"6864471,7227";"CHATEAU-LANDON";"6923,677609948147";"7123,3633198549705";"8456,37709521386";"7923,0141579522815";"8669,122629909614";"9694,872716934007";"8131,737921635479";"7";"";"";"";"";"1759434";"1"
"652144,9746399999";"6862182,634919999";"CHATELET";"9964,167278786383";"10257,838503823494";"10015,171516741564";"13241,79286320715";"13220,33641348056";"12108,75037216891";"11468,00949136801";"1";"4";"7";"11";"14";"10766712";"5"
"651109,84135";"6863872,8558";"CHAUSSEE D'ANTIN (LA FAYETTE)";"11610,38434260114";"9152,594124311741";"9227,436306436804";"10129,843595950257";"15702,32844304495";"17447,827097869133";"12211,735651702336";"7";"9";"";"";"";"7312371";"2"
"653636,9649";"6862116,9823";"CHEMIN VERT";"9665,367753440598";"8939,350775903771";"10562,507173982";"9332,298774524405";"11604,306434432741";"12670,615320793864";"10462,407705512896";"8";"";"";"";"";"1527533";"1"
"653618,2928";"6859618,2657";"CHEVALERET";"6634,381367892692";"6983,242481981144";"8285,873686454537";"7991,320999229134";"8175,094016885864";"8875,143294746591";"7824,175974531659";"6";"";"";"";"";"3426306";"1"
"652109,5385";"6861853,227000001";"CITE";"10772,046846924284";"11192,009522158742";"10964,315132139875";"14376,63772106155";"13475,08146026161";"14189,998293965924";"12495,014829418666";"4";"";"";"";"";"1740572";"1"
"651882,3097";"6861422,9819";"CLUNY-LA-SORBONNE";"11416,913852792799";"11085,84496634473";"11185,470131276468";"13041,61671596784";"12544,746701169252";"14262,322654844049";"12256,152503732521";"10";"";"";"";"";"2232036";"1"
"653853,1813";"6864360,3934";"COLONEL FABIEN";"6873,39960998638";"7142,477828346125";"8009,375584118064";"7749,373410382776";"8236,321370921582";"8434,658569052715";"7740,93439546794";"2";"";"";"";"";"4511921";"1"
"648183,5662";"6860759,2739";"COMMERCE";"8422,082543302953";"8393,272726623076";"8791,117678978231";"9000,567379717771";"9760,288970697708";"10123,04513760445";"9081,729072820699";"8";"";"";"";"";"2864592";"1"
"650316,436";"6863145,7179000005";"CONCORDE";"16885,059080844963";"10913,750565030312";"11577,518546989968";"12774,526431845812";"14307,763642350279";"18331,550922107355";"14131,694864861449";"1";"8";"12";"";"";"6115023";"3"
"648372,7098";"6859925,0172";"CONVENTION";"8032,611750668513";"7449,084956960334";"8389,41917097724";"8386,050019159828";"8675,708683937784";"9601,987582511216";"8422,477027369152";"12";"";"";"";"";"5275717";"1"
"654727,0632";"6866269,0824";"CORENTIN CARIOU";"5712,924657931602";"5861,394844641685";"5962,205281294251";"6615,059272105212";"6930,097455662869";"7789,013536005063";"6478,44917460678";"7";"";"";"";"";"2766678";"1"
"652313,5223";"6859055,391";"CORVISART";"8008,376131508137";"7495,826900402161";"7683,789359856865";"8299,002300155993";"8667,5736134766";"9168,619107053399";"8220,531235408858";"6";"";"";"";"";"2512122";"1"
"654975,2848";"6859428,6327";"COUR SAINT-EMILION";"6992,128106995662";"7206,651855121215";"6993,679371419726";"7380,661716541571";"7978,1473218031115";"8531,26481175177";"7513,755530605508";"14";"";"";"";"";"6043808";"1"
"648920,1378";"6864580,1642";"COURCELLES";"9292,589912536965";"10405,90727498153";"9322,58687825394";"10385,109564781096";"10924,066327666376";"11419,9269473759";"10291,6978175993";"2";"";"";"";"";"2557929";"1"
"654559,4536";"6863407,4921";"COURONNES";"7334,432177689807";"6991,012366636493";"7118,3217973718265";"7922,870964179384";"8501,20233593892";"8896,52857136818";"7794,061368864102";"2";"";"";"";"";"2897777";"1"
"654341,7793";"6865822,0177";"CRIMEE";"5924,375628792824";"5769,523870747384";"6004,032775988968";"6509,107729356814";"6896,54505171816";"7433,772853801703";"6422,892985067642";"7";"";"";"";"";"5431969";"1"
"655516,8981";"6864827,9634";"DANUBE";"6486,997194342045";"5638,144852157214";"6028,838981601484";"7064,580268842184";"7386,168247817849";"7990,36856280433";"6765,8496845941845";"7bis";"";"";"";"";"547896";"1"
"655663,96825";"6860108,1792";"DAUMESNIL";"6899,495375081378";"7259,131867879808";"7163,259007123399";"7748,534591689011";"8338,400593790202";"8090,319234234521";"7583,190111633053";"6";"8";"";"";"";"4954004";"2"
"650987,2884";"6859520,2915";"DENFERT-ROCHEREAU";"8459,632314251361";"8598,028867076326";"9511,197171945003";"7946,864850003554";"8556,19057143063";"11025,166473877052";"9016,180041430653";"4";"6";"";"";"";"3911586";"2"
"655199,4896";"6860061,0017";"DUGOMMIER";"6552,565649251174";"7204,31776731283";"7059,997840904126";"7660,668246739434";"8076,806334525598";"7371,465897940627";"7320,97028944563";"6";"";"";"";"";"2579556";"1"
"648164,2594";"6861386,5825";"DUPLEIX";"8987,275251164812";"8620,755615169192";"9031,01573842812";"9576,393106419693";"10233,731572846988";"10572,913011201543";"9503,680715871726";"6";"";"";"";"";"3221871";"1"
"649856,2159";"6860992,093149999";"DUROC";"10696,156157344562";"9917,161670286034";"10558,60261805605";"10804,2375856994";"11494,582022355946";"12369,61608592575";"10973,392689944623";"10";"13";"";"";"";"3596220";"2"
"649084,5508";"6861850,7519";"ECOLE MILITAIRE";"10285,306147467683";"10543,625214290583";"10981,741235180718";"11823,273290106077";"12960,27176847445";"13598,351895916743";"11698,761591906043";"8";"";"";"";"";"4468169";"1"
"650559,8002";"6860279,0962";"EDGAR QUINET";"9766,147971104818";"9383,682115164642";"12366,857803218387";"8616,650631011264";"10617,772940720315";"11964,274094002536";"10452,56425920366";"6";"";"";"";"";"2142333";"1"
"646364,8036";"6861037,7277";"EGLISE D'AUTEUIL";"8050,962074443741";"8162,511417015893";"8323,972246896335";"8756,03416721424";"9180,220535018236";"10152,485058595712";"8771,030916530692";"10";"";"";"";"";"169939";"1"
"652232,0865";"6862838,6691";"ETIENNE-MARCEL";"9563,298871838399";"10039,6156163382";"9566,407720599786";"10292,964360705091";"11014,113694751573";"11852,734862450005";"10388,189187780508";"4";"";"";"";"";"2676549";"1"
"650293,8318";"6864518,8631";"EUROPE";"11316,429713837722";"8285,4288495284";"8856,760335365812";"10768,02442005121";"10591,733420700548";"10995,703745809471";"10135,680080882194";"3";"";"";"";"";"1618088";"1"
"645692,4042";"6860575,6926";"EXELMANS";"7770,347221836951";"7618,597686780064";"7743,014352443954";"8514,46892535029";"8990,238386070576";"9870,244004163978";"8417,818429440968";"9";"";"";"";"";"2102492";"1"
"654803,4286";"6861302,4487";"FAIDHERBE-CHALIGNY";"7802,889866147175";"8082,034738760406";"7725,474460206927";"8649,114781623744";"9379,62035986734";"9776,231265910206";"8569,227578752632";"8";"";"";"";"";"3032239";"1"
"649937,2765";"6860707,7605";"FALGUIERE";"10445,44382537155";"9643,72383535578";"9852,06936216332";"10452,97527152468";"10961,889885372117";"11913,392088784052";"10544,915711428583";"12";"";"";"";"";"881763";"1"
"648031,8468";"6860532,9003";"FELIX FAURE";"8381,868005768838";"8280,007212180766";"8608,060091633117";"8885,439647370102";"9484,499289469957";"9590,195283432708";"8871,678254975915";"8";"";"";"";"";"1744774";"1"
"653535,9904";"6862766,9605";"FILLES DU CALVAIRE";"8926,60883869773";"8711,609190185733";"8893,192788144139";"10448,10203752867";"10763,434967915116";"11838,629668428666";"9930,262915150008";"8";"";"";"";"";"1606192";"1"
"649274,1463";"6863469,479350001";"FRANKLIN-D.ROOSEVELT";"14138,417736170191";"12929,82867640556";"13635,698901990663";"14292,05551285718";"15104,32370884973";"14605,27752428337";"14117,600343426117";"1";"9";"";"";"";"9545487";"2"
"650272,1513";"6860055,6505";"GAITE";"8699,251064083339";"8473,749627054503";"9146,290948225358";"8031,005781147881";"9678,594545612199";"10392,957269458951";"9070,308205930372";"13";"";"";"";"";"2713799";"1"
"655900,08385";"6862946,6501";"GAMBETTA";"6644,1063709252485";"6855,67317911605";"7067,447209991611";"7631,655943479351";"8182,479489989255";"8520,47838478708";"7483,640096381433";"3";"3bis";"";"";"";"6798910";"2"
"652911,8947666666";"6864203,377";"GARE DE L'EST";"7529,079014680251";"7609,095726466264";"7724,643788375481";"8572,31170170571";"9188,406136856183";"11216,380727875197";"8639,986182659848";"4";"5";"7";"";"";"22443106";"3"
"654057,4582";"6860733,2857";"GARE DE LYON";"8009,627776707222";"7904,713627346458";"7828,830070605738";"8202,873031631074";"8958,589048553189";"9596,172236451639";"8416,800965215887";"1";"14";"A";"";"";"36512570";"3"
"652858,7885499999";"6864600,8708999995";"GARE DU NORD";"6919,480375968984";"7104,628709736708";"7405,4515667220585";"8084,787445251419";"8457,352191135606";"9683,178513173436";"7942,479800331368";"4";"5";"";"";"";"51141374";"2"
"648695,3653";"6863782,5778";"GEORGE V";"13681,629834097097";"12554,888686238279";"11817,881163149916";"11729,925268616174";"11542,53648727241";"13349,05608995592";"12445,986254888301";"1";"";"";"";"";"6643262";"1"
"651808,0022";"6859208,4674";"GLACIERE";"7788,4037208497375";"7819,65861276341";"7910,288404912616";"8440,853726067713";"8985,76800332454";"9684,022081918209";"8438,165758306037";"6";"";"";"";"";"4498939";"1"
"653867,1922";"6863509,3023";"GONCOURT (HOPITAL SAINT-LOUIS)";"7535,281643325566";"7642,1306652255935";"7727,818064595644";"8618,119226862478";"8661,24600642459";"9259,563162211021";"8240,693128107483";"11";"";"";"";"";"2192190";"1"
"651819,1431";"6863697,2503";"GRANDS BOULEVARDS (RUE MONTMARTRE)";"8877,49109090031";"9734,163265592486";"9156,56630873364";"9617,105516165719";"10907,374602382775";"12926,289637601";"10203,165070229321";"8";"9";"";"";"";"6807424";"2"
"650685,8186";"6866078,8433";"GUY MOQUET";"7086,262975905607";"6979,397074169549";"7082,252007779238";"7856,540117998907";"8652,952530295266";"9683,046983920483";"7890,075281678175";"13";"";"";"";"";"4004960";"1"
"650681,6127500001";"6863942,08735";"HAVRE-CAUMARTIN";"11562,498298623439";"8079,380043953934";"9047,974506236264";"10744,654671294851";"13424,7621351019";"9261,883175587627";"10353,525471799672";"3";"9";"";"";"";"8277127";"2"
"656177,9025";"6865856,7161";"HOCHE";"4954,208754208754";"4619,515756456294";"4800,799570162737";"4745,224070282338";"4313,783055058297";"5148,5059138465085";"4763,672853335821";"";"";"";"";"";"";"1"
"652403,26595";"6862131,976";"HOTEL DE VILLE";"10632,107413815967";"10190,567516493706";"9559,14712906889";"12732,289459622581";"13125,954981223964";"13464,434366758902";"11617,416811164003";"1";"11";"";"";"";"12307363";"2"
"648218,8598";"6862982,8662";"IENA";"9511,915811265811";"9693,071375131298";"9867,567356095637";"10717,020077268104";"12033,47525594069";"13122,577603620137";"10824,271246553613";"9";"";"";"";"";"2646049";"1"
"649710,23805";"6862697,3927";"INVALIDES";"12825,568995027303";"12241,394985161065";"12091,62179286914";"13390,013651362933";"15430,045376719903";"14809,42487504485";"13464,678279364198";"8";"13";"";"";"";"6540934";"2"
"653129,4916";"6863610,0193";"JACQUES BONSERGENT";"8212,621215225407";"8067,357604955722";"8332,925600666496";"9353,069663102684";"8960,834543451727";"10314,352368587102";"8873,526832664857";"5";"";"";"";"";"2477876";"1"
"646299,9369";"6861633,6924";"JASMIN";"8700,573518556577";"8600,800130155283";"8761,164238713985";"9127,08546501617";"9977,708546349611";"10870,698711688137";"9339,671768413295";"9";"";"";"";"";"1935764";"1"
"653832,6443333334";"6864889,900533333";"JAURES";"6705,085510235367";"6704,7973674425475";"7564,498677410121";"7371,560011972067";"7898,118049270481";"8110,541911932756";"7392,433588043888";"2";"5";"7bis";"";"";"5836196";"3"
"646993,0906";"6860917,8132";"JAVEL";"7891,167624316819";"7713,719200289309";"8167,576440605743";"8556,367741509126";"8982,12237060203";"9523,63874195314";"8472,432019879361";"10";"";"";"";"";"2969444";"1"
"655215,4591";"6864071,8789";"JOURDAIN";"6891,2412547286";"5758,396623914662";"6742,725081341141";"7680,083887599046";"8057,10608109473";"8588,662042382199";"7286,369161843395";"11";"";"";"";"";"3029314";"1"
"651948,6586";"6866024,9374";"JULES JOFFRIN";"6941,181672449922";"6817,657243384456";"7239,162468914266";"8007,300547853758";"8540,763300884482";"9098,380170965054";"7774,074234075323";"12";"";"";"";"";"4034229";"1"
"652663,7157000001";"6860860,623949999";"JUSSIEU";"13598,305897107526";"10048,684408544272";"10494,800514154527";"11021,129282983242";"11497,717728407068";"11623,177928422838";"11380,635959936579";"7";"10";"";"";"";"4328012";"2"
"648178,897";"6863745,5821";"KLEBER";"10706,946006381118";"9155,41922567958";"10279,488653543342";"11231,064311404476";"11317,792974072085";"11868,532902955394";"10759,874012339335";"6";"";"";"";"";"1253324";"1"
"653102,402";"6865121,3253";"LA CHAPELLE";"6257,059733068161";"6354,482754361165";"7428,759171412289";"6722,599662285925";"7533,338299081891";"8396,701461228893";"7115,490180239721";"2";"";"";"";"";"6534340";"1"
"650559,5701";"6865452,1927";"LA FOURCHE";"8030,824954003927";"7433,597346266527";"7794,2339132981";"8540,097937198538";"9088,37778118699";"9441,723609399842";"8388,142590225654";"13";"";"";"";"";"2563103";"1"
"648522,4596666667";"6861240,281033333";"LA MOTTE-PICQUET-GRENELLE";"8926,077132954999";"8834,890050391523";"9132,500313469414";"9839,547737000978";"10277,951660961213";"11195,48450412335";"9701,075233150246";"6";"8";"10";"";"";"7958383";"3"
"646744,2368";"6862245,8558";"LA MUETTE";"9236,46200586808";"8912,665842773638";"9666,462671034098";"9707,115699677432";"10162,099696202189";"11091,09907466055";"9795,984165035998";"9";"";"";"";"";"3991922";"1"
"649415,3796";"6862186,2617";"LA TOUR MAUBOURG";"10885,492374945563";"10646,147794344824";"11226,619611428623";"11878,180215080787";"13381,815636565856";"13751,958312620653";"11961,702324164384";"8";"";"";"";"";"2139593";"1"
"651513,7584";"6865721,0309";"LAMARCK-CAULAINCOURT";"7972,210049367496";"8032,836624160251";"8214,12379187481";"9259,636879981283";"9337,647913906836";"10307,524900707323";"8853,996693333002";"12";"";"";"";"";"2704202";"1"
"654509,0245";"6865200,9983";"LAUMIERE";"6656,362279459013";"6109,338345120128";"6249,5880884875805";"7404,660094506477";"7526,600491309685";"8352,474991677193";"7049,837381760012";"5";"";"";"";"";"4325317";"1"
"651605,5387";"6864074,5114";"LE PELETIER";"9075,318725017212";"8492,91229427422";"8775,241777741532";"9519,997978050895";"11677,530952486837";"14139,67814117928";"10280,113311458328";"7";"";"";"";"";"2451509";"1"
"654219,2941";"6861428,6032";"LEDRU-ROLLIN";"8461,914656769664";"8621,667180272783";"8027,203428705044";"9915,106918667901";"10045,723669281571";"10164,874261036384";"9206,081685788891";"8";"";"";"";"";"3777270";"1"
"652478,6539";"6859729,3272";"LES GOBELINS";"8362,56020445165";"8489,021153670852";"8783,825320211674";"9343,641359425874";"9738,683502808179";"10586,062326702891";"9217,29897787852";"7";"";"";"";"";"3377372";"1"
"651995,4564";"6862674,8091";"LES HALLES";"9514,17638328332";"10186,648568947056";"9919,76243530452";"10681,908187579922";"11251,716708760792";"11799,054753465547";"10558,877839556859";"4";"";"";"";"";"16069170";"1"
"650643,5277";"6864611,9937";"LIEGE";"9562,303303867047";"8364,544364156187";"8500,464238467493";"10397,219687073182";"10497,082846973812";"10376,82047758183";"9616,405819686592";"13";"";"";"";"";"1662452";"1"
"653458,28465";"6864778,89835";"LOUIS BLANC";"6609,03858452545";"6776,209195115482";"7546,138796478043";"7391,842377556644";"8278,60957665084";"8374,752811595567";"7496,0985569870045";"7";"7bis";"";"";"";"2272326";"2"
"647796,9264";"6865645,6998";"LOUISE MICHEL";"7517,856906335678";"7388,545940545317";"7963,429597904142";"8719,187101144973";"9338,2397361734";"9732,827499647696";"8443,347796958535";"";"";"";"";"";"";"1"
"647351,9234";"6860118,0595";"LOURMEL";"8018,582698700276";"7970,120709094554";"8104,152984421263";"8489,8932262679";"7938,82396024722";"8258,834805525441";"8130,068064042775";"8";"";"";"";"";"2301922";"1"
"651659,1352";"6862509,6962";"LOUVRE-RIVOLI";"9777,556116339092";"10736,053306216547";"11235,540749072725";"13305,843642188493";"13025,937697816928";"12002,907921902144";"11680,639905589322";"1";"";"";"";"";"2633369";"1"
"651240,5212";"6861647,0174";"MABILLON";"12769,093208988652";"12398,13456131975";"11799,66701796134";"14146,969834409594";"15137,602314224061";"15387,159715530555";"13606,437775405657";"10";"";"";"";"";"1859872";"1"
"650539,7138333333";"6863556,3095";"MADELEINE";"12807,810990037471";"8635,884214952088";"10200,83769074828";"11666,100934152413";"15499,064383978466";"13538,30733771012";"12058,00092526314";"8";"12";"14";"";"";"8473016";"3"
"650051,0907";"6857838,6019";"MAIRIE DE MONTROUGE";"7454,545454545454";"6800,428963839332";"7636,842105263158";"7196,796885041063";"7961,895395344354";"8181,818181818182";"7538,721164308591";"";"";"";"";"";"";"1"
"652898,4845";"6858233,0223";"MAISON BLANCHE";"6640,796108304884";"6918,676012403644";"6906,150882592115";"7342,9466782546315";"7574,108952212928";"8116,545433888221";"7249,870677942737";"7";"";"";"";"";"1803381";"1"
"649328,8075";"6864985,5498";"MALESHERBES";"8636,015922608032";"8555,473632879071";"8785,597773417263";"10055,56779801128";"10374,09185200004";"10583,997399387696";"9498,457396383898";"3";"";"";"";"";"2406916";"1"
"656419,7092";"6861573,3159";"MARAICHERS";"5585,5846286928545";"6284,933795736318";"6851,553753573504";"7518,13810970301";"7490,637057137288";"8203,271021359615";"6989,019727700431";"9";"";"";"";"";"2608017";"1"
"652323,1410000001";"6865910,78665";"MARCADET-POISSONNIERS";"6646,374356311965";"6390,164848943667";"6895,368938497366";"7581,901252592039";"8250,83996061713";"8727,238265461696";"7415,31460373731";"4";"12";"";"";"";"5973655";"2"
"653071,5478";"6865798,4225";"MARX DORMOY";"5923,483459519847";"5848,468393764642";"6403,250265632831";"6533,244129314518";"6580,398794539591";"7822,938155433396";"6518,630533034137";"12";"";"";"";"";"3359946";"1"
"652158,9045";"6861318,0602";"MAUBERT-MUTUALITE";"11500,117711145753";"10919,276103098913";"11017,530071832647";"12652,0163306674";"12913,866733564351";"14575,253049838488";"12263,010000024593";"10";"";"";"";"";"2226690";"1"
"654765,838";"6863151,1043";"MENILMONTANT";"7476,203385071626";"7159,5228331572935";"7340,676426830713";"8040,257326105086";"8187,781797467572";"8839,388037402885";"7840,6383010058635";"2";"";"";"";"";"3943809";"1"
"656130,969";"6859839,9191";"MICHEL BIZOT";"7215,162584188254";"7416,957040176452";"7268,892077735133";"7792,987610672553";"8140,118761889516";"8076,803536106011";"7651,82026846132";"8";"";"";"";"";"1906545";"1"
"645999,7434";"6861126,204700001";"MICHEL-ANGE-AUTEUIL";"8404,272424895322";"8542,839882894204";"7930,333248533338";"9532,484432918302";"9772,306655962373";"10541,322066280729";"9120,593118580711";"9";"10";"";"";"";"2042174";"2"
"645815,90255";"6860820,74955";"MICHEL-ANGE-MOLITOR";"7819,179944774169";"7879,316793666706";"7626,88963497467";"9260,384277761603";"9362,641028580712";"10199,742538536022";"8691,359036382313";"9";"10";"";"";"";"2247014";"2"
"646631,0122";"6861033,1517";"MIRABEAU";"8090,419493558888";"8003,730171777371";"8156,188734577798";"8702,777215870152";"9374,608983617301";"10050,34590567254";"8729,678417512341";"10";"";"";"";"";"1377611";"1"
"649721,7634";"6863964,39175";"MIROMESNIL";"11884,409578445777";"9471,916910551223";"9611,072984428207";"12807,75145268681";"11101,74742421016";"13337,015286783939";"11368,985606184353";"9";"13";"";"";"";"5908201";"2"
"649355,6855";"6864713,7086";"MONCEAU";"9408,28557174177";"8945,44842640501";"9136,505606560899";"10111,91576861161";"10909,55217057471";"11078,663560321373";"9931,728517369229";"2";"";"";"";"";"1672269";"1"
"655237,5024";"6860657,5602";"MONTGALLET";"7700,53016677089";"7644,263970421255";"7641,374869101036";"8289,99917311856";"8336,091638345331";"8012,733543610487";"7937,498893561259";"8";"";"";"";"";"1596702";"1"
"650295,504225";"6860539,7126";"MONTPARNASSE";"9984,744459572787";"9361,90547378732";"9815,47344049318";"9769,624204917844";"10827,335095857092";"12188,85658068762";"10324,65654255264";"4";"6";"12";"13";"";"29857740";"4"
"650794,4816";"6859215,1047";"MOUTON-DUVERNET";"8464,159122582048";"8145,290222335968";"7789,786890731572";"8345,434152087006";"8780,572567659414";"10322,014454276985";"8641,209568278833";"4";"";"";"";"";"1583761";"1"
"655637,9985";"6861064,200324999";"NATION";"7708,067423597431";"7605,740562838142";"7626,622381301962";"8227,773593448988";"8963,13487225157";"9292,104363562077";"8237,240532833363";"1";"2";"6";"9";"";"8834660";"4"
"653229,9171";"6859428,9054";"NATIONALE";"7216,527552061826";"7204,258132313856";"7715,016646658204";"7751,039411374648";"7400,024356061449";"8477,83306676796";"7627,449860872991";"6";"";"";"";"";"2497964";"1"
"651436,9357";"6864204,0114";"NOTRE-DAME-DE-LORETTE";"9273,073784672528";"8593,847880411306";"8566,986505944136";"9630,32077089102";"11707,713019034258";"13193,01401313342";"10160,82599568111";"12";"";"";"";"";"2833104";"1"
"650739,5063";"6860753,4255";"NOTRE-DAME-DES-CHAMPS";"10658,431090981574";"10619,03145852757";"10449,351285322158";"11610,275450513947";"12173,200043196206";"13153,202588842145";"11443,915319563936";"12";"";"";"";"";"2051828";"1"
"653668,7393499999";"6862925,4466";"OBERKAMPF";"8462,55646415777";"8318,13088663918";"8344,58963999255";"9935,320422310071";"9330,745450833101";"11034,62421632409";"9237,661180042795";"5";"9";"";"";"";"4416955";"2"
"651546,8732";"6861557,406099999";"ODEON";"12239,167339659365";"11847,762634816914";"11654,831681877746";"13728,907326196051";"13753,858230261882";"15236,290222843658";"13076,802905942603";"4";"10";"";"";"";"5600764";"2"
"653604,5847";"6858764,7361";"OLYMPIADES";"6676,63467655539";"6693,585241393498";"7219,733896707785";"7738,275170756354";"7676,577055836023";"8896,260977998558";"7483,511169874601";"14";"";"";"";"";"7912359";"1"
"651013,2883333332";"6863616,050500001";"OPERA";"10985,796126467976";"9185,973402027716";"9703,316157632476";"10357,906126444508";"13525,135390769492";"14450,095554827987";"11368,037126361693";"3";"7";"8";"";"";"10501357";"3"
"655045,7743";"6865410,1669";"OURCQ";"6536,899220546555";"6199,016628025993";"5965,629833977531";"7105,33446579745";"7390,981627209416";"8120,400710125913";"6886,377080947143";"5";"";"";"";"";"3763663";"1"
"651336,4405499999";"6862710,6177";"PALAIS ROYAL-MUSEE DU LOUVRE";"10276,535425718128";"11159,75559834043";"10568,92541944985";"13037,49609229016";"13453,580728401901";"14785,488556902303";"12213,63030351713";"1";"7";"";"";"";"9592920";"2"
"654118,8397";"6862984,2509";"PARMENTIER";"7762,580845175051";"7528,5237049476145";"7825,2993638845";"8957,785301781105";"9582,828743063947";"9585,209504437737";"8540,371243881658";"3";"";"";"";"";"3103492";"1"
"647598,9541";"6862171,635";"PASSY";"9374,901290175108";"8818,853009771801";"9758,891691726652";"10153,829857135206";"11267,811757191774";"11451,817325877988";"10137,684155313089";"6";"";"";"";"";"3187985";"1"
"649552,3554";"6860522,496549999";"PASTEUR";"8799,16948886119";"8625,873753992219";"8982,7496514768";"9119,459837042541";"9289,37151343594";"10366,694516332609";"9197,219793523549";"6";"12";"";"";"";"4493457";"2"
"656100,7414";"6863323,2148";"PELLEPORT";"6540,595145062488";"6607,139184590384";"6668,63432286002";"7227,773477666871";"7903,59406734839";"8592,376103080607";"7256,685383434793";"3bis";"";"";"";"";"329597";"1"
"655009,0592";"6862714,26385";"PERE LACHAISE";"7584,185488541067";"7459,190498827925";"7742,447000463596";"8543,326571023987";"8343,211593568925";"8901,221343160007";"8095,597082597584";"2";"3";"";"";"";"4724592";"2"
"648500,0697";"6865215,7477";"PEREIRE-LEVALLOIS";"8583,523101826704";"8258,099951653176";"8480,13531117173";"9580,251969570749";"10380,769306228904";"9795,139566453494";"9179,653201150793";"3";"";"";"";"";"4446732";"1"
"649943,7106";"6859536,3792";"PERNETY";"8108,876837430405";"7922,142931292552";"8151,313486204316";"8755,498446845608";"8970,388968807749";"9969,72155355412";"8646,323704022458";"13";"";"";"";"";"3050541";"1"
"655224,2451";"6862220,8679";"PHILIPPE AUGUSTE";"7466,374341754526";"7312,850114936289";"7734,631666153942";"8649,769649647946";"9039,458150068316";"9561,362836601726";"8294,074459860458";"2";"";"";"";"";"1763562";"1"
"656061,0276";"6860723,8589";"PICPUS";"7605,717480777608";"7541,830929281814";"7776,072083956523";"8022,149471756933";"8933,726708821388";"9220,31240234707";"8183,301512823557";"6";"";"";"";"";"1302314";"1"
"651391,7235000001";"6864919,25395";"PIGALLE";"8785,066078082858";"8298,54007882656";"8665,56483066312";"9636,465319425268";"10472,593862517928";"10897,897757036637";"9459,354654425395";"2";"12";"";"";"";"5599495";"2"
"652708,7125333333";"6859199,006533333";"PLACE D'ITALIE";"7890,036107971294";"7552,953888499517";"7931,048363746474";"8134,6066272562675";"8165,200424812028";"8779,773858538776";"8075,60321180406";"5";"6";"7";"";"";"10577276";"3"
"650685,47015";"6865064,782749999";"PLACE DE CLICHY";"8351,467655718672";"7779,514755515855";"8503,741274151897";"9516,993359293749";"9473,097826089579";"10580,578046793355";"9034,232152927185";"2";"13";"";"";"";"8020440";"2"
"655481,3791499999";"6864266,2419";"PLACE DES FETES";"6739,534622161342";"5460,136769029126";"6579,42746396183";"7481,8535499289965";"7838,422512336001";"8269,384123978409";"7061,459840232617";"7bis";"11";"";"";"";"2921564";"2"
"652458,3099";"6860508,2454";"PLACE MONGE (JARDIN DES PLANTES)";"12533,526598415356";"9718,34538454832";"10193,804109282495";"10578,06463156462";"11404,206943325158";"11173,655726509212";"10933,600565607529";"7";"";"";"";"";"2828772";"1"
"649651,2929";"6859304,204";"PLAISANCE";"7815,410983332483";"7657,7036957136625";"8155,343444456798";"8006,907683058102";"8667,072095699741";"9897,930742972356";"8366,728107538856";"13";"";"";"";"";"4784211";"1"
"652274,7082";"6864331,6119";"POISSONNIERE";"7913,7585739783435";"7881,851612621169";"8218,51104665098";"8979,103375683375";"9750,56541827437";"10324,476104761872";"8844,711021995017";"7";"";"";"";"";"3466034";"1"
"652830,3951";"6861695,9829";"PONT-MARIE (CITE DES ARTS)";"11289,42808274534";"11041,430192065676";"11415,957849719003";"12056,419704844173";"15113,682563693195";"14501,404910602976";"12569,720550611726";"7";"";"";"";"";"1733641";"1"
"651739,5237";"6862258,5537";"PONT-NEUF (LA MONNAIE)";"9989,81247845626";"11107,670652472827";"10725,931914193648";"12404,43324721915";"13357,170511863109";"12235,61246792057";"11636,771878687594";"7";"";"";"";"";"1546517";"1"
"645529,7326";"6861136,8657";"PORTE D'AUTEUIL";"8352,368959756455";"8503,385066434575";"7442,174224450643";"10071,468840358579";"9846,066935695691";"10476,65098631885";"9115,352502169133";"10";"";"";"";"";"622094";"1"
"652985,99";"6857874,877";"PORTE D'ITALIE";"6402,915864362034";"6550,90347955708";"6923,646342755934";"7077,001494376317";"7098,867438018016";"7542,313126739433";"6932,607957634802";"7";"";"";"";"";"2363639";"1"
"653691,6801";"6858106,3134";"PORTE D'IVRY";"5561,2428631808525";"6298,292456709061";"17492,980337788384";"6599,288391658693";"6752,646217905289";"7476,1242448369985";"8363,429085346546";"7";"";"";"";"";"1901960";"1"
"650484,043";"6858361,4233";"PORTE D'ORLEANS";"7998,520810449861";"7232,134214806244";"7985,39561237249";"8777,248544073362";"8735,658335820865";"8808,957950138038";"8256,319244610144";"4";"";"";"";"";"6259225";"1"
"646972,7506";"6863736,1283";"PORTE DAUPHINE";"9331,877171335595";"9613,950794060338";"9618,509787914687";"10244,27408250457";"10990,54169258817";"11828,951194625392";"10271,35078717146";"2";"";"";"";"";"2932159";"1"
"656572,0977";"6862892,6803";"PORTE DE BAGNOLET";"6644,305810741867";"6822,689159174877";"7054,0038250920525";"7283,55231088596";"7786,577322288811";"8466,291957136087";"7342,903397553276";"3";"";"";"";"";"4020800";"1"
"648123,8929";"6865318,8375";"PORTE DE CHAMPERRET";"8348,353891583327";"8139,97541823236";"8643,393970207726";"9196,834713418752";"10084,301289932224";"10364,963525774678";"9129,637134858178";"3";"";"";"";"";"3189251";"1"
"656062,6699";"6859400,7586";"PORTE DE CHARENTON";"7095,359295469372";"7014,295676854423";"7125,861849001389";"7585,334658638213";"8124,625463482795";"7844,386976725213";"7464,977320028567";"8";"";"";"";"";"2105924";"1"
"653340,9723";"6857944,6053";"PORTE DE CHOISY";"6034,318478005454";"6164,792682190013";"6393,94766644195";"6431,2366557561";"6420,344340768136";"7208,730615274821";"6442,22840640608";"7";"";"";"";"";"2598026";"1"
"649685,9141";"6866245,7339";"PORTE DE CLICHY";"7725,21479780622";"6763,602417000043";"7473,628490145436";"8097,144594860391";"10376,117009177495";"9385,829775045766";"8303,589514005891";"13";"";"";"";"";"4495978";"1"
"651967,2227";"6866576,6415";"PORTE DE CLIGNANCOURT";"6833,231970897431";"6561,274408272659";"6611,468593066325";"7653,031896254485";"8238,64816220303";"8504,176832704372";"7400,305310566383";"4";"";"";"";"";"8393535";"1"
"653041,8705";"6866550,3731";"PORTE DE LA CHAPELLE";"5605,887325394938";"5693,428382912866";"5975,12609244829";"6290,520727087608";"5489,659105766535";"7148,091613346842";"6033,785541159513";"12";"";"";"";"";"2379751";"1"
"654948,2026";"6866551,3039";"PORTE DE LA VILLETTE";"5396,72739171752";"5671,4070300041585";"6055,566704914199";"6672,933075124443";"7044,9009381978185";"8654,127092038461";"6582,610371999434";"7";"";"";"";"";"4159555";"1"
"656753,3202";"6861661,8646";"PORTE DE MONTREUIL";"5811,4907532693";"6024,085069053789";"6430,997754376435";"7497,068018327067";"6998,4672104122465";"7786,822756357111";"6758,155260299325";"9";"";"";"";"";"4344016";"1"
"655424,858";"6865559,4508";"PORTE DE PANTIN";"6450,868983411536";"6390,246707963628";"6275,91611076749";"6571,5717068997055";"7375,489685783365";"7687,271457062161";"6791,894108647982";"5";"";"";"";"";"5615256";"1"
"645473,5838";"6860024,2597";"PORTE DE SAINT-CLOUD";"7632,070315081653";"7714,94956057942";"7458,317598137855";"8232,98714522501";"8596,290246739189";"9545,791908995301";"8196,734462459737";"9";"";"";"";"";"5174694";"1"
"650801,1471";"6866583,3841";"PORTE DE SAINT-OUEN";"6716,688833077615";"6414,178611473974";"6906,664755918089";"7705,282206317018";"7893,93386491608";"9373,790244051423";"7501,756419292366";"13";"";"";"";"";"3761155";"1"
"649016,968";"6858861,6144";"PORTE DE VANVES";"6927,236672577822";"6770,990151669482";"7630,536864236101";"7753,243044833459";"7981,643454149851";"8603,586827257419";"7611,206169120688";"13";"";"";"";"";"4660158";"1"
"647736,0144";"6859390,482999999";"PORTE DE VERSAILLES";"7047,045017686372";"6570,9868575759965";"7880,120021062218";"7944,690364520158";"7526,122674690487";"7872,606070980644";"7473,595167752646";"12";"";"";"";"";"5823995";"1"
"656712,3513";"6860952,126";"PORTE DE VINCENNES";"7108,538864875431";"6937,188011284234";"7408,15753766622";"7511,865692689525";"8592,707871956422";"8032,15890275726";"7598,436146871515";"1";"";"";"";"";"7633984";"1"
"656477,94175";"6864288,084650001";"PORTE DES LILAS";"5961,627117686594";"5997,265772815834";"5693,897083516972";"6450,79837066518";"7006,426415780987";"7662,434082418817";"6462,074807147397";"3bis";"11";"";"";"";"3439385";"2"
"656352,887";"6859578,9511";"PORTE DOREE";"7095,071115011639";"7167,083996834294";"7126,315844062054";"7667,61728769437";"8045,15288091698";"7933,277286845413";"7505,753068560792";"8";"";"";"";"";"2763236";"1"
"647424,8025";"6864408,6314";"PORTE MAILLOT";"8247,881726582838";"8904,306021400555";"8888,197243268098";"9510,131108786649";"9961,823315319918";"10536,40830606287";"9341,457953570154";"1";"";"";"";"";"8226552";"1"
"655918,6953";"6864609,5836";"PRE SAINT-GERVAIS";"5923,307649675722";"5799,4431422711195";"5888,879691979915";"6496,387287059537";"6885,7057133031985";"7355,3254164709215";"6391,508150126735";"7bis";"";"";"";"";"386948";"1"
"651161,5128";"6863085,1625";"PYRAMIDES";"10860,096063550925";"11962,853293055217";"10336,307290402903";"12736,585650045014";"13503,520525661079";"16266,905758282937";"12611,044763499678";"7";"14";"";"";"";"6069724";"2"
"654913,7648";"6863937,4476";"PYRENEES";"6720,745021222159";"5913,147564378282";"6456,557883206218";"7529,00215571823";"7964,168122667061";"8542,905804918702";"7187,754425351774";"11";"";"";"";"";"2920049";"1"
"653965,0895";"6859848,723999999";"QUAI DE LA GARE";"5952,511080629371";"7014,922175768107";"8568,15662234279";"8116,343205991586";"8149,221255300459";"8105,151073198399";"7651,050902205119";"6";"";"";"";"";"3033927";"1"
"653463,2581";"6860905,8001";"QUAI DE LA RAPEE";"8853,924564433206";"8373,176012826834";"7968,636099692689";"8098,693908695843";"9303,25961285009";"10527,548184007028";"8854,206397084281";"5";"";"";"";"";"1155002";"1"
"651308,6039";"6863488,8496";"QUATRE SEPTEMBRE";"10282,957004975586";"10865,618996088553";"9642,911928745694";"10761,640602233723";"12914,711024543243";"15609,444932305103";"11679,547414815317";"3";"";"";"";"";"1997741";"1"
"652568,2852";"6862546,5161";"RAMBUTEAU";"10075,292005079496";"9670,319433877568";"9597,981410926932";"11889,582244872696";"11838,880238564238";"12884,321952733084";"10992,729547675668";"11";"";"";"";"";"3219510";"1"
"646444,7925";"6861963,8329";"RANELAGH";"9029,941564506027";"8729,190803983596";"9050,662478623453";"9474,740969738486";"10298,539324967478";"10846,857182660282";"9571,655387413222";"9";"";"";"";"";"2314539";"1"
"650878,8981";"6860087,4642";"RASPAIL";"9480,569739683331";"9595,258230067782";"12162,384432006695";"9445,162692643918";"9443,44222283872";"12073,550171741193";"10366,727914830275";"4";"6";"";"";"";"1887146";"2"
"652482,4818500001";"6863103,21705";"REAUMUR-SEBASTOPOL";"9240,071133683672";"9269,410811683349";"9323,909203799893";"9729,529357243397";"10414,08171639148";"11619,068144335806";"9932,678394522933";"3";"4";"";"";"";"5291106";"2"
"650669,7472";"6861144,9041";"RENNES";"11059,170473560742";"11596,439026367192";"11979,747815521774";"12405,654002439509";"13598,485301113358";"15002,778892714347";"12607,045918619486";"12";"";"";"";"";"1181641";"1"
"653352,1341200001";"6863210,9080799995";"REPUBLIQUE";"8693,168451556214";"8493,07208275761";"8792,436412381154";"9552,716194204553";"9538,561829629856";"10298,261899998959";"9228,036145088057";"3";"5";"8";"9";"11";"16596521";"5"
"654991,01925";"6860971,6649";"REUILLY-DIDEROT";"7834,837099856397";"7690,632952317029";"7680,305381013188";"8459,466422769625";"8819,892493333262";"8739,388287598533";"8204,087106148007";"1";"8";"";"";"";"6328040";"2"
"653918,3594";"6862387,573";"RICHARD LENOIR";"8535,753742736517";"7877,934901840265";"8270,078117259336";"9926,7938839461";"10205,63068077155";"10570,422766500298";"9231,102348842343";"5";"";"";"";"";"2422197";"1"
"651520,16805";"6863752,20255";"RICHELIEU-DROUOT";"10071,088548788224";"9859,020609135241";"8958,1521779623";"9769,07541359362";"10593,775531419124";"14101,488087467715";"10558,766728061037";"8";"9";"";"";"";"5014491";"2"
"654111,394";"6865543,4601";"RIQUET";"6003,497971624574";"5794,664859888303";"6235,375193133664";"6672,368090613046";"7168,32335815552";"7686,635388430478";"6593,477476974264";"7";"";"";"";"";"2312581";"1"
"650224,5081";"6864903,8302";"ROME";"8856,77585653048";"8247,70496953026";"8736,360660211636";"9817,882717561099";"9787,924698260174";"10826,532155812438";"9378,863509651013";"2";"";"";"";"";"2753714";"1"
"647040,6510000001";"6862902,3761";"RUE DE LA POMPE (AVENUE GEORGES MANDEL)";"9682,268758115702";"9369,253192698143";"9827,108845520544";"10362,755524111";"11190,277811331876";"11840,245819278693";"10378,651658509329";"9";"";"";"";"";"3004505";"1"
"655193,1503";"6861537,1145";"RUE DES BOULETS";"7759,357546520918";"7521,431444593854";"7702,000910787237";"8467,91652292538";"9140,390313983069";"9558,711869198858";"8358,30143466822";"9";"";"";"";"";"2583609";"1"
"650524,6020000001";"6861934,8835";"RUE DU BAC";"12961,21044715722";"12799,377689781644";"13795,485634813918";"14990,34131736318";"17155,976434844477";"16537,29886537176";"14706,6150648887";"12";"";"";"";"";"2304665";"1"
"654126,2223";"6862513,3167";"SAINT-AMBROISE";"7989,523835960917";"7575,364689624862";"8141,430629448368";"9119,027733137706";"9713,909182904401";"9908,393351710256";"8741,27490379775";"9";"";"";"";"";"2977955";"1"
"650223,5598";"6864051,0893";"SAINT-AUGUSTIN";"13372,043351766257";"8382,07482808612";"9261,881221353115";"10647,584833597237";"11069,024141333792";"12740,362230446339";"10912,161767763808";"9";"";"";"";"";"3052723";"1"
"656320,4457";"6863728,6864";"SAINT-FARGEAU";"6196,199222357369";"6025,440146431856";"6057,122737898516";"6929,946192157847";"7639,01912705748";"8102,490600365254";"6825,036337711387";"3bis";"";"";"";"";"716699";"1"
"649691,21";"6861485,1179";"SAINT-FRANCOIS-XAVIER";"10946,543651398228";"10929,055331824593";"11739,890157102807";"11758,9146099471";"13330,825377174468";"13948,715643748365";"12108,990795199259";"13";"";"";"";"";"1701996";"1"
"651417,8007";"6864470,9482";"SAINT-GEORGES";"9015,455693907803";"8560,731751175195";"8528,25625526016";"9703,6570187825";"11097,587006136311";"11670,552822958038";"9762,706758036667";"12";"";"";"";"";"1135274";"1"
"651114,5388";"6861726,1589";"SAINT-GERMAIN-DES-PRES";"12398,238215821451";"12699,185688988722";"11922,525927218692";"14205,646629327666";"15522,861811405812";"15644,615268949217";"13732,178923618594";"4";"";"";"";"";"3866889";"1"
"651341,5779";"6859409,3229";"SAINT-JACQUES";"8323,044185704057";"8433,51640353498";"7007,992237334686";"8646,469236654419";"9456,319457565713";"10128,774263877924";"8666,019297445297";"6";"";"";"";"";"1954772";"1"
"650499,156025";"6864141,752275";"SAINT-LAZARE";"12347,554479365777";"8236,241763289088";"8649,481613701928";"11074,675033175354";"12499,0186679843";"9750,543748871529";"10426,252551064663";"3";"9";"12";"13";"14";"46923920";"5"
"653095,9282";"6860009,3865";"SAINT-MARCEL";"5497,118962383232";"8556,690059442355";"9121,884767027717";"9190,155349187005";"11107,408315041544";"10303,770399472234";"8962,837975425682";"5";"";"";"";"";"2131369";"1"
"654573,8244";"6862850,872";"SAINT-MAUR";"7683,069293141539";"7295,589305567713";"7714,3407432948525";"8512,648961535819";"8674,53021538359";"9037,982379201838";"8153,026816354224";"3";"";"";"";"";"2924501";"1"
"651811,8161";"6861659,0529";"SAINT-MICHEL";"12181,503200392593";"11302,56672695632";"11581,367862787174";"13302,963872276647";"13414,372982224311";"14211,045397546697";"12665,63667369729";"4";"";"";"";"";"6286034";"1"
"653110,2705";"6861878,3873";"SAINT-PAUL (LE MARAIS)";"10944,803550577346";"10428,421584258896";"12581,633944286234";"9934,6103591753";"13889,656211570871";"13934,844117404506";"11952,328294545523";"1";"";"";"";"";"6502842";"1"
"649390,9483";"6863820,7798";"SAINT-PHILIPPE-DU-ROULE";"10746,77708784312";"11471,988930800595";"10871,993694090957";"13642,176255252129";"12059,66836525155";"13030,531495368063";"11970,522638101067";"9";"";"";"";"";"3187997";"1"
"650595,6493";"6860969,8856";"SAINT-PLACIDE";"10857,352147455249";"10948,89560491394";"11094,288818110535";"11716,539862973712";"12659,421306533197";"13906,876609036539";"11863,895724837195";"4";"";"";"";"";"3304968";"1"
"653574,4612";"6862534,3482";"SAINT-SEBASTIEN FROISSART";"9136,59742615001";"8729,467624719553";"9032,293359095276";"9353,854263316978";"10911,623662618467";"11465,915014589527";"9771,625225081634";"8";"";"";"";"";"1685816";"1"
"650927,7173";"6861500,1493";"SAINT-SULPICE";"12181,673970702723";"12378,384879397374";"12240,653628041864";"13953,591835471108";"15320,38396823244";"15335,069367936518";"13568,292941630338";"4";"";"";"";"";"2287634";"1"
"649172,8635";"6861003,0844";"SEGUR";"9118,190013442703";"9024,706732432878";"9273,112720446416";"9727,352903276578";"9701,667959351738";"11440,163108738368";"9714,198906281446";"10";"";"";"";"";"1669348";"1"
"652135,2075";"6863228,8943";"SENTIER";"9393,28220759109";"10083,310251755925";"9546,771450534343";"9843,060733347716";"10994,98793434816";"11660,632735963432";"10253,674218923445";"3";"";"";"";"";"3420249";"1"
"650589,9368499999";"6861481,33125";"SEVRES-BABYLONE";"11672,08876123987";"12019,939197851663";"12585,839288617375";"13565,914578763008";"15275,418739958357";"14864,670115323835";"13330,645113625684";"10";"12";"";"";"";"5037509";"2"
"649327,7178";"6860841,6954";"SEVRES-LECOURBE";"9185,810235857221";"9012,892029642748";"9120,536048012096";"9679,877185447938";"9914,897083391988";"11293,354207403976";"9701,22779829266";"6";"";"";"";"";"1957206";"1"
"652177,9554";"6866190,0425";"SIMPLON";"6812,135556187984";"6451,996450972997";"7014,767217808551";"7806,678150700168";"8366,673062615302";"8959,968671633891";"7568,7031849864825";"4";"";"";"";"";"2366858";"1"
"650339,7683";"6862265,6354";"SOLFERINO";"13317,10988351995";"13180,840379358653";"13535,705281294955";"14980,968979465935";"16781,311611293888";"16425,346833567513";"14703,547161416815";"12";"";"";"";"";"2073832";"1"
"653583,7510333334";"6865113,318466666";"STALINGRAD";"6455,183139068054";"6559,629280731606";"7471,681945807538";"7224,713484524945";"7943,972857496027";"8464,522342017806";"7353,283841607663";"2";"5";"7";"";"";"6891050";"3"
"652651,7618999999";"6863447,445";"STRASBOURG-SAINT-DENIS";"8614,380941329166";"8378,83492569372";"8749,324175793992";"9110,498084992423";"10197,834183730823";"11174,4730601557";"9370,890895282637";"4";"8";"9";"";"";"9524965";"3"
"653182,1536";"6861433,1715";"SULLY-MORLAND";"10874,623935115558";"10392,314752526767";"12121,218875653341";"11375,081597548296";"14141,603408423041";"13440,001903583754";"12057,47407880846";"7";"";"";"";"";"1502672";"1"
"655909,0691";"6864106,8825";"TELEGRAPHE";"6262,238714761699";"6024,561354001049";"6031,509116713732";"6785,866557249545";"7299,941624775932";"7897,9916745940245";"6717,0181736826635";"11";"";"";"";"";"1823734";"1"
"653163,4882";"6863150,7891";"TEMPLE";"8847,561241525927";"8724,260431577111";"9234,960986549595";"9972,4916907794";"9437,688326578625";"11418,414592574512";"9605,896211597528";"3";"";"";"";"";"1194283";"1"
"648536,2024";"6864445,5141";"TERNES";"9509,412302209128";"9912,470730148016";"9144,85416222559";"10138,885945011967";"10517,217708724003";"10877,475625385789";"10016,719412284083";"2";"";"";"";"";"3329214";"1"
"652811,918";"6858677,1935";"TOLBIAC";"7363,217158994797";"7229,1019999306845";"7350,651366387635";"7850,0731994277985";"8096,899517805639";"8665,8381229529";"7759,296894249909";"7";"";"";"";"";"3191066";"1"
"651045,3002";"6864239,7516";"TRINITE-D'ESTIENNE D'ORVES";"9883,703828306916";"8693,391594099745";"8525,007633218907";"10965,426685527587";"12857,093911553728";"13225,50515483216";"10691,688134589838";"12";"";"";"";"";"1876512";"1"
"647685,5171";"6862825,7413";"TROCADERO";"9553,749635858338";"9109,77374071441";"9648,035758123027";"10485,54817578996";"11660,495466918193";"11839,272554475996";"10382,812555313321";"6";"9";"";"";"";"9327124";"2"
"650857,0163";"6862909,8123";"TUILERIES";"12642,67025444045";"11086,16530728815";"10929,068899354608";"13561,541450293378";"14461,204126224235";"17379,00937527661";"13343,276568812906";"1";"";"";"";"";"2614837";"1"
"650191,3229";"6861188,8641";"VANEAU";"10862,14286953277";"10548,666105212846";"11299,144112390264";"11562,395926564994";"12376,492424248692";"13203,40472155888";"11642,04102658474";"10";"";"";"";"";"1028480";"1"
"649744,034";"6862088,4335";"VARENNE";"11079,645751219368";"11771,764212917496";"12907,564016607388";"13037,990270002425";"15871,238748605036";"15781,512002089157";"13408,285833573478";"13";"";"";"";"";"1241311";"1"
"648703,4994";"6860167,7255";"VAUGIRARD (ADOLPHE CHERIOU)";"8268,960345077689";"8019,365831972821";"8523,264902051622";"8617,00493492859";"9112,85179924736";"9654,067457908732";"8699,252545197802";"12";"";"";"";"";"3445009";"1"
"650753,8774";"6860450,3764";"VAVIN";"9978,25473201087";"10014,83449106553";"12055,503425007333";"11202,520458980056";"11509,74329645735";"13123,495521275048";"11314,0586541327";"4";"";"";"";"";"2021987";"1"
"647576,3599";"6863545,1478";"VICTOR HUGO";"9798,79339888708";"9220,44875796482";"9521,651572501842";"10020,690981157806";"11187,847684420303";"11834,460099689813";"10263,982082436944";"2";"";"";"";"";"3841033";"1"
"649776,2512";"6864787,9506";"VILLIERS";"8727,673816840203";"8568,659203231546";"8793,08374025981";"9870,656943779199";"10169,664835639129";"11485,616207849109";"9602,559124599833";"2";"3";"";"";"";"5667552";"2"
"649207,5446";"6860384,4512";"VOLONTAIRES";"8254,198285346827";"8211,59388152137";"8651,926079000017";"8725,595271787275";"9208,252074612625";"9788,056368464233";"8806,603660122058";"12";"";"";"";"";"2362771";"1"
"654562,2299";"6862113,3974";"VOLTAIRE (LEON BLUM)";"7738,138844095204";"7677,77031801453";"8103,716292245907";"8752,055458782965";"9206,174566933423";"9858,801325358838";"8556,10946757181";"9";"";"";"";"";"4975145";"1"
"649008,6628";"6865090,3639";"WAGRAM";"8756,848691304382";"8474,9152088377";"8599,652863127943";"9658,109094956517";"10393,937052481144";"10300,088828539774";"9363,925289874578";"3";"";"";"";"";"2386255";"1"
