index;Latitude;Longitude;gares_id;nom_gare;nomlong;ligne;x;y;prix_moyen_2014;prix_moyen_2015;prix_moyen_2016;prix_moyen_2017;prix_moyen_2018;prix_moyen_2019;prix_moyen_global
38;48,87755125;2,283162242;1;Porte Maillot;PORTE MAILLOT;1;647424,8025;6864408,631;7684.26248087949;8558.06966497784;8706.51453815775;9414.13984861106;9807.17654833934;10289.9092443524;9076.67872088632
228;48,88459421;2,337949777;2;Abbesses;ABBESSES;12;651449,5655;6865156,678;8669.51019533954;8219.60572107831;8426.39242127461;10018.139838923;9471.74247642109;9929.53378757051;9122.48740676785
67;48,82818848;2,32716465;10;Alésia;ALESIA;4;650605,2307;6858891,556;8124.67428710372;8233.26594199074;8349.4185304257;8550.29826702651;9023.36561075846;10061.0821242212;8723.68412692105
232;48,85637736;2,394561945;11;Alexandre Dumas;ALEXANDRE DUMAS;2;655576,9894;6861985,838;6402.46059486643;7027.32585647507;7517.94078899633;8021.83973589922;20876.105085329;8766.83601270365;9768.75134571163
143;48,86476685;2,300991004;14;Alma-Marceau;ALMA-MARCEAU;9;648719,8026;6862975,383;28820.5564594881;12055.5526238596;14289.7951644798;13942.2835780385;14522.8820151798;13895.7758672384;16254.474284714
68;48,88286865;2,344130634;21;Anvers;ANVERS;2;651901,2249;6864961,024;7859.89785312992;7919.1251972327;8119.90612587968;9490.95280027636;9365.38323823882;9412.21298604463;8694.57970013368
144;48,87559405;2,28932259;25;Argentine;ARGENTINE;1;647874,6513;6864186,921;10937.0235190468;8757.89944441099;9016.66856457674;9163.68281880867;10806.5506433338;10645.5426928612;9887.89461383972
69;48,86532271;2,356729869;27;Arts et Métiers;ARTS ET METIERS;11;652809,2865;6863002,436;8991.80800122837;9412.81578224316;9604.86219635939;10674.9546732109;10658.2634794554;13067.5427863493;10401.7078198077
70;48,86558648;2,356736757;28;Arts et Métiers;ARTS ET METIERS;3;652810,0307;6863031,761;9035.62251309215;9375.45385680851;9574.16344571172;10589.6168395801;10475.217674368;12922.2274687522;10328.7169663854
1;48,86078696;2,320998192;30;Assemblée Nationale;ASSEMBLEE NATIONALE;12;650183,7135;6862520,047;13640.9648168039;12867.1410433377;15869.8479523583;14105.2190787961;16343.350013997;25195.6322492436;16337.0258590895
146;48,84701958;2,295420478;43;Avenue Émile Zola;AVENUE EMILE ZOLA;10;648293,5441;6861005,688;8634.16981123783;8370.01588156607;8851.20272090088;9279.00641086177;9978.41533249751;10556.953337456;9278.29391575336
311;48,85151028;2,398302344;44;Avron;AVRON;2;655847,3058;6861442,562;7141.84340708114;7136.9207972541;7229.98514072446;7946.04564646735;8009.34948687481;8822.19565297343;7714.39002189588
2;48,83593088;2,278161671;47;Balard;BALARD;8;647015,7484;6859784,187;7300.91785591634;7432.03004299091;7291.78464254537;8459.43651754745;8773.68337663413;9162.05821465639;8069.98510838177
71;48,88380394;2,350613001;49;Barbès-Rochechouart;BARBES-ROCHECHOUART;2;652377,4597;6865061,094;6891.71262649669;6694.59691965607;6817.75660586106;7798.92373783124;8180.20433532757;8939.68347126507;7553.81294940628
312;48,88343619;2,349774444;50;Barbès-Rochechouart;BARBES-ROCHECHOUART;4;652315,6291;6865020,708;7066.86455003467;6932.25814855124;7011.77476057849;8016.45763051836;8408.85886678416;9124.83443693203;7760.17473223316
3;48,85247942;2,369320585;54;Bastille;BASTILLE;1;653721,5234;6861566,918;9589.04741873533;8549.21170946319;10209.1788925734;10970.5054040873;11379.6943763956;12236.377973902;10489.0026291928
147;48,85343696;2,368736573;55;Bastille;BASTILLE;5;653679,5214;6861673,73;9825.55239468835;8688.45563649607;10460.1005121697;9532.48243343462;11610.1395680283;12143.511314165;10376.706976497
233;48,85343943;2,36951357;56;Bastille;BASTILLE;8;653736,5364;6861673,549;9662.01503051483;8522.63997507433;10261.7682494998;9421.05197809615;11727.8974063202;12237.6572243233;10305.5049773047
4;48,84133825;2,400918538;59;Bel Air;BEL-AIR;6;656030,6977;6860310,066;6967.74881754226;8115.72605135855;7398.00662537207;8494.49373286392;8028.93266243247;8647.67138992487;7942.09654658236
72;48,87184879;2,376593683;60;Belleville;BELLEVILLE;11;654272,2071;6863716,401;7027.31930173114;6677.66631243593;6555.7885017128;7786.15265680713;12707.1876389208;9083.64715920024;8306.29359513467
148;48,87231011;2,376702145;61;Belleville;BELLEVILLE;2;654280,5677;6863767,634;6796.36206682402;6649.31914239409;6527.9079628062;7638.54745993524;8454.98985161673;9049.29898092784;7519.40424408402
149;48,84000139;2,379554011;66;Bercy;BERCY;14;654461,522;6860173,53;5884.37825569987;7238.58042558312;7767.69765782784;7648.38968426634;7747.02473548436;8714.49407932788;7500.09413969824
5;48,84038875;2,379911271;67;Bercy;BERCY;6;654488,0813;6860216,394;6701.16779427128;7235.21901499644;7761.57056917257;7868.31805389482;7964.04556022755;8753.49450296666;7713.96924925489
308;48,82999028;2,375748144;72;Bibliothèque François Mitterrand;BIBLIOTHEQUE FRANCOIS MITTERRAND;14;654173,3908;6859062,602;6877.88361767704;5743.91394146839;7533.51503372841;10813.7448461478;13614.1740026301;8915.48637287248;8916.45296908739
229;48,85394261;2,289334533;75;Bir-Hakeim (Grenelle);BIR-HAKEIM (GRENELLE);6;647853,8595;6861779,461;8844.78553608584;8433.5935945807;8597.29094357182;9497.46824269479;10121.6098607496;10105.2982122925;9266.67439832922
142;48,88395857;2,331926591;76;Blanche;BLANCHE;2;651007,2769;6865089,72;14496.6857131854;8012.08954850508;8537.59806355917;10048.1899736551;9199.26550952689;9800.21797795698;10015.6744643981
230;48,86698311;2,290058835;84;Boissière;BOISSIERE;6;647920,0418;6863228,968;13376.1070679503;10031.6952784781;10324.2671907304;10087.6552479217;11401.5640184104;12183.4625394762;11234.1252238278
231;48,88082126;2,374147154;88;Bolivar;BOLIVAR;7b;654100,662;6864715,501;6552.21923411512;6859.69456155344;6978.48369399684;7709.46436322488;7880.8602931233;8143.35950374733;7354.01360829348
140;48,8701642;2,350497972;90;Bonne Nouvelle;BONNE NOUVELLE;8;652356,5489;6863544,515;8971.40294863344;8692.34459449045;9388.04522827624;9692.44887925852;10178.8577225595;11937.7452580739;9810.14077188201
62;48,8701642;2,350497972;91;Bonne Nouvelle;BONNE NOUVELLE;9;652356,5489;6863544,515;8971.40294863344;8692.34459449045;9388.04522827624;9692.44887925852;10178.8577225595;11937.7452580739;9810.14077188201
0;48,87948177;2,389115807;93;Botzaris;BOTZARIS;7b;655197,2716;6864557,96;6668.66200139094;6202.2973298106;6728.31990903628;7273.38386669471;7745.96931025555;8308.9595370501;7154.5986590397
305;48,84109406;2,287945767;94;Boucicaut;BOUCICAUT;8;647739,0763;6860351,754;8262.62223299026;8055.23775017883;8341.36944139069;9572.95684368219;9182.14375772528;9534.3404890646;8824.77841917197
306;48,85231543;2,389378128;98;Rue des Boulets;RUE DES BOULETS;9;655193,1503;6861537,115;8186.97266725849;7916.82724694068;7539.78327381884;8402.43702894567;17820.7328369156;9496.44320189015;9893.86604262825
141;48,86869598;2,340720724;104;Bourse;BOURSE;3;651638,0039;6863387,203;17532.8417837476;13298.9154918997;10470.7284248022;13037.3889389125;14155.6917097197;14909.6280226233;13900.8657286175
64;48,85614071;2,370209338;107;Bréguet-Sabin;BREGUET-SABIN;5;653789,9847;6861973,5;9539.35071140623;8457.84401751235;10248.5683573448;8341.08722400689;11727.2651526427;11934.9523663792;10041.511304882
319;48,89058719;2,320174756;113;Brochant;BROCHANT;13;650151,8308;6865834,137;7313.28996811428;7152.03071657168;7163.02217231161;7986.65950903369;9385.09357865449;8850.22377094444;7975.05328593836
320;48,87851411;2,381614512;120;Buttes-Chaumont;BUTTES-CHAUMONT;7b;654646,2892;6864454,645;6291.53711080625;6192.2511595924;6331.22606463996;7382.14774360729;7867.1681342722;8547.04062390424;7101.89513947039
79;48,85181213;2,401022271;121;Buzenval;BUZENVAL;9;656047,1453;6861474,608;6246.00063096469;6808.86666357309;7092.50497376657;7633.83267004274;7511.56793321882;8496.64005152801;7298.23548718232
239;48,87589068;2,34412603;122;Cadet;CADET;7;651894,4424;6864185,122;8762.27472332969;8012.75338943158;10673.8926532143;9089.52551451013;10036.6540604875;11695.0806133547;9711.69682572135
80;48,84750708;2,302968299;123;Cambronne;CAMBRONNE;6;648847,9145;6861054,977;8827.97965947099;8688.34223553512;9155.93225366231;9674.91171841921;10004.7537419578;11114.2683020432;9577.69798518145
10;48,83549536;2,358823489;124;Campo Formio;CAMPO-FORMIO;5;652935,9416;6859684,661;7890.78852086409;8260.92404440455;8893.68799910847;8526.47122599824;8394.09966308396;9549.21388661501;8585.86422334572
154;48,84665685;2,351623256;125;Cardinal Lemoine;CARDINAL-LEMOINE;10;652417,6279;6860930,02;13261.9983721477;11297.7067305976;10606.9653232135;11271.6015340391;12080.2996399446;11424.0410245739;11657.1021040861
240;48,84048665;2,351739487;127;Censier-Daubenton;CENSIER-DAUBENTON;7;652420,525;6860243,886;11331.2712486479;10114.8985983734;9422.70013929579;10036.276158887;10505.7600338512;10731.6261977878;10357.0887294739
155;48,86790534;2,31354555;144;Champs-Élysées-Clémenceau;CHAMPS-ELYSEES-CLEMENCEAU;1;649643,8307;6863316,278;21992.0335154164;19289.1862106849;11367.8889222229;14231.7121321531;19059.3435891708;26427.5847652059;18727.9581891423
156;48,86760215;2,313894129;145;Champs-Élysées-Clémenceau;CHAMPS-ELYSEES-CLEMENCEAU;13;649669,1078;6863282,343;22391.9307778889;19857.3923058744;10158.1529207719;15181.6257336261;19259.5196477499;27214.1157920632;19010.4561963291
81;48,8452047;2,266441543;149;Chardon Lagache;CHARDON-LAGACHE;10;646165,0737;6860823,259;7630.28148476942;7685.94864878463;8064.52134060255;8488.99648125071;8772.29375962589;9872.52470831243;8419.09440389094
12;48,87514982;2,295904906;152;Charles De Gaulle-Étoile;CHARLES DE GAULLE ETOILE;1;648356,9846;6864133,201;10592.3344951357;10831.4762579016;9759.7559727224;10639.7085029981;22838.7037011391;13527.4736135746;13031.5754239119
241;48,87461393;2,29556737;153;Charles de Gaulle-Étoile;CHARLES DE GAULLE ETOILE;2;648331,6965;6864073,835;10618.8033644263;11539.502018339;9911.97200917932;10660.1670565176;23298.1924320722;13782.949114378;13301.9309991521
321;48,87474865;2,295560256;154;Charles de Gaulle-Étoile;CHARLES DE GAULLE ETOILE;6;648331,3084;6864088,82;10606.6881254575;11522.0391590804;9923.33041437806;10698.5181607148;23376.7238189434;13747.2871180829;13312.4311327762
82;48,84653464;2,285999223;155;Charles Michels;CHARLES MICHELS;10;647601,6846;6860957,977;8456.91776199182;8184.69200262372;8363.49500412121;9511.54303157272;9332.63328422899;9893.76337360799;8957.17407635774
158;48,8545805;2,385563481;156;Charonne;CHARONNE;9;654915,2006;6861791,142;8423.98013663624;7900.43759939276;7665.11337698944;8454.87181842995;17136.8107443707;9578.42058627996;9859.93904368318
323;48,87242491;2,356044908;159;Château d'Eau;CHATEAU D'EAU;4;652765,4788;6863792,558;8020.72206909731;8700.73070028152;8258.92293742228;8550.75793490733;9377.71956550867;10963.8712780835;8978.78741421678
324;48,87856563;2,362160072;161;Château-Landon;CHATEAU-LANDON;7;653219,5359;6864471,723;6813.09065246878;7235.37813109933;8263.30302218082;7836.05444377522;8534.6481738245;9523.46407169607;8034.32308250745
159;48,88737491;2,349694082;162;Château Rouge;CHATEAU ROUGE;4;652313,3429;6865458,719;6450.26960386015;6279.5940870477;6794.23362626525;7474.96389949293;8052.3597352282;8587.48986509376;7273.15180283133
160;48,85755636;2,348308895;165;Châtelet;CHATELET;11;652184,4051;6862143,948;10555.6080225617;9867.97130150071;9843.40375855432;13075.0452462307;14665.0317759918;11875.580405482;11647.1067517202
83;48,8587992;2,347305853;166;Châtelet;CHATELET;1;652111,9543;6862282,748;9312.98906279398;9551.08618808097;9328.10165035637;12840.7293416742;13568.8713863134;11516.8629486378;11019.7734296428
242;48,85770882;2,347944311;167;Châtelet;CHATELET;14;652157,7956;6862161,121;10528.5515338455;9912.47924651225;9844.59995277525;13198.3934672127;14771.3631042666;11654.6206750514;11651.6679966106
161;48,85838237;2,34756483;168;Châtelet;CHATELET;4;652130,572;6862236,244;9346.22224996343;9787.05384824292;9439.85890720929;12877.4298618789;13759.9727318563;11368.481942799;11096.5032569916
13;48,85705997;2,34771188;169;Châtelet;CHATELET;7;652140,1462;6862089,115;10007.4118751984;10322.004728961;10274.6292886804;13398.6070118673;14857.9225037416;11868.9135258471;11788.248155716
162;48,87310927;2,333451219;173;Chaussée d'Antin (La Fayette);CHAUSSEE D'ANTIN (LA FAYETTE);7;651108,8982;6863882,406;54398.8147137272;15251.697753245;9422.91399081242;15393.1749970547;17046.5826904915;21129.527262744;22107.1185680125
163;48,87293766;2,333479132;174;Chaussée d'Antin (La Fayette);CHAUSSEE D'ANTIN (LA FAYETTE);9;651110,7845;6863863,306;55456.2553013234;20816.2074263188;9456.21738335049;15571.596683128;17152.5896285729;21416.8929440621;23311.626561126
243;48,85742004;2,368108291;180;Chemin Vert;CHEMIN VERT;8;653636,9649;6862116,982;9628.84074255845;8592.89568221397;10321.0004113708;9704.98484459005;11798.2143446988;12113.4821533287;10359.9030297934
326;48,83494772;2,368126329;183;Chevaleret;CHEVALERET;6;653618,2928;6859618,266;6565.79890737853;6845.30747565249;8285.87368645453;7787.1275832944;7800.38647326851;8568.65071585915;7642.1908069846
164;48,85493638;2,347321316;188;Cité;CITE;4;652109,5385;6861853,227;10920.273477316;10709.0760867451;10456.4640553612;13806.3042713189;14788.4000087737;13581.7292866514;12377.0411976944
84;48,85105028;2,344273345;192;Cluny-la Sorbonne;CLUNY-LA-SORBONNE;10;651882,3097;6861422,982;11754.7954966441;10785.8257280232;10844.804559302;13292.1848742531;12747.36966488;13917.2593272029;12223.7066083842
14;48,87761019;2,370811395;195;Colonel Fabien;COLONEL FABIEN;2;653853,1813;6864360,393;6667.65587564391;7235.11554399944;7943.88286475224;7671.87603536387;8157.74992022195;8387.90753060421;7677.36462843094
15;48,84479476;2,293951964;197;Commerce;COMMERCE;8;648183,5662;6860759,274;8458.48207202234;8268.02503649408;8729.52216226091;10094.9016108388;10031.6630752562;10063.9660274369;9274.42666405156
165;48,8662858;2,322943412;199;Concorde;CONCORDE;1;650331,6676;6863130,246;15893.0637034335;60455.5527745211;9287.53337539428;12645.057967656;30258.5424158679;39170.2247033108;27951.6624900306
327;48,86616711;2,323175681;200;Concorde;CONCORDE;12;650348,5931;6863116,903;16273.8351972366;60587.6519740577;9396.54965771318;12733.2897310725;30133.0209205764;45064.6018298215;29031.4915517463
166;48,86681837;2,322082849;201;Concorde;CONCORDE;8;650269,0473;6863190,005;16018.275090088;58689.2955240431;8886.58426880112;12666.522716317;29002.0578895193;33097.2929862427;26393.3380791685
167;48,83730749;2,296630343;206;Convention;CONVENTION;12;648372,7098;6859925,017;7951.43123920184;7390.07049540629;8342.72016501113;8274.03383916378;8699.01847407647;9534.24173948984;8365.25265872489
244;48,89483647;2,382522343;209;Corentin-Cariou;CORENTIN CARIOU;7;654727,0632;6866269,082;5282.53422037229;5784.51912496018;5932.52991421281;5740.91828574179;6742.11595216516;6386.54265489013;5978.19335872373
150;48,82979051;2,350414872;212;Corvisart;CORVISART;6;652313,5223;6859055,391;7934.97810751233;7318.58028746783;7557.46124191525;8077.18950536362;8739.2065619033;9157.36978875259;8130.79758215249
234;48,87921413;2,303528725;218;Courcelles;COURCELLES;2;648920,1378;6864580,164;8975.62143529904;10033.5858560578;8008.49910953653;11301.9819328209;10696.2068374159;10913.8365728354;9988.28862399428
151;48,86909116;2,380542586;220;Couronnes;COURONNES;2;654559,4536;6863407,492;7414.10140777741;5334.13679471888;6928.22316939361;7835.4501487793;7941.83872855712;8640.48418156302;7349.03907179822
313;48,83333856;2,386632402;221;Cour Saint-Émilion;COUR SAINT-EMILION;14;654975,2848;6859428,633;6992.12810699566;7206.65185512121;6728.96520756168;7380.66171654157;7360.11434604207;8531.26481175177;7366.63100733566
75;48,89078897;2,377315756;227;Crimée;CRIMEE;7;654341,7793;6865822,018;5668.34065130457;5663.52807891334;5824.81105525974;6068.39806426963;6698.4515521601;6683.66338048211;6101.19879706492
236;48,881932;2,393445456;232;Danube;DANUBE;7b;655516,8981;6864827,963;6392.82689553586;6788.26508727634;6028.83898160148;6955.93083816741;7201.56821690105;7820.83402402712;6864.71067391821
237;48,83954965;2,395703289;233;Daumesnil;DAUMESNIL;6;655646,4124;6860114,108;6858.2427137149;7953.87931852465;7112.78638504276;8355.14942957695;8181.73883411769;7889.75895942443;7725.25927340023
8;48,83944543;2,396182886;234;Daumesnil;DAUMESNIL;8;655681,5241;6860102,251;6875.11057977832;7936.26084459281;7110.67105340871;8300.71352540094;8130.96041985003;7901.20067694896;7709.15284999663
76;48,83345086;2,331740131;236;Denfert-Rochereau;DENFERT-ROCHEREAU;4;650946,0738;6859473,819;8244.7137394229;8436.13857130783;9328.61956840406;7641.74749023804;8418.14658835321;11379.7071575272;8908.17885254222
315;48,83429298;2,33285231;237;Denfert-Rochereau;DENFERT-ROCHEREAU;6;651028,503;6859566,764;8225.97481876282;8563.87021257186;9700.85790419732;7555.39096816226;8352.31691545837;12201.3080265009;9099.95314094227
316;48,83904114;2,389620011;244;Dugommier;DUGOMMIER;6;655199,4896;6860061,002;6536.85967128481;8273.10784915912;6975.55019373911;8646.00212170136;7946.32774279114;7190.04734865165;7594.64915455453
317;48,85043455;2,29361244;245;Dupleix;DUPLEIX;6;648164,2594;6861386,583;8862.26283951037;8463.49935562922;9033.66410033813;9673.08085689776;10103.0927303414;10435.2920677163;9428.48199173888
77;48,84698911;2,317005236;246;Duroc;DUROC;10;649877,4993;6860988,381;10445.1844042604;9574.04647440641;11892.2366438769;10544.7917635234;11013.9320364322;11927.3765499288;10899.5946454047
9;48,84705255;2,316424352;247;Duroc;DUROC;13;649834,9325;6860995,805;10270.3997810759;9707.0042570371;11938.5106615014;10504.2463968254;11038.6871500638;11950.7704569919;10901.6031172492
78;48,85468216;2,306097404;248;École Militaire;ECOLE MILITAIRE;8;649084,5508;6861850,752;10187.4307372152;10170.797524874;10708.6682363021;12795.1762200907;12513.3835755849;13158.3470714647;11588.9672275886
153;48,84066323;2,326384611;250;Edgar Quinet;EDGAR QUINET;6;650559,8002;6860279,096;9374.85518727649;9164.36867261912;12369.0411402241;8578.35909733303;10537.1100351449;11789.9536733116;10302.2813009849
318;48,84715006;2,269135873;251;Église d'Auteuil;EGLISE D'AUTEUIL;10;646364,8036;6861037,728;7860.45455500142;8036.37404396721;8251.27213662771;8600.60003502454;8900.73946729517;9639.82952461909;8548.21162708919
22;48,86380744;2,348880653;273;Étienne Marcel;ETIENNE-MARCEL;4;652232,0865;6862838,669;9354.40504502753;10025.1389175921;9872.58649338951;10897.0389818977;11046.1286791532;12047.5027303766;10540.4668079061
89;48,87877037;2,322265213;275;Europe;EUROPE;3;650293,8318;6864518,863;10986.3255675589;8093.55430512282;11603.0198731417;13569.9065263177;9907.61453920061;12717.362805806;11146.2972695246
170;48,8429387;2,260032902;278;Exelmans;EXELMANS;9;645692,4042;6860575,693;7617.05982059776;9230.5548152467;7735.19596268527;8416.99176623269;8776.33920223317;9686.79104044948;8577.15543457418
333;48,85017786;2,38409221;279;Faidherbe Chaligny;FAIDHERBE-CHALIGNY;8;654803,4286;6861302,449;8624.77447470571;8390.95679439525;7524.52372163415;8511.58122048696;9437.47593956026;9688.11728886752;8696.23823994164
90;48,84447014;2,317852783;280;Falguière;FALGUIERE;12;649937,2765;6860707,761;10118.7037527702;9387.84735581379;9817.38428533266;10167.9011577619;10820.5425311329;11455.2465192527;10294.6042670107
334;48,84274678;2,291912413;282;Félix Faure;FELIX FAURE;8;648031,8468;6860532,9;8262.16360978347;8180.76114260019;8710.36556038833;9975.88506711735;9796.92535671415;9534.75536170076;9076.80934971738
171;48,86325795;2,366661095;283;Filles du Calvaire;FILLES DU CALVAIRE;8;653535,9904;6862766,961;8789.4732715843;8602.78511434827;9398.5338619772;10397.8988981445;10671.1645618149;11874.2027921235;9955.67641666545
17;48,86980822;2,307470793;293;Franklin D.Roosevelt;FRANKLIN-D.ROOSEVELT;1;649200,0725;6863531,754;28618.5725090833;16095.9862100297;13436.4897711;15216.3084029637;15555.426780104;20866.4892845623;18298.2121596405
330;48,86869985;2,309505157;294;Franklin D.Roosevelt;FRANKLIN-D.ROOSEVELT;9;649348,2201;6863407,205;33704.3457352758;16490.4451175786;14509.5848044943;14222.6001178366;16792.5407930434;25018.4862502643;20123.0004697489
19;48,83863165;2,32249175;299;Gaïté;GAITE;13;650272,1513;6860055,651;8506.13045909154;8322.24525466288;9059.77500694368;7944.78777161279;9643.3600713581;10831.4798030534;9051.29639445374
168;48,86491669;2,39898444;301;Gambetta;GAMBETTA;3;655908,7036;6862932,865;6549.21396957141;4914.76196812017;7038.98727641667;7600.41742420138;8091.55498512232;8553.04121114353;7124.66280576258
331;48,86516343;2,398746593;302;Gambetta;GAMBETTA;M3bis;655891,4641;6862960,435;6558.97796756166;4924.87623439317;6994.94454783063;7584.93048421798;8096.12055385991;8586.98439508897;7124.47236382539
7;48,8424368;2,365184812;311;Gare d'Austerlitz;AUSTERLITZ;10;653409,0746;6860452,705;3919.71648548479;8340.15064756943;9309.69210534233;9784.77097738069;13744.8217332517;10384.4033709043;9247.2592199889
250;48,84226539;2,365338653;312;Gare d'Austerlitz;AUSTERLITZ;5;653420,212;6860433,555;3927.92971045695;8284.66967179661;9511.3216777954;9781.31973549157;14024.6064425608;10656.1227173873;9364.32832591478
23;48,87599106;2,357880772;313;Gare de l'Est;GARE DE L'EST;4;652903,3623;6864187,992;7374.86635505004;8813.39299800745;7684.44034612274;8535.79520835172;8633.92692055625;10912.4239805114;8659.14096809994
24;48,87612635;2,358047505;314;Gare de l'Est;GARE DE L'EST;5;652915,7135;6864202,936;7445.82768218672;8812.43400247327;7605.26428586575;8544.83514053495;8588.47968683865;10798.5744220884;8632.56920333131
251;48,8762727;2,358057904;315;Gare de l'Est;GARE DE L'EST;7;652916,6085;6864219,203;7353.91886949267;8832.50755828108;7610.42392332254;8545.65607636542;8547.96556765622;10875.7028253585;8627.69580341274
25;48,84398558;2,37301422;317;Gare de Lyon;GARE DE LYON;14;653985,0528;6860620,324;7304.84280758701;7682.3106295721;12291.1635455155;7488.37056394473;43671.0162713493;8237.06918683186;14445.7955008
173;48,87955128;2,356995164;318;Gare du Nord;GARE DU NORD;4;652841,632;6864584,394;6821.29405572686;7063.76447554374;7271.61154606227;8025.23595821122;8622.06573856149;9526.48664850897;7888.40973710243
335;48,87985014;2,357459347;319;Gare du Nord;GARE DU NORD;5;652875,9451;6864617,348;6814.28578297032;6810.26585827337;7200.81027897382;7872.13908164856;8504.52286779283;9380.94108347638;7763.82749218921
87;48,87202381;2,300560451;329;George-V;GEORGE V;1;648695,3653;6863782,578;14872.9182074903;13960.4292401381;13385.8827173648;12994.1614605294;30769.6664024674;17608.333829261;17265.2319762085
329;48,83112955;2,343511658;331;Glacière;GLACIERE;6;651808,0022;6859208,467;7661.49917165707;7711.73501748867;7807.40382231462;8391.08939493573;8928.62606718823;9513.40167457584;8335.62585802669
246;48,86995751;2,37109484;332;Goncourt (Hôpital Saint-Louis);GONCOURT (HOPITAL SAINT-LOUIS);11;653867,1922;6863509,302;7289.65443357408;7423.19899955101;7481.85681810921;8400.92064618594;12324.0608976718;10499.8206841231;8903.25207986921
248;48,89282885;2,327428459;342;Guy Môquet;GUY MOQUET;13;650685,8186;6866078,843;6978.67809818391;6856.99416684093;6715.13812640274;9278.03019222936;8564.92202767531;9554.01260695525;7991.29586971458
249;48,87351339;2,32754308;344;Havre-Caumartin;HAVRE-CAUMARTIN;3;650675,9316;6863931,015;45092.9010582755;13465.9357874011;8861.00713663922;11856.5872056528;12953.745374938;11232.2534211144;17243.7383306702
332;48,87371341;2,32769541;345;Havre-Caumartin;HAVRE-CAUMARTIN;9;650687,2939;6863953,16;44774.3369975271;13481.6069223532;8860.75310519551;15023.4289596782;13030.1144994374;11183.6360799497;17725.6460940235
88;48,89122859;2,402352143;348;Hoche;HOCHE;5;656177,9025;6865856,716;4954.20875420875;4619.51575645629;4800.79957016273;4745.22407028233;4313.78305505829;5148.5059138465;4763.67285333582
20;48,85747798;2,351577563;352;Hôtel de Ville;HOTEL DE VILLE;1;652424,1554;6862133,258;10183.4831413049;9954.00706278663;9291.8541525959;12731.4052090009;13864.6144712265;14175.6751137365;11700.1731917752
169;48,85745183;2,351008461;353;Hôtel de Ville;HOTEL DE VILLE;11;652382,3765;6862130,694;10248.6865698636;9958.46194780665;9258.97257952387;12537.688515804;13801.497963979;14214.900708674;11670.0347142752
336;48,86479407;2,294162018;359;Iéna;IENA;9;648218,8598;6862982,866;8918.97475123083;9643.50828289968;11746.0649692213;10418.6713293497;11816.4141089513;12743.7172897652;10881.225121903
253;48,8623647;2,313909578;362;Invalides;INVALIDES;13;649665,1809;6862699,973;11689.8245611656;11419.5699642254;11480.08487137;11725.0465927358;22326.8746477128;14009.7930135468;13775.1989417928
254;48,86232533;2,315138432;363;Invalides;INVALIDES;8;649755,2952;6862694,812;12195.0052316203;11415.6114921421;11840.1605215777;12160.531113957;24572.0270653863;25234.1693187456;16236.2507905715
174;48,87080998;2,361027467;370;Jacques Bonsergent;JACQUES BONSERGENT;5;653129,4916;6863610,019;8067.32267090189;8978.73594566206;8158.38394375297;9641.94492093884;8348.5050147401;11552.1850228703;9124.51291981104
27;48,85250409;2,268176749;372;Jasmin;JASMIN;9;646299,9369;6861633,692;8458.70081254542;8468.39664653569;8461.54361417579;8958.46804243538;9657.95328785346;10445.4352434257;9075.08294116191
91;48,8814986;2,370262127;373;Jaurès;JAURES;2;653816,3452;6864793,081;6727.26536871934;6714.42041623023;7532.37427022776;7473.29588781344;7819.29532682261;8121.26085912806;7397.98535482357
337;48,88314745;2,371001441;374;Jaurès;JAURES;5;653872,0243;6864975,992;6500.25377074551;6509.14692121527;7583.70523142931;7189.26936596132;6937.84647887998;7790.50394563888;7085.12095231171
92;48,88246525;2,370157962;375;Jaurès;JAURES;7b;653809,5635;6864900,628;6618.59033371411;6572.28101197099;7425.62864878503;7225.71042136385;7068.89645189484;7964.15007429353;7145.87615700372
28;48,84612367;2,27771174;377;Javel-André CitroÃ«n;JAVEL;10;646993,0906;6860917,813;3582.15159428097;7603.5965151316;7999.3733676098;7727.71548886061;8814.14913987543;9376.70061747423;7517.28112053877
93;48,87511182;2,389415032;379;Jourdain;JOURDAIN;11;655215,4591;6864071,879;8266.27742291019;5724.63107991399;6730.48731302227;7816.79347412696;7871.73464662934;8215.49336387348;7437.56955007937
94;48,89243959;2,344657004;382;Jules Joffrin;JULES JOFFRIN;12;651948,6586;6866024,937;6876.56469012045;6726.60471575397;7122.6269100293;7904.43790299245;8428.60189418592;8962.99744280901;7670.30559264852
255;48,84615112;2,354917984;383;Jussieu;JUSSIEU;10;652658,953;6860871,808;13539.7462008966;11382.4142803275;10419.0619020916;10933.2419247702;12181.773805185;11377.4367933008;11638.9458177619
175;48,84595067;2,355050263;384;Jussieu;JUSSIEU;7;652668,4784;6860849,44;13578.9617502326;11382.4149592027;10322.0123904402;10866.7877604624;11944.4964665768;11140.6766951089;11539.2250036706
29;48,87164977;2,29352429;389;Kléber;KLEBER;6;648178,897;6863745,582;16185.8358612489;11259.7813038984;12208.1740589679;9751.20967881149;28981.0441940372;14695.4443125282;15513.5815682487
176;48,8843988;2,360491319;409;La Chapelle;LA CHAPELLE;2;653102,402;6865121,325;6122.99491249102;6097.71906991812;7156.9713946554;6364.76492590761;7259.17018164916;8096.06018790884;6849.61344542169
182;48,88718395;2,325779675;416;La Fourche;LA FOURCHE;13;650559,5701;6865452,193;7866.40941067629;7295.52510588582;7659.33429468006;8370.38470598542;8924.84861830999;9037.92210121231;8192.40403945832
185;48,88967407;2,338760649;419;Lamarck-Caulaincourt;LAMARCK-CAULAINCOURT;12;651513,7584;6865721,031;7846.06631260202;7883.93856778174;8007.68751392612;9364.80438268093;9339.19583588696;10022.6598523815;8744.05874420989
101;48,84935055;2,298301402;420;La Motte Picquet-Grenelle;LA MOTTE-PICQUET-GRENELLE;10;648507,262;6861262,985;9087.76791906653;8666.61137506352;9042.88977178814;9854.29144187893;10123.7404626542;11286.9389614875;9677.03998865648
183;48,84874167;2,298930912;421;La Motte Picquet-Grenelle;LA MOTTE-PICQUET-GRENELLE;6;648552,855;6861194,873;8942.3914047948;8614.43422712507;9071.66511438581;9670.31689255604;9972.54029134649;11285.7513225265;9592.8498754558
342;48,84935055;2,298301402;422;La Motte Picquet-Grenelle;LA MOTTE-PICQUET-GRENELLE;8;648507,262;6861262,985;9087.76791906653;8666.61137506352;9042.88977178814;9854.29144187893;10123.7404626542;11286.9389614875;9677.03998865648
184;48,85804606;2,274154631;423;La Muette;LA MUETTE;9;646744,2368;6862245,856;8972.86397882805;8845.09890709489;9408.25371913037;9489.51609416635;9599.2099237456;10833.3502149561;9524.71547298689
262;48,85772541;2,310565961;425;La Tour Maubourg;LA TOUR MAUBOURG;8;649415,3796;6862186,262;10391.9964289108;10188.756646588;10984.4057168671;12654.5243857016;15159.0772116686;13458.262038283;12139.5037380032
186;48,88521618;2,379663077;426;Laumière;LAUMIERE;5;654509,0245;6865200,998;6488.67212237185;6021.79997317925;6080.58010818692;7122.81493068104;6467.55500507141;8156.35435753989;6722.96274950506
264;48,85127113;2,376118773;441;Ledru Rollin;LEDRU-ROLLIN;8;654219,2941;6861428,603;8351.19325774115;8435.1529954943;8689.06589792949;9549.50705149648;10477.3003451157;9581.41795793853;9180.60625095262
263;48,87487434;2,340199884;443;Le Peletier;LE PELETIER;7;651605,5387;6864074,511;23567.9917362823;9175.34975793429;9940.68061012972;9288.46049675855;11738.1793917756;17442.9886056138;13525.6084330824
343;48,83586348;2,352588926;459;Les Gobelins;LES GOBELINS;7;652478,6539;6859729,327;8178.11344583122;8330.51475479895;8661.12466005187;9127.10070554417;9437.87866168516;10459.9637326136;9032.44932675417
344;48,86231628;2,345673828;460;Les Halles;LES HALLES;4;651995,4564;6862674,809;9203.38817796634;9852.07268876953;9536.7768281643;10492.1548764977;11760.7495536577;11899.6013537095;10457.4572464608
102;48,87963476;2,327022201;467;Liège;LIEGE;13;650643,5277;6864611,994;23702.0008312541;8356.63825845481;10910.0723251981;11802.1031199024;10202.4976853567;10183.4155186976;12526.1212898106
34;48,88128581;2,365544319;476;Louis Blanc;LOUIS BLANC;7;653470,1684;6864772,191;6536.02255305867;6916.43668602481;7427.08446031676;7304.47071760544;8083.23033693909;8290.16309301618;7426.23464116016
103;48,88140473;2,365218782;477;Louis Blanc;LOUIS BLANC;7b;653446,4009;6864785,606;6511.33424912136;6898.43377209883;7452.02901301124;7277.79060982238;8057.5992451421;8270.9442380095;7411.35518786757
189;48,88870602;2,288083633;478;Louise Michel;LOUISE MICHEL;3;647796,9264;6865645,7;7422.38987640097;7173.32121563397;7963.42959790414;8399.03768865281;8792.97290838522;9732.82749964769;8247.3297977708
190;48,83896094;2,282700027;479;Lourmel;LOURMEL;8;647351,9234;6860118,06;5725.36816809412;7850.25476407959;8001.22999392755;10243.9099315405;7988.21583870386;8212.10744053406;8003.51435614662
265;48,86080629;2,341108592;481;Louvre-Rivoli;LOUVRE-RIVOLI;1;651659,1352;6862509,696;9347.76468378201;10360.0717240149;10856.5987032401;12850.2675454313;12628.2603982128;12123.460263978;11361.0705531098
104;48,85301677;2,335502053;486;Mabillon;MABILLON;10;651240,5212;6861647,017;12794.3457557091;12168.178146523;11616.8227313416;14535.3003107545;13965.3921919419;14876.7745389213;13326.1356125319
191;48,87009973;2,32516411;487;Madeleine;MADELEINE;12;650498,1966;6863552,93;11873.190709614;35045.047267166;8998.04590244022;13081.0735391427;24245.1917938554;22756.9440916802;19333.2488839831
346;48,87066702;2,325752635;488;Madeleine;MADELEINE;14;650541,9048;6863615,64;12780.6078994672;34907.5225973325;8972.97225415352;13014.9305246682;24588.9121900503;22623.8686034996;19481.4690115286
347;48,86963317;2,326272274;489;Madeleine;MADELEINE;8;650579,0401;6863500,358;12239.4194918881;38519.0579886869;9043.21459941777;12749.8625335997;23232.7158086053;25572.2732516068;20226.0906123008
270;48,82243783;2,358473884;497;Maison Blanche;MAISON BLANCHE;7;652898,4845;6858233,022;6543.18355611262;6893.50813637986;5655.70738981905;7322.01295032586;7549.18643199221;8372.56045374087;7056.02648639508
338;48,88289192;2,309052265;506;Malesherbes;MALESHERBES;3;649328,8075;6864985,55;8442.61241430495;8142.66177738788;8093.87660903186;9924.15911482859;11134.0132020188;14180.2941622767;9986.26954664147
257;48,85272512;2,406089162;509;MaraÃ®chers;MARAICHERS;9;656419,7092;6861573,316;5561.80658762863;6205.67215633144;4207.74829515316;7559.63471014246;7092.52221968399;8149.536154461;6462.82002056678
98;48,891465;2,349815452;510;Marcadet-Poissonniers;MARCADET-POISSONNIERS;12;652325,9876;6865913,441;6557.05516965839;6253.06170911064;6765.60783891883;7314.37593924958;8090.95715585773;8628.26232906452;7268.22002364328
31;48,89141683;2,349738407;511;Marcadet-Poissonniers;MARCADET-POISSONNIERS;4;652320,2944;6865908,132;6561.54728359581;6252.80121380376;6785.96830176173;7319.28125587331;8100.79529616541;8639.82636083815;7276.7032853397
178;48,89048545;2,359995766;519;Marx Dormoy;MARX DORMOY;12;653071,5478;6865798,423;5794.71514423098;5561.98745136629;6145.36046913501;6325.78456916508;6418.60180865307;7653.50702903482;6316.65941193088
179;48,85012732;2,34805429;525;Maubert-Mutualité;MAUBERT-MUTUALITE;10;652158,9045;6861318,06;11324.1724704617;10664.6623230835;10588.9639987371;12424.0789812392;13252.7840559876;14294.9426958619;12091.6007542285
180;48,86680004;2,38338325;533;Ménilmontant;MENILMONTANT;2;654765,838;6863151,104;5414.20296275187;4906.53069674023;7164.77392656891;7984.23543821126;7968.46202797256;8653.59914738583;7015.30069993845
181;48,84793481;2,264218777;542;Michel Ange-Auteuil;MICHEL-ANGE-AUTEUIL;10;646004,7811;6861128,335;8132.05654429829;8356.78412725058;7906.26220219044;9405.2099833881;9421.13916566797;10135.0365108949;8892.74808894839
258;48,84789565;2,264082031;543;Michel Ange-Auteuil;MICHEL-ANGE-AUTEUIL;9;645994,7057;6861124,075;8108.52698644457;8344.36673990746;7865.60584990608;9459.77237852823;9396.97411267436;10082.5808763851;8876.30449064097
32;48,84524757;2,261623492;544;Michel Ange-Molitor;MICHEL-ANGE-MOLITOR;10;645811,5379;6860831,321;7679.88181744132;9660.60077247647;7665.57236184372;9188.87954898615;9063.34187841883;9953.25379791309;8868.5883628466
259;48,84505817;2,261745125;545;Michel Ange-Molitor;MICHEL-ANGE-MOLITOR;9;645820,2672;6860810,179;7693.42527393275;9578.71100718305;7649.97569028788;9107.48261907907;9050.24689530305;9921.55887754251;8833.56672722138
340;48,83711701;2,402333166;546;Michel Bizot;MICHEL BIZOT;8;656130,969;6859839,919;7153.22190336653;7934.26319826024;7256.75708470051;7698.43945914483;7609.11319368398;8011.89264626544;7610.61458090359
33;48,84713101;2,272763753;547;Mirabeau;MIRABEAU;10;646631,0122;6861033,152;7927.5267275776;7890.80806141784;7941.70608053252;7757.15493832199;9135.76003887617;9659.37035505943;8385.38770029759
260;48,87376999;2,314456036;548;Miromesnil;MIROMESNIL;13;649716,2811;6863967,801;29218.2921330091;11702.0640054895;9602.73292405167;15747.3699930722;12315.1340399988;23657.5014977899;17040.5157655685
99;48,87370953;2,314606322;549;Miromesnil;MIROMESNIL;9;649727,2457;6863960,983;28730.3344019737;11650.1104912211;9655.90415603281;15479.6036955834;12230.921237881;23504.7019074219;16875.2626483523
261;48,88044946;2,309451168;552;Monceau;MONCEAU;2;649355,6855;6864713,709;9127.21767420342;8411.71551703956;8099.16271239614;9885.42420128632;12352.7195570184;16512.026936919;10731.3777664771
100;48,84440867;2,390075113;555;Montgallet;MONTGALLET;8;655237,5024;6860657,56;8278.44437218051;7526.16732725173;7561.12561524574;9108.11278671192;25600.9558630826;7773.80559332372;10974.768592966
26;48,84373549;2,324353041;562;Montparnasse BienvenÃ¼e;MONTPARNASSE;12;650413,6192;6860621,973;9665.56649671;9469.06808095451;9956.69466629602;10922.3052798634;11250.9731003625;12207.8530079763;10578.7434386938
252;48,84232744;2,320984836;563;Montparnasse-BienvenÃ¼e;MONTPARNASSE;13;650165,0831;6860467,533;9659.78994893447;8768.97032335312;9614.84680431947;8371.93758702836;10234.7968335333;11248.5498458325;9649.81522383356
95;48,8437813;2,324397012;564;Montparnasse-BienvenÃ¼e;MONTPARNASSE;4;650416,8898;6860627,04;9673.65660618767;9501.30360106323;9977.53854970078;10922.9997197782;11253.6342973486;12220.6519864671;10591.6307934242
96;48,84210221;2,321278563;565;Montparnasse-BienvenÃ¼e;MONTPARNASSE;6;650186,4248;6860442,304;9569.75038472956;8750.69303393893;9613.80047788267;8349.53616304579;10238.9486426351;11206.4196300542;9621.52472204772
358;48,83111266;2,329705013;573;Mouton-Duvernet;MOUTON-DUVERNET;4;650794,4816;6859215,105;8350.61117848073;7860.37054669764;7703.45860889214;8057.26614375893;8565.47988911286;10802.7217383341;8556.6513508794
200;48,84757937;2,395554512;583;Nation;NATION;1;655642,3274;6861007,02;8167.26717571322;7523.24732437746;7687.52239555321;8154.03033732754;25787.5043485312;9200.16482709622;11086.6227347664
352;48,84847429;2,395062305;584;Nation;NATION;2;655606,9695;6861106,803;8070.28138488653;7539.77377581897;7620.12014609084;8264.73133701696;24033.057885934;9162.35384096869;10781.7197284526
37;48,84737488;2,395461995;585;Nation;NATION;6;655635,364;6860984,335;8209.77924674703;7514.38963519374;7670.11526328004;8132.53636429314;26205.6054776507;9221.61100198492;11159.0061648582
353;48,84894465;2,395879435;586;Nation;NATION;9;655667,3331;6861158,644;8118.64540663857;7411.41222816258;7595.92750401481;8166.03976972027;23174.924767523;9207.70509078294;10612.4424611403
354;48,83321672;2,3628564;587;Nationale;NATIONALE;6;653229,9171;6859428,905;7055.74651060035;7109.76468874852;7620.18946559945;7581.36996767834;7178.34801905286;8280.46691223969;7470.98092731987
274;48,87602621;2,337886489;600;Notre-Dame-de-Lorette;NOTRE-DAME-DE-LORETTE;12;651436,9357;6864204,011;30037.3359402363;9289.46424781514;9533.13107968274;9428.24783900534;11485.5587692964;16086.2974523223;14310.0058880597
359;48,84494263;2,328778027;601;Notre-Dame-des-Champs;NOTRE-DAME-DES-CHAMPS;12;650739,5063;6860753,426;10230.9557777089;10262.5051064442;10041.9338657614;11387.9317507157;11984.5935361611;12541.5119751159;11074.9053353179
41;48,86465788;2,368410026;602;Oberkampf;OBERKAMPF;5;653665,5406;6862921,595;8301.63926970785;8101.70672516801;8211.62210956392;9795.72157764622;13007.5292320127;10899.8350114684;9719.67565426121
107;48,86472762;2,368496387;603;Oberkampf;OBERKAMPF;9;653671,9381;6862929,299;8291.13058398824;8090.78614386483;8145.55687116325;9810.10849865231;12980.2439031661;10874.875508241;9698.78358484598
360;48,85216726;2,339646336;604;Odéon;ODEON;10;651543,823;6861550,009;12245.2272011802;11682.9359023145;11200.7349186211;13985.9150487192;13263.4715820899;14624.3543826735;12833.7731725997
275;48,85230076;2,339727782;605;Odéon;ODEON;4;651549,9234;6861564,803;12324.051024625;11766.8686853097;11314.6270357452;13981.6904289923;13247.3829835301;14620.5554073816;12875.862594264
206;48,87099178;2,331989523;606;Opéra;OPERA;3;650999,694;6863647,863;42642.3929422301;25023.7497557611;9082.38005938471;14728.7380370041;20936.897564858;28264.2516264403;23446.4016642797
108;48,8704867;2,332407406;607;Opéra;OPERA;7;651029,8713;6863591,442;40976.2253074834;23664.6660768589;8959.36778501313;14296.205643662;19804.1780032861;27835.8701724769;22589.4188314634
276;48,87064173;2,3321386;608;Opéra;OPERA;8;651010,2997;6863608,847;40762.9596463278;32038.8773111998;8492.58973675605;14396.1397242736;20433.0610246297;28023.2620910612;24024.4815890414
193;48,88713487;2,386960017;614;Ourcq;OURCQ;5;655045,7743;6865410,167;6360.08863757695;6173.96606181762;5953.20940447479;6870.22822195964;6136.94716945899;8019.02507883164;6585.57742901994
194;48,86234803;2,336496462;618;Palais Royal-Musée du Louvre;PALAIS ROYAL-MUSEE DU LOUVRE;1;651322,2057;6862683,958;11993.8893642101;13622.9240456978;16715.662219068;12696.3633516017;13223.8177717584;21258.7141756673;14918.5618213339
195;48,86282967;2,336878398;619;Palais Royal-Musée du Louvre;PALAIS ROYAL-MUSEE DU LOUVRE;7;651350,6754;6862737,277;11790.7060417863;14021.3036265069;16690.3540464465;12282.5520423928;12984.7675458365;20340.0125385841;14684.9493069255
271;48,86525379;2,37458197;625;Parmentier;PARMENTIER;3;654118,8397;6862984,251;7523.31970410407;7229.52196477581;7617.39789662136;8894.95123150365;13868.8585868967;9936.84757459963;9178.48282641688
196;48,85744869;2,285812444;626;Passy;PASSY;6;647598,9541;6862171,635;9234.60961625488;8923.61810503618;9523.448413661;10092.2101516612;11045.6697669348;11240.5356112271;10010.0152774625
197;48,84287128;2,312447513;628;Pasteur;PASTEUR;12;649539,0462;6860533,424;8462.57471313159;8500.39766391698;8806.66553889417;8556.0063738233;9055.88254037528;10221.9547843223;8933.91360241062
105;48,84267682;2,312812773;629;Pasteur;PASTEUR;6;649565,6646;6860511,569;8580.11764123188;8517.33923297687;8775.14175124171;8528.66333065142;9068.73743051661;10177.7577119804;8941.29284976648
198;48,86844016;2,401561713;630;Pelleport;PELLEPORT;M3bis;656100,7414;6863323,215;6449.28026261181;6562.30259679018;6668.63432286002;7171.25196950163;7798.99879759609;8511.46496074604;7193.65548501763
36;48,88489626;2,297724346;631;Pereire-Levallois;PEREIRE-LEVALLOIS;3;648500,0697;6865215,748;8339.62481658991;7949.46104488821;8334.95385897896;9510.14409343934;9970.98480141355;11098.3957105951;9200.59405431752
350;48,86265402;2,387607288;633;Père Lachaise;PERE LACHAISE;2;655072,126;6862687,687;5620.1882205653;3311.1312247426;7544.12096700813;8574.8434611791;8090.98231736843;8568.84359066925;6951.6849635888
351;48,86312321;2,385882449;634;Père Lachaise;PERE LACHAISE;3;654945,9924;6862740,841;5961.16696757811;3865.76524637444;7623.46110230419;8390.65767074056;8257.7104980944;8857.54265923521;7159.38402405449
199;48,83393639;2,318078285;636;Pernéty;PERNETY;13;649943,7106;6859536,379;8014.00651407265;7594.39582280491;8104.34911555893;8657.84812166963;8804.603399102;5947.78121075271;7853.83069732681
201;48,85846655;2,389729852;640;Philippe Auguste;PHILIPPE AUGUSTE;2;655224,2451;6862220,868;8224.15931021445;7272.59001423316;7653.31283943122;8520.62858766773;22900.983044519;9333.03023412292;10650.7840050314
202;48,84506158;2,40128902;641;Picpus;PICPUS;6;656061,0276;6860723,859;7516.73237093464;7480.23923006012;7853.12685522584;8759.2966111413;26672.700701187;9099.38054738808;11230.2460526561
355;48,88251939;2,337081683;646;Pigalle;PIGALLE;12;651383,9697;6864926,505;13910.185664179;8210.85925592925;8710.34094952086;9968.05053887394;9661.97621889806;9933.35214791548;10065.7941292194
272;48,88239015;2,337294791;647;Pigalle;PIGALLE;2;651399,4773;6864912,003;13751.6453209747;8129.87885150758;8524.29847797018;9960.47844680283;10487.5898719994;11067.365864607;10320.2094723103
39;48,88380453;2,327243412;648;Place de Clichy;PLACE DE CLICHY;13;650663,7014;6865075,507;8159.65244168497;7742.12318525045;8593.17976008612;9181.69036929779;9126.49120635742;10362.5505809871;8860.94792394398
356;48,88361499;2,327839556;649;Place de Clichy;PLACE DE CLICHY;2;650707,2389;6865054,059;8024.23145900665;7771.68182560516;8532.52284627753;9456.09091036678;9192.87555689833;10384.7166699355;8893.68654468166
204;48,87680639;2,393056093;650;Place des FÃªtes;PLACE DES FETES;11;655483,9629;6864258,246;7846.21067271665;6077.87274798996;6518.96491380441;7646.82905217997;7513.8031261167;8044.78055777111;7274.74351176313
357;48,87694985;2,392983965;651;Place des FÃªtes;PLACE DES FETES;7b;655478,7954;6864274,238;7832.33955874048;6059.3606599736;6519.33936039471;7682.43342905124;7654.2453878801;8067.4797372495;7302.53302221494
273;48,83097267;2,355580274;652;Place d'Italie;PLACE D'ITALIE;5;652693,7822;6859183,727;7746.91448663761;7326.21456422831;7738.76367912108;7889.1997081628;8368.09123552399;8650.04849899594;7953.20536211162
40;48,83092724;2,356121939;653;Place d'Italie;PLACE D'ITALIE;6;652733,5032;6859178,351;7645.73513836872;7375.11719426359;7671.35042301227;7589.76151467498;8368.70665410327;8584.55184007816;7872.53712741683
205;48,83143363;2,355643643;654;Place d'Italie;PLACE D'ITALIE;7;652698,8522;6859234,942;7785.69784903003;7446.14036785065;7705.61701429739;7814.34080400883;8303.9008451095;8712.12472869772;7961.30360149902
106;48,84286683;2,352224728;655;Place Monge (Jardin des Plantes);PLACE MONGE (JARDIN DES PLANTES);7;652458,3099;6860508,245;12383.0371019797;10724.3612201723;10026.9867896914;10498.2234188916;11133.5820024061;10884.0511111709;10941.7069407187
109;48,83182565;2,314122323;656;Plaisance;PLAISANCE;13;649651,2929;6859304,204;7604.0971473431;7615.86833849713;8081.04391282067;8080.33243496048;8559.57805834739;5733.54755793079;7612.41124164993
277;48,87723632;2,349293902;659;Poissonnière;POISSONNIERE;7;652274,7082;6864331,612;7628.92751655549;7603.8847920311;9420.63559918413;8792.27266864296;9642.44189537676;9986.72236628639;8845.81413967948
278;48,85357547;2,357162572;673;Pont Marie (Cité des Arts);PONT-MARIE (CITE DES ARTS);7;652830,3951;6861695,983;10941.5944609952;10810.5837615343;10876.3428863383;13595.4559428166;14461.6365670582;14087.2610831964;12462.1457836565
361;48,85855383;2,342232759;674;Pont Neuf (La Monnaie);PONT-NEUF (LA MONNAIE);7;651739,5237;6862258,554;10301.3090448056;10761.7959726802;10466.3677785731;12377.863748926;12421.7836068924;11806.4708022738;11355.9318256918
279;48,87146658;2,277083017;682;Porte Dauphine;PORTE DAUPHINE;2;646972,7506;6863736,128;8942.95385335471;8909.71650383905;9288.29130553083;10084.1977292959;10506.7190448337;11618.4852337963;9891.72727844177
362;48,84797154;2,25774468;683;Porte d'Auteuil;PORTE D'AUTEUIL;10;645529,7326;6861136,866;8058.73837937069;8431.08031009076;7312.40656766571;10010.2441564252;9633.74759795113;10076.2720743187;8920.41484763705
110;48,86460037;2,408031037;684;Porte de Bagnolet;PORTE DE BAGNOLET;3;656572,0977;6862892,68;6616.70387515478;6676.87848234083;6950.27930012746;7218.30879816605;7671.87760868064;8416.22607621401;7258.37902344729
280;48,88579311;2,292582314;685;Porte de Champerret;PORTE DE CHAMPERRET;3;648123,8929;6865318,838;8241.59754359521;7950.04434464167;8487.78087599476;8870.09549200578;9576.05283435329;10077.9883362597;8867.25990447508
44;48,83316293;2,401448054;686;Porte de Charenton;PORTE DE CHARENTON;8;656062,6699;6859400,759;7033.05477473932;6427.66649379613;7106.70639040192;7537.8970192757;7980.35076916704;7787.57373776343;7312.20819752393
281;48,81987622;2,364531952;687;Porte de Choisy;PORTE DE CHOISY;7;653340,9723;6857944,605;5953.35611273883;6136.11611749024;5573.74552387549;6399.1403093581;6391.16626859493;7208.73061527482;6277.04249122207
138;48,89425226;2,313772159;689;Porte de Clichy;PORTE DE CLICHY;13;649685,9141;6866245,734;7690.2240061751;6634.12314775358;7402.37895569877;7992.93306570658;10102.883769559;9308.07873370259;8188.43694643261
139;48,89740222;2,344847749;690;Porte de Clignancourt;PORTE DE CLIGNANCOURT;4;651967,2227;6866576,642;6767.71679935289;6523.20924408787;5489.61249859155;7582.69712155705;8190.61399829541;8354.41869358398;7151.37805924479
382;48,89724529;2,359507869;691;Porte de la Chapelle;PORTE DE LA CHAPELLE;12;653041,8705;6866550,373;5605.88732539493;5693.42838291286;5492.68182657324;6900.00376259746;5420.10005127621;6977.198676048;6014.88333746712
363;48,89738989;2,385508388;692;Porte de la Villette;PORTE DE LA VILLETTE;7;654948,2026;6866551,304;5228.54588407547;5671.40703000415;5918.13104510999;6587.80096370093;7044.90093819781;8063.18863386839;6418.99574915946
364;48,85354392;2,410626426;693;Porte de Montreuil;PORTE DE MONTREUIL;9;656753,3202;6861661,865;5788.5408196239;6000.9506018548;3353.69907183345;7627.43562503084;6933.15741197149;7786.82275635711;6248.43438111193
50;48,88850369;2,392113698;694;Porte de Pantin;PORTE DE PANTIN;5;655424,858;6865559,451;6401.37904297165;6356.78794887871;6239.758555415;6571.5717068997;7375.48968578336;7610.68999508186;6759.27948917172
117;48,83796121;2,25712223;695;Porte de Saint-Cloud;PORTE DE SAINT-CLOUD;9;645473,5838;6860024,26;7421.92290910108;11628.7713658577;7224.42922218689;8118.44610734894;8363.61675802982;9545.7919089953;8717.1630452533
211;48,8973748;2,328942813;696;Porte de Saint-Ouen;PORTE DE SAINT-OUEN;13;650801,1471;6866583,384;6665.7397537499;6385.47234670884;6060.55059597638;11150.1528226208;7083.39549905713;9237.67441015262;7763.83090471096
214;48,87717482;2,406480157;697;Porte des Lilas;PORTE DES LILAS;11;656468,8342;6864291,729;5920.88052756736;5879.68781352097;5431.37863766339;6290.5123101073;6892.84161871007;7564.12837360763;6329.90488019612
119;48,87711051;2,406729246;698;Porte des Lilas;PORTE DES LILAS;M3bis;656487,0493;6864284,441;5923.57791851939;5880.98989840639;5645.1712381126;6290.25724713993;6895.90798993357;7567.24390765369;6367.19136662759
212;48,82779554;2,30553467;700;Porte de Vanves;PORTE DE VANVES;13;649016,968;6858861,614;6883.17780963856;6740.97708965325;7557.8591362119;7753.24304483345;7776.52350633386;8549.28443926091;7543.51083765532
118;48,8324491;2,288022141;701;Porte de Versailles;PORTE DE VERSAILLES;12;647736,0144;6859390,483;6941.46208455296;6492.30653756789;7859.25923311473;7897.18585733533;7444.93492973114;7824.06263167003;7409.86854566201
213;48,84715848;2,410140368;702;Porte de Vincennes;PORTE DE VINCENNES;1;656712,3513;6860952,126;6948.24415041397;6886.0404413953;7338.71362742294;8925.52423734026;8484.27039137113;8032.15890275726;7769.15862511681
369;48,81922335;2,359705217;703;Porte d'Italie;PORTE D'ITALIE;7;652985,99;6857874,877;6288.32464965777;6503.3085647641;4743.17369062753;7028.94236123064;6389.58873489554;7542.31312673943;6415.9418546525
370;48,82135578;2,369290587;704;Porte d'Ivry;PORTE D'IVRY;7;653691,6801;6858106,313;5518.9484468608;5141.61452142721;17413.151027738;6599.28839165869;6677.47507420014;7476.12424483699;8137.76695112032
51;48,83478516;2,405383211;705;Porte Dorée;PORTE DOREE;8;656352,887;6859578,951;7034.1118484392;6554.42972175754;7107.94913119076;7598.68037428199;7222.53302603525;7876.64073479651;7232.39080608354
371;48,82341163;2,325575636;706;Porte d'Orléans;PORTE D'ORLEANS;4;650484,043;6858361,423;7823.35072489396;8898.35241820639;7915.31077491513;8733.70175948256;8617.84791759402;8695.97961622738;8447.42386855324
53;48,87999579;2,398946662;709;Pré Saint-Gervais;PRE SAINT-GERVAIS;7b;655918,6953;6864609,584;5846.85226497865;8085.60175294295;5633.21804994107;6340.0187356175;6770.65181504616;7185.0717970635;6643.56906926497
120;48,86590674;2,334189542;714;Pyramides;PYRAMIDES;14;651156,2996;6863081,082;16271.748638491;23378.2892664109;17668.6255498358;15786.9870147923;13788.4526478599;22792.094886999;18281.0330007315
121;48,86598092;2,334330724;715;Pyramides;PYRAMIDES;7;651166,726;6863089,243;16118.9640305589;22961.7062416319;16707.9888909759;15762.1462809036;13731.2853334752;23900.709587331;18197.1333941461
122;48,87388185;2,385316215;716;Pyrénées;PYRENEES;11;654913,7648;6863937,448;7856.69522125769;5853.61799493119;6449.5251595521;7672.15882626559;7830.29361425888;8187.95416784879;7308.37416401904
286;48,83704512;2,372825722;717;Quai de la Gare;QUAI DE LA GARE;6;653965,0895;6859848,724;5819.19686945194;6739.67384318279;8568.15662234279;7588.82806936874;7690.60710169736;7453.10825500703;7309.92846017511
123;48,8465154;2,365873469;718;Quai de la Rapée;QUAI DE LA RAPEE;5;653463,2581;6860905,8;8725.11051157023;8146.25469138365;7686.52070841159;7564.22232420012;8780.6697992168;10085.2372722723;8498.00255117579
215;48,86958524;2,336218848;719;Quatre Septembre;QUATRE SEPTEMBRE;3;651308,6039;6863488,85;44387.1993820406;22230.4457256617;15948.2765808445;13530.5208959575;17402.7510457711;29709.6612855386;23868.142485969
287;48,86120499;2,35349574;721;Rambuteau;RAMBUTEAU;11;652568,2852;6862546,516;9575.45333854876;9668.96930527321;10129.2386073899;11754.8808411789;11959.3194598244;13100.8137644887;11031.4458861173
288;48,85548505;2,270109139;722;Ranelagh;RANELAGH;9;646444,7925;6861963,833;8773.67864945159;8577.88736313192;8841.01568907289;9211.60042634921;9886.74658681565;10604.2480522497;9315.86279451184
216;48,83896428;2,330754192;723;Raspail;RASPAIL;4;650878,8981;6860087,464;8526.63567732998;9300.910037809;11900.4362667379;9316.52742687825;9100.21194828723;11539.3796276529;9947.35016411588
372;48,83896428;2,330754192;724;Raspail;RASPAIL;6;650878,8981;6860087,464;8526.63567732998;9300.910037809;11900.4362667379;9316.52742687825;9100.21194828723;11539.3796276529;9947.35016411588
373;48,8663403;2,352068318;725;Réaumur Sébastopol;REAUMUR-SEBASTOPOL;3;652468,2482;6863118,38;9043.64785817394;9384.12074637533;9573.48288031387;10672.578982257;10010.7618347732;12039.8951143376;10120.7479027051
289;48,86606969;2,352459744;726;Réaumur Sébastopol;REAUMUR-SEBASTOPOL;4;652496,7155;6863088,054;9067.02352193453;9460.43993329297;9597.11875025359;10081.5653509254;10352.0760546158;12223.2018820728;10130.2375821825
54;48,84845785;2,327782127;728;Rennes;RENNES;12;650669,7472;6861144,904;10714.9972756524;11167.057751798;11734.7053273208;12415.5334958746;13888.1853289699;13888.2103308971;12301.4482517521
374;48,86750342;2,363826144;729;République;REPUBLIQUE;11;653331,8161;6863240,697;8462.48533317329;8391.02961292476;8604.88646150053;9858.70386441213;13067.6552982494;11537.8548718354;9987.1025736826
55;48,86702679;2,364247994;730;République;REPUBLIQUE;3;653362,3346;6863187,449;8521.91346483328;8403.58024938198;8742.99248353515;9995.30666912906;13321.5650552378;11507.5816538167;10082.156595989
56;48,86738447;2,36426495;731;République;REPUBLIQUE;5;653363,8987;6863227,211;8515.29259159689;8360.28807001656;8560.64345845641;9852.49782307982;13139.6093729467;11347.6521508865;9962.66391116383
124;48,86715873;2,363957837;732;République;REPUBLIQUE;8;653341,1678;6863202,291;8533.53335072466;8388.62334710458;8604.2336076811;9928.92982652339;13179.1415467766;11463.5048283142;10016.3277511874
217;48,86711164;2,364234946;733;République;REPUBLIQUE;9;653361,4534;6863196,892;8531.82811368368;8387.77995712765;8638.51366251231;9957.54797704353;13262.5316085267;11568.2443415769;10057.7409434118
290;48,84730379;2,386341706;734;Reuilly-Diderot;REUILLY-DIDEROT;1;654966,0143;6860981,593;8820.73053044666;8199.36537950092;7590.09240309875;8408.39947628274;23555.6975740778;8763.65636606582;10889.6569549121
291;48,84712872;2,387025242;735;Reuilly Diderot;REUILLY-DIDEROT;8;655016,0242;6860961,737;8142.02962674906;7601.77802517447;7570.93985474802;8347.68710704213;40477.1728054555;8649.89279897065;13464.9167030233
52;48,85987362;2,37191398;736;Richard Lenoir;RICHARD LENOIR;5;653918,3594;6862387,573;8399.58129070809;7493.93833994605;8118.84036970004;9619.67854049828;10431.3871418447;10187.7892360144;9041.86915311861
125;48,8717866;2,339030547;737;Richelieu-Drouot;RICHELIEU-DROUOT;8;651516,8991;6863731,894;34722.970300636;11472.3266337616;10346.0186391041;11753.3503894506;14742.6558185942;23116.441315294;17692.2938494734
126;48,87215235;2,339115039;738;Richelieu-Drouot;RICHELIEU-DROUOT;9;651523,437;6863772,511;33574.2981903992;10980.4676442405;10189.5851253711;11719.4745921124;15213.5575913503;21954.6965579312;17272.0132835675
375;48,88826762;2,374204012;739;Riquet;RIQUET;7;654111,394;6865543,46;5933.11708158321;5722.32526136601;6038.24406667858;6456.30356926315;6551.79785183992;7603.01284441284;6384.13344585729
218;48,8822269;2,321274927;746;Rome;ROME;2;650224,5081;6864903,83;8721.9071313397;8022.16520861783;10145.9055058756;9596.82236349782;9503.5655210085;10377.4313425906;9394.63284548837
293;48,86397445;2,278112558;751;Rue de la Pompe (Av. G. Mandel);RUE DE LA POMPE (AVENUE GEORGES MANDEL);9;647040,651;6862902,376;9434.41758426953;9102.82781570606;9504.38039249217;10205.4224196974;11316.6937462854;11762.3169541831;10221.0098187723
376;48,85555094;2,325712422;752;Rue du Bac;RUE DU BAC;12;650524,602;6861934,884;14373.0089206804;12188.599928661;14059.2183627742;15408.0555989791;17832.842252437;16559.8169819071;15070.2570075731
294;48,87149774;2,343154773;754;Grands Boulevards (Rue Montmartre);GRANDS BOULEVARDS (RUE MONTMARTRE);8;651819,1431;6863697,25;11800.2667491309;9612.1129345205;9648.66280796333;10355.5793178445;12224.2495434063;15674.7950510148;11552.6110673134
377;48,87149774;2,343154773;755;Grands Boulevards (Rue Montmartre);GRANDS BOULEVARDS (RUE MONTMARTRE);9;651819,1431;6863697,25;11800.2667491309;9612.1129345205;9648.66280796333;10355.5793178445;12224.2495434063;15674.7950510148;11552.6110673134
127;48,86101926;2,374733431;758;Saint-Ambroise;SAINT-AMBROISE;9;654126,2223;6862513,317;7888.42360715371;7262.41449066539;8053.61374030909;8930.2812914847;9757.31351962704;9794.81476461574;8614.47690230928
295;48,87455838;2,321361928;759;Saint-Augustin;SAINT-AUGUSTIN;9;650223,5598;6864051,089;12758.9441827584;8254.4016763231;13624.9229994981;13393.2523640211;11926.9956341758;19055.9738277894;13169.081780761
58;48,87210144;2,404514942;764;Saint-Fargeau;SAINT-FARGEAU;M3bis;656320,4457;6863728,686;6098.96512498362;6001.25889729619;6045.96858962375;6787.38302713833;7541.31776818846;7976.37633157132;6741.87828980028
128;48,85144171;2,314408122;765;Saint-François-Xavier;SAINT-FRANCOIS-XAVIER;13;649691,21;6861485,118;10275.0352889543;10321.0262392513;14026.5481369979;11800.5776905742;14169.2886731976;15223.3451679949;12635.970199495
59;48,87842526;2,337595083;766;Saint-Georges;SAINT-GEORGES;12;651417,8007;6864470,948;18787.4605208617;8377.4141623103;9200.5175275479;10220.2712622893;10935.6342407988;12820.7736989946;11723.6785688004
297;48,85371893;2,333776137;767;Saint-Germain-des-Prés;SAINT-GERMAIN-DES-PRES;4;651114,5388;6861726,159;11944.3357061029;12530.1826599888;11753.4464402252;14604.6255752056;15392.0779362053;14947.6783961366;13528.7244523107
298;48,83290082;2,337135191;768;Saint-Jacques;SAINT-JACQUES;6;651341,5779;6859409,323;8211.74377469308;8370.16235151283;6941.57041729166;8529.09332113359;9292.47540197428;9823.90375696563;8528.15817059518
177;48,87545377;2,3267852;769;Saint-Lazare;SAINT-LAZARE;12;650622,1827;6864147,245;32055.7009667594;7664.38747410551;12971.8723232999;14737.8528864869;11927.3936174601;9224.90368894604;14763.6851595096
85;48,87535496;2,324818285;770;Saint-Lazare;SAINT-LAZARE;13;650477,8263;6864137,489;17961.9459192351;8064.83040811803;13553.3507478767;15716.2324184217;11974.6887049668;13660.1084059165;13488.5261007558
86;48,8750064;2,32457481;771;Saint-Lazare;SAINT-LAZARE;3;650459,6372;6864098,885;18048.8415098203;8143.45205642498;13768.251251063;16049.4291802842;11986.3463483545;14109.8411000046;13684.3602409919
219;48,8384273;2,360967168;773;Saint-Marcel;SAINT-MARCEL;5;653095,9282;6860009,387;5415.34352175257;8438.96964858219;9074.15852656949;9006.78072690041;10589.2994275099;10256.413841227;8796.82761542362
129;48,86408657;2,380797986;774;Saint-Maur;SAINT-MAUR;3;654573,8244;6862850,872;6590.12091734386;5641.79051606021;7578.05391052672;8443.61536943483;8696.7071249584;8907.12720147963;7642.90250663394
220;48,85316798;2,343285979;776;Saint-Michel;SAINT-MICHEL;4;651811,8161;6861659,053;12351.6610721473;10909.4137369282;11184.214084695;13512.6859321832;13228.8353220472;13679.235287698;12477.6742392831
111;48,85523625;2,360956489;777;Saint-Paul (le Marais);SAINT-PAUL (LE MARAIS);1;653110,2705;6861878,387;10550.9291642394;10072.0508280856;12027.925742507;10454.1173168193;13003.6763034154;13452.7954424049;11593.5824662453
365;48,87242238;2,310038345;778;Saint-Philippe du Roule;SAINT-PHILIPPE-DU-ROULE;9;649390,9483;6863820,78;35518.6897251652;13901.3377530288;11036.2030059973;14895.2719799596;11935.3238920937;22326.4226980081;18268.8748423755
112;48,84687824;2,326792785;779;Saint-Placide;SAINT-PLACIDE;4;650595,6493;6860969,886;10467.1743580899;10610.8158873992;10837.6560999893;11863.5497389678;12042.4097469762;12933.6552129749;11459.2101740662
45;48,86116887;2,367210866;780;Saint-Sébastien-Froissart;SAINT-SEBASTIEN FROISSART;8;653574,4612;6862534,348;9020.53454944917;8443.69262839276;8821.6952410505;9009.71175863301;10803.6462188834;10792.3003750327;9481.9301285736
282;48,85167225;2,331256291;781;Saint-Sulpice;SAINT-SULPICE;4;650927,7173;6861500,149;11773.5289211572;12244.9988977076;11924.5232859884;14277.1625741871;15635.4560624652;14670.4232753668;13421.0155028121
283;48,84706613;2,307402241;791;Ségur;SEGUR;10;649172,8635;6861003,084;8671.77609974322;8915.16560949312;9184.79759043143;9618.4394204856;9527.13214085086;11600.6517827206;9586.32710728748
113;48,86730948;2,347516213;792;Sentier;SENTIER;3;652135,2075;6863228,894;10701.3172288731;10052.1097807898;9926.77795191534;10378.6611827321;11979.1750432748;12808.3990450905;10974.4067054459
114;48,85119235;2,326488474;798;Sèvres-Babylone;SEVRES-BABYLONE;10;650577,4091;6861449,763;12616.0481342136;11668.3091762967;12149.043858194;13568.4468937983;15112.4224628083;14131.0142781143;13207.5474672375
284;48,85176205;2,326822569;799;Sèvres-Babylone;SEVRES-BABYLONE;12;650602,4646;6861512,9;12715.1023248968;11738.7309396825;12093.0849192268;14068.1693534921;15486.2971629803;14143.4968461241;13374.1469244004
46;48,84562697;2,30953149;800;Sèvres-Lecourbe;SEVRES-LECOURBE;6;649327,7178;6860841,695;8704.04572309149;8877.43385263679;9057.8347100706;9552.31839224086;9655.67101670964;11156.3537321741;9500.60957115393
115;48,89394139;2,347765502;802;Simplon;SIMPLON;4;652177,9554;6866190,043;6729.05650996826;6380.54699301358;6908.26977717546;7535.23370051586;8272.72554507234;8864.18597710362;7448.33641714152
208;48,85851113;2,323154856;803;Solférino;SOLFERINO;12;650339,7683;6862265,635;12740.6834479022;12627.3458383771;14052.4492933271;14822.7996348292;16535.7536359507;19755.0207118816;15089.008760378
366;48,88427894;2,365881358;808;Stalingrad;STALINGRAD;2;653497,5585;6865104,811;6376.4559229809;6466.82632437638;7322.30594608988;6823.86872120352;7070.73946373883;8597.95322602329;7109.69160073546
209;48,88442089;2,36589382;809;Stalingrad;STALINGRAD;5;653498,5991;6865120,587;6340.8244425664;6448.04164773903;7296.99427821532;6823.89759054302;7030.86550493262;8603.67205689926;7090.71592014927
367;48,88438515;2,369391984;810;Stalingrad;STALINGRAD;7;653755,0955;6865114,558;6328.36265834197;6485.53175766428;7439.62664948441;7198.42405229614;6788.45690048602;7806.79081582825;7007.86547235017
210;48,86949077;2,354391768;836;Strasbourg-Saint-Denis;STRASBOURG-SAINT-DENIS;4;652641,5551;6863467,293;8476.27823949679;9325.64228762748;9049.50943702036;9326.79019233125;9874.48006362942;11734.0853704248;9631.13093175502
47;48,86922417;2,354603791;837;Strasbourg-Saint-Denis;STRASBOURG-SAINT-DENIS;8;652656,8653;6863437,521;8573.49652702431;9361.95360940286;9118.90091964561;9335.44257606415;9885.43562306359;12157.3874609329;9738.76945268891
285;48,86922417;2,354603791;838;Strasbourg-Saint-Denis;STRASBOURG-SAINT-DENIS;9;652656,8653;6863437,521;8573.49652702431;9361.95360940286;9118.90091964561;9335.44257606415;9885.43562306359;12157.3874609329;9738.76945268891
48;48,85123768;2,361985141;842;Sully-Morland;SULLY-MORLAND;7;653182,1536;6861433,172;10696.0591519207;10133.9874502421;11427.4887278279;11002.4198904458;13200.8810553722;13006.2655115291;11577.8502978896
49;48,87547446;2,398867594;848;Télégraphe;TELEGRAPHE;11;655909,0691;6864106,883;7484.50066613817;6903.03324789595;5904.92337735555;6995.09197001149;7166.61551945991;7702.1212909019;7026.04767862716
116;48,86668268;2,361541532;849;Temple;TEMPLE;3;653163,4882;6863150,789;8644.93600120846;8694.67208430947;9616.43636554026;10440.9709324157;9191.85718628339;12442.4617289093;9838.55571644446
368;48,8779727;2,298310375;850;Ternes;TERNES;2;648536,2024;6864445,514;9176.80262330117;9658.19948370716;8191.93452100449;10604.3127094864;17503.1463976314;12233.0465221372;11227.9070428779
380;48,82642601;2,357245651;855;Tolbiac;TOLBIAC;7;652811,918;6858677,194;7224.75293089289;7176.73331302568;6351.31113796691;7608.72945947524;7950.25359569772;8752.66459746887;7510.74083908788
303;48,87631796;2,332543027;861;Trinité d'Estienne d'Orves;TRINITE-D'ESTIENNE D'ORVES;12;651045,3002;6864239,752;46599.6465675592;9333.04751352105;8872.13939577174;13331.1210740383;12569.5795490796;16020.1923562476;17787.6210760362
224;48,86361094;2,287580163;862;Trocadéro;TROCADERO;6;647734,8329;6862855,649;9388.02406897215;8877.18255051828;9624.55040921808;10509.9359252983;11351.7728480139;12236.4553926479;10331.3201991114
133;48,86306502;2,286243171;863;Trocadéro;TROCADERO;9;647636,2013;6862795,834;9350.69119845576;8911.08055820168;9600.41242650205;10438.0975484036;11560.2279158201;12033.9828169892;10315.748744062
225;48,86434378;2,330129877;864;Tuileries;TUILERIES;1;650857,0163;6862909,812;15177.4419103625;37649.010466766;22394.1918245607;13935.6211174444;19213.742872626;26021.3096310153;22398.5529704625
130;48,84881637;2,321257863;871;Vaneau;VANEAU;10;650191,3229;6861188,864;11957.6472494927;10204.7367549995;12801.0256209425;11141.9789953814;12749.1197033632;13480.2256650838;12055.7889982105
221;48,85687138;2,315056637;873;Varenne;VARENNE;13;649744,034;6862088,434;10211.8647004091;10812.6034109175;13539.824801665;14741.2996444365;16979.4020244874;18227.5348335303;14085.421569241
60;48,83951659;2,301107515;877;Vaugirard (Adolphe Chériou);VAUGIRARD (ADOLPHE CHERIOU);12;648703,4994;6860167,726;8061.14790512856;7930.86736994424;8457.13304560653;8323.96215663981;9239.42608351675;9555.83639088987;8594.72882528763
222;48,84221841;2,329008926;879;Vavin;VAVIN;4;650753,8774;6860450,376;9183.84914664545;9706.08592264279;12044.3971014097;11003.9361887249;11382.1890461932;12514.7226293647;10972.5300058301
134;48,86979856;2,285335095;892;Victor Hugo;VICTOR HUGO;2;647576,3599;6863545,148;12378.0658373991;9228.77552126461;9476.41182870018;9949.2205751319;10775.9607404876;11672.0312067123;10580.0776182826
226;48,88115003;2,315176626;907;Villiers;VILLIERS;2;649776,2512;6864787,951;8588.50327840265;8167.15077611755;8568.09442381838;9691.68802935516;10821.9147725482;15298.7739713732;10189.3542086025
227;48,88115003;2,315176626;908;Villiers;VILLIERS;3;649776,2512;6864787,951;8588.50327840265;8167.15077611755;8568.09442381838;9691.68802935516;10821.9147725482;15298.7739713732;10189.3542086025
379;48,84150552;2,307948679;919;Volontaires;VOLONTAIRES;12;649207,5446;6860384,451;7965.02697485712;8126.69618113901;8550.80672580795;8287.34669470275;8973.81133087291;9669.08101325253;8595.46148677205
300;48,85745372;2,380718786;920;Voltaire (Léon Blum);VOLTAIRE (LEON BLUM);9;654562,2299;6862113,397;8046.07919474446;7341.33573633628;7968.0836846882;8583.17083587187;15939.084621655;9627.15820444287;9584.15204628979
301;48,8838092;2,304674441;923;Wagram;WAGRAM;3;649008,6628;6865090,364;9244.07818449664;8111.89401457215;9482.29554160281;9517.09318623119;11036.4101311082;15966.1465605377;10559.6529364248
172;48,84602765;2,374962919;962;Gare de Lyon;GARE DE LYON;1;654129,8636;6860846,248;7876.39881068526;7829.00842147878;9565.45925109094;8163.38738738101;29028.6557278672;8954.60507951487;11902.919113003
302;48,87576459;2,324256033;1000;Saint-Lazare;SAINT-LAZARE;14;650436,9779;6864183,391;17365.7758117653;8072.31939075933;13538.5883903199;16174.6877950952;11826.5098051177;13611.7002461699;13431.5969065379
131;48,82727084;2,368032648;1006;Olympiades;OLYMPIADES;14;653604,5847;6858764,736;6447.79694205744;5976.45398687723;6920.46261806137;9257.37494880566;10950.5184893774;8826.62643811509;8063.20557054903
137;48,81867641;2,319740313;1134;Mairie de Montrouge;MAIRIE DE MONTROUGE;4;650051,0907;6857838,602;7454.54545454545;6800.42896383933;7636.84210526315;7196.79688504106;7961.89539534435;8181.81818181818;7538.72116430859
;;;;;;;;;inf;inf;inf;inf;inf;inf;inf
