x;y;Station;prix_moyen_2014;prix_moyen_2015;prix_moyen_2016;prix_moyen_2017;prix_moyen_2018;prix_moyen_2019;prix_moyen_global;Correspondance_1;Correspondance_2;Correspondance_3;Correspondance_4;Correspondance_5;Trafic;nb_lignes
651449.5655;6865156.6779;ABBESSES;8823.400533614;8396.2944564377;8698.65397776656;9700.3905684764;9718.9535409215;10275.9174644889;9268.93509028419;12;;;;;2349588;1
650605.2307;6858891.5557;ALESIA;8233.70877434606;7621.69730953004;8385.73047212748;8835.26567638007;9273.25748030708;9545.2486107218;8649.15138723542;4;;;;;4764374;1
655576.9894;6861985.8376;ALEXANDRE DUMAS;6518.82560728603;7079.92767098026;7600.02690021953;8104.87231270577;8708.51185635201;8880.11969788524;7815.38067423814;2;;;;;3439879;1
648719.8026;6862975.3829;ALMA-MARCEAU;14084.0805638431;12446.75324153;11765.6498651453;12581.833872668;14089.1339073957;14855.3457575812;13303.7995346939;9;;;;;4382709;1
651901.2249;6864961.0235;ANVERS;8163.49868524067;8098.70783766773;8375.94766148322;9029.78514561866;9599.68180232928;9844.62200190912;8852.04052237478;2;;;;;5643147;1
647874.6513;6864186.9211;ARGENTINE;8514.64325489348;9074.97093930732;9279.62471122694;10018.8816897693;10629.908294786;11030.5504644189;9758.09655906701;1;;;;;3026210;1
652809.6586;6863017.0982;ARTS ET METIERS;9351.4676755203;9152.45166363985;9303.83198712572;10172.5890404963;10830.0716650337;11853.7961205699;10110.7013587309;3;11;;;;4011632;2
650183.7135;6862520.0466;ASSEMBLEE NATIONALE;14057.448259931;13421.2772297667;14219.5755174251;15323.7374964443;16307.6820684045;17918.7381938086;15208.0764609634;12;;;;;1063551;1
653414.6433;6860443.13005;AUSTERLITZ;3949.98632335447;8312.41015968302;9549.37363954742;9967.4789252599;14707.7747241118;10724.7500077339;9535.29562994844;5;10;;;;9887549;2
648293.5441;6861005.6876;AVENUE EMILE ZOLA;8627.73445514363;8544.42032801507;8966.56786857363;9433.65376993391;10006.8818443455;10470.9391061296;9341.69956202357;10;;;;;1479759;1
655847.3058;6861442.5619;AVRON;7231.33181497147;7235.13958499069;7298.63048802591;7982.62964009626;8432.79801000395;8883.06373256475;7843.93221177551;2;;;;;1871024;1
647015.7484;6859784.1873;BALARD;7300.91785591634;7514.32377531127;7502.45011578405;8459.43651754745;8389.91272543719;9162.05821465639;8054.84986744212;8;;;;;5626040;1
652346.5444;6865040.90049999;BARBES-ROCHECHOUART;7127.79265386743;7016.08576522088;7224.67106315758;7824.7109534252;8595.22950917542;9400.68568623979;7864.86260518105;2;4;;;;7974496;2
653712.527066666;6861638.06553333;BASTILLE;9781.20001011408;8887.65712673236;10654.225382439;10632.2280724756;11698.0548796508;12729.0508596565;10730.4027218447;1;5;8;;;13151192;3
656030.6977;6860310.0664;BEL-AIR;7005.70865620893;7308.27122456383;7322.53428780189;7868.41525439231;8534.86922998593;8724.63405237173;7794.0721175541;6;;;;;2247926;1
654276.3874;6863742.0173;BELLEVILLE;6923.93112434173;6814.50839645422;6682.14535986265;7846.30556136793;8616.83267195676;9057.70253934024;7656.90427555392;2;11;;;;10735544;2
654474.80165;6860194.9617;BERCY;7103.20853100347;7315.67383497885;7764.63411350021;7758.35386908058;7963.84461771819;8733.99429114727;7773.2848762381;6;14;;;;6311543;2
654173.3908;6859062.6022;BIBLIOTHEQUE FRANCOIS MITTERRAND;7207.02206453215;6809.20387911185;7972.76217812259;8191.27840407688;8010.38558526966;9005.04501068514;7865.94952029971;14;;;;;19754334;1
647853.8595;6861779.4605;BIR-HAKEIM (GRENELLE);8902.21912406683;8523.56182793593;8606.55780329074;9293.41460296891;10278.8464100126;10418.8547988649;9337.24242785666;6;;;;;6903648;1
651007.2769;6865089.7195;BLANCHE;8575.13701635187;8064.74950361973;8585.58050656443;9681.30699022738;9423.57562232743;10092.9572214307;9070.55114342026;2;;;;;3893362;1
647920.0418;6863228.9678;BOISSIERE;9929.47956755473;9108.59762477765;9654.3605033427;10105.4068267887;11675.9024506721;12357.18420314;10471.8218627126;6;;;;;1919511;1
654100.662;6864715.5006;BOLIVAR;6672.11944920031;6899.25063575926;6979.55314875664;7754.96219503404;7967.89825933277;8244.05575149353;7419.63990659609;7bis;;;;;546780;1
652356.5489;6863544.515;BONNE NOUVELLE;8726.15441985549;8640.9879942875;9109.57395525366;9253.26476684717;10421.0381030461;11356.7023891766;9584.6202714111;8;9;;;;4583027;2
655197.2716;6864557.9604;BOTZARIS;6779.69805629579;6257.72610968775;6616.60105477831;7413.65828070288;7999.44212208014;8574.56866016852;7273.61571395223;7bis;;;;;993450;1
647739.0763;6860351.7535;BOUCICAUT;8331.18696490735;8170.90900123494;8267.19336239399;8518.05554620288;9027.06886428868;9503.04146177922;8636.24253346784;8;;;;;3152108;1
651638.0039;6863387.2034;BOURSE;9635.0774583725;10659.6510594771;9377.7663334838;10645.0980341883;11690.3421319853;14072.480766536;11013.4026306738;3;;;;;3386481;1
653789.9847;6861973.5003;BREGUET-SABIN;9641.91893290591;8768.32494930598;10372.8443633344;8985.0149214085;11453.2288914947;12450.2637483016;10278.5993011252;5;;;;;1791352;1
650151.8308;6865834.137;BROCHANT;7655.00190416458;7309.19494340357;7540.88173684038;8138.2681123229;9574.44184227012;9233.37994624049;8241.86141420701;13;;;;;2984525;1
654646.2892;6864454.645;BUTTES-CHAUMONT;6617.18482565812;6234.24793637866;6383.93140893728;7460.96466317424;8017.17596044552;8705.80804821096;7236.55214046746;7bis;;;;;545750;1
656047.1453;6861474.6081;BUZENVAL;6279.98396793821;6889.07578911061;7142.39288756565;7683.25082006439;7862.34822419295;8547.59062018196;7400.77371817563;9;;;;;1941769;1
651894.4424;6864185.1221;CADET;8698.74060344364;8304.23976061521;8659.70251306604;9365.02129475244;9966.42577254983;10720.6380603164;9285.79466745727;7;;;;;3042484;1
648847.9145;6861054.9765;CAMBRONNE;8948.08707705037;8869.10019216606;9259.08501034894;9794.94636345295;10188.4449296405;11037.0523060713;9682.78597978836;6;;;;;2524418;1
652935.9416;6859684.6612;CAMPO-FORMIO;8035.50333759852;8341.13813641433;8986.3874187412;8757.02023071997;8621.27578469212;9645.54450340879;8731.14490192916;5;;;;;1335450;1
652417.6279;6860930.0204;CARDINAL-LEMOINE;13391.30069275;10235.4373391486;10627.9017194765;11354.3379177334;11655.7211327781;11790.6100467016;11509.2181414313;10;;;;;1663781;1
652420.525;6860243.8862;CENSIER-DAUBENTON;11478.9858583001;9346.75315556667;9581.80058412574;10126.1048650095;10777.8427021968;11033.0962326637;10390.7638996437;7;;;;;3385284;1
649656.46925;6863299.3105;CHAMPS-ELYSEES-CLEMENCEAU;12740.4745740418;13091.0106327461;11468.6101454824;15173.5377452062;17280.8270318314;13815.3197219944;13928.2966418837;1;13;;;;4006171;2
646165.0737;6860823.2591;CHARDON-LAGACHE;7808.45660041919;7842.91872862748;8148.16490676256;8631.6911385644;9068.35949016401;10183.3070409475;8613.81631758086;10;;;;;692665;1
648339.9965;6864098.61836666;CHARLES DE GAULLE ETOILE;9716.1484313576;10521.9727607852;9358.91319981232;10426.6188811152;10695.4179380962;11581.8130626665;10383.4807123055;1;2;6;;;7296559;3
647601.6846;6860957.9773;CHARLES MICHELS;8637.48299473055;8370.47405679838;8325.17001577324;8743.36593842152;9454.73710406361;9850.0962649991;8896.88772913107;10;;;;;4601730;1
654915.2006;6861791.1422;CHARONNE;7557.25082689938;7538.22227183277;7834.1434806569;8616.39655283179;9300.70140541334;9754.31437193803;8433.50481826204;9;;;;;3652338;1
652765.4788;6863792.5575;CHATEAU D'EAU;8239.1414961846;7886.12912845628;8451.60299600112;8788.28467511823;10022.7655541467;10898.882236234;9047.80101435683;4;;;;;3878260;1
652313.3429;6865458.7189;CHATEAU ROUGE;6549.13485054795;6501.78868310299;7048.68306032887;7444.92213395914;8273.45887252664;8826.06238376593;7440.67499737192;4;;;;;7306788;1
653219.5359;6864471.7227;CHATEAU-LANDON;6923.67760994814;7123.36331985497;8456.37709521386;7923.01415795228;8669.12262990961;9694.872716934;8131.73792163547;7;;;;;1759434;1
652144.974639999;6862182.63491999;CHATELET;9964.16727878638;10257.8385038234;10015.1715167415;13241.7928632071;13220.3364134805;12108.7503721689;11468.009491368;1;4;7;11;14;10766712;5
651109.84135;6863872.8558;CHAUSSEE D'ANTIN (LA FAYETTE);11610.3843426011;9152.59412431174;9227.4363064368;10129.8435959502;15702.3284430449;17447.8270978691;12211.7356517023;7;9;;;;7312371;2
653636.9649;6862116.9823;CHEMIN VERT;9665.36775344059;8939.35077590377;10562.507173982;9332.2987745244;11604.3064344327;12670.6153207938;10462.4077055128;8;;;;;1527533;1
653618.2928;6859618.2657;CHEVALERET;6634.38136789269;6983.24248198114;8285.87368645453;7991.32099922913;8175.09401688586;8875.14329474659;7824.17597453165;6;;;;;3426306;1
652109.5385;6861853.227;CITE;10772.0468469242;11192.0095221587;10964.3151321398;14376.6377210615;13475.0814602616;14189.9982939659;12495.0148294186;4;;;;;1740572;1
651882.3097;6861422.9819;CLUNY-LA-SORBONNE;11416.9138527927;11085.8449663447;11185.4701312764;13041.6167159678;12544.7467011692;14262.322654844;12256.1525037325;10;;;;;2232036;1
653853.1813;6864360.3934;COLONEL FABIEN;6873.39960998638;7142.47782834612;8009.37558411806;7749.37341038277;8236.32137092158;8434.65856905271;7740.93439546794;2;;;;;4511921;1
648183.5662;6860759.2739;COMMERCE;8422.08254330295;8393.27272662307;8791.11767897823;9000.56737971777;9760.2889706977;10123.0451376044;9081.72907282069;8;;;;;2864592;1
650316.436;6863145.7179;CONCORDE;16885.0590808449;10913.7505650303;11577.5185469899;12774.5264318458;14307.7636423502;18331.5509221073;14131.6948648614;1;8;12;;;6115023;3
648372.7098;6859925.0172;CONVENTION;8032.61175066851;7449.08495696033;8389.41917097724;8386.05001915982;8675.70868393778;9601.98758251121;8422.47702736915;12;;;;;5275717;1
654727.0632;6866269.0824;CORENTIN CARIOU;5712.9246579316;5861.39484464168;5962.20528129425;6615.05927210521;6930.09745566286;7789.01353600506;6478.44917460678;7;;;;;2766678;1
652313.5223;6859055.391;CORVISART;8008.37613150813;7495.82690040216;7683.78935985686;8299.00230015599;8667.5736134766;9168.61910705339;8220.53123540885;6;;;;;2512122;1
654975.2848;6859428.6327;COUR SAINT-EMILION;6992.12810699566;7206.65185512121;6993.67937141972;7380.66171654157;7978.14732180311;8531.26481175177;7513.7555306055;14;;;;;6043808;1
648920.1378;6864580.1642;COURCELLES;9292.58991253696;10405.9072749815;9322.58687825394;10385.109564781;10924.0663276663;11419.9269473759;10291.6978175993;2;;;;;2557929;1
654559.4536;6863407.4921;COURONNES;7334.4321776898;6991.01236663649;7118.32179737182;7922.87096417938;8501.20233593892;8896.52857136818;7794.0613688641;2;;;;;2897777;1
654341.7793;6865822.0177;CRIMEE;5924.37562879282;5769.52387074738;6004.03277598896;6509.10772935681;6896.54505171816;7433.7728538017;6422.89298506764;7;;;;;5431969;1
655516.8981;6864827.9634;DANUBE;6486.99719434204;5638.14485215721;6028.83898160148;7064.58026884218;7386.16824781784;7990.36856280433;6765.84968459418;7bis;;;;;547896;1
655663.96825;6860108.1792;DAUMESNIL;6899.49537508137;7259.1318678798;7163.25900712339;7748.53459168901;8338.4005937902;8090.31923423452;7583.19011163305;6;8;;;;4954004;2
650987.2884;6859520.2915;DENFERT-ROCHEREAU;8459.63231425136;8598.02886707632;9511.197171945;7946.86485000355;8556.19057143063;11025.166473877;9016.18004143065;4;6;;;;3911586;2
655199.4896;6860061.0017;DUGOMMIER;6552.56564925117;7204.31776731283;7059.99784090412;7660.66824673943;8076.80633452559;7371.46589794062;7320.97028944563;6;;;;;2579556;1
648164.2594;6861386.5825;DUPLEIX;8987.27525116481;8620.75561516919;9031.01573842812;9576.39310641969;10233.7315728469;10572.9130112015;9503.68071587172;6;;;;;3221871;1
649856.2159;6860992.09314999;DUROC;10696.1561573445;9917.16167028603;10558.602618056;10804.2375856994;11494.5820223559;12369.6160859257;10973.3926899446;10;13;;;;3596220;2
649084.5508;6861850.7519;ECOLE MILITAIRE;10285.3061474676;10543.6252142905;10981.7412351807;11823.273290106;12960.2717684744;13598.3518959167;11698.761591906;8;;;;;4468169;1
650559.8002;6860279.0962;EDGAR QUINET;9766.14797110481;9383.68211516464;12366.8578032182;8616.65063101126;10617.7729407203;11964.2740940025;10452.5642592036;6;;;;;2142333;1
646364.8036;6861037.7277;EGLISE D'AUTEUIL;8050.96207444374;8162.51141701589;8323.97224689633;8756.03416721424;9180.22053501823;10152.4850585957;8771.03091653069;10;;;;;169939;1
652232.0865;6862838.6691;ETIENNE-MARCEL;9563.29887183839;10039.6156163382;9566.40772059978;10292.964360705;11014.1136947515;11852.73486245;10388.1891877805;4;;;;;2676549;1
650293.8318;6864518.8631;EUROPE;11316.4297138377;8285.4288495284;8856.76033536581;10768.0244200512;10591.7334207005;10995.7037458094;10135.6800808821;3;;;;;1618088;1
645692.4042;6860575.6926;EXELMANS;7770.34722183695;7618.59768678006;7743.01435244395;8514.46892535029;8990.23838607057;9870.24400416397;8417.81842944096;9;;;;;2102492;1
654803.4286;6861302.4487;FAIDHERBE-CHALIGNY;7802.88986614717;8082.0347387604;7725.47446020692;8649.11478162374;9379.62035986734;9776.2312659102;8569.22757875263;8;;;;;3032239;1
649937.2765;6860707.7605;FALGUIERE;10445.4438253715;9643.72383535578;9852.06936216332;10452.9752715246;10961.8898853721;11913.392088784;10544.9157114285;12;;;;;881763;1
648031.8468;6860532.9003;FELIX FAURE;8381.86800576883;8280.00721218076;8608.06009163311;8885.4396473701;9484.49928946995;9590.1952834327;8871.67825497591;8;;;;;1744774;1
653535.9904;6862766.9605;FILLES DU CALVAIRE;8926.60883869773;8711.60919018573;8893.19278814413;10448.1020375286;10763.4349679151;11838.6296684286;9930.26291515;8;;;;;1606192;1
649274.1463;6863469.47935;FRANKLIN-D.ROOSEVELT;14138.4177361701;12929.8286764055;13635.6989019906;14292.0555128571;15104.3237088497;14605.2775242833;14117.6003434261;1;9;;;;9545487;2
650272.1513;6860055.6505;GAITE;8699.25106408333;8473.7496270545;9146.29094822535;8031.00578114788;9678.59454561219;10392.9572694589;9070.30820593037;13;;;;;2713799;1
655900.08385;6862946.6501;GAMBETTA;6644.10637092524;6855.67317911605;7067.44720999161;7631.65594347935;8182.47948998925;8520.47838478708;7483.64009638143;3;3bis;;;;6798910;2
652911.894766666;6864203.377;GARE DE L'EST;7529.07901468025;7609.09572646626;7724.64378837548;8572.31170170571;9188.40613685618;11216.3807278751;8639.98618265984;4;5;7;;;22443106;3
654057.4582;6860733.2857;GARE DE LYON;8009.62777670722;7904.71362734645;7828.83007060573;8202.87303163107;8958.58904855318;9596.17223645163;8416.80096521588;1;14;A;;;36512570;3
652858.788549999;6864600.87089999;GARE DU NORD;6919.48037596898;7104.6287097367;7405.45156672205;8084.78744525141;8457.3521911356;9683.17851317343;7942.47980033136;4;5;;;;51141374;2
648695.3653;6863782.5778;GEORGE V;13681.629834097;12554.8886862382;11817.8811631499;11729.9252686161;11542.5364872724;13349.0560899559;12445.9862548883;1;;;;;6643262;1
651808.0022;6859208.4674;GLACIERE;7788.40372084973;7819.65861276341;7910.28840491261;8440.85372606771;8985.76800332454;9684.0220819182;8438.16575830603;6;;;;;4498939;1
653867.1922;6863509.3023;GONCOURT (HOPITAL SAINT-LOUIS);7535.28164332556;7642.13066522559;7727.81806459564;8618.11922686247;8661.24600642459;9259.56316221102;8240.69312810748;11;;;;;2192190;1
651819.1431;6863697.2503;GRANDS BOULEVARDS (RUE MONTMARTRE);8877.49109090031;9734.16326559248;9156.56630873364;9617.10551616571;10907.3746023827;12926.289637601;10203.1650702293;8;9;;;;6807424;2
650685.8186;6866078.8433;GUY MOQUET;7086.2629759056;6979.39707416954;7082.25200777923;7856.5401179989;8652.95253029526;9683.04698392048;7890.07528167817;13;;;;;4004960;1
650681.61275;6863942.08735;HAVRE-CAUMARTIN;11562.4982986234;8079.38004395393;9047.97450623626;10744.6546712948;13424.7621351019;9261.88317558762;10353.5254717996;3;9;;;;8277127;2
656177.9025;6865856.7161;HOCHE;4954.20875420875;4619.51575645629;4800.79957016273;4745.22407028233;4313.78305505829;5148.5059138465;4763.67285333582;;;;;;;1
652403.26595;6862131.976;HOTEL DE VILLE;10632.1074138159;10190.5675164937;9559.14712906889;12732.2894596225;13125.9549812239;13464.4343667589;11617.416811164;1;11;;;;12307363;2
648218.8598;6862982.8662;IENA;9511.91581126581;9693.07137513129;9867.56735609563;10717.0200772681;12033.4752559406;13122.5776036201;10824.2712465536;9;;;;;2646049;1
649710.23805;6862697.3927;INVALIDES;12825.5689950273;12241.394985161;12091.6217928691;13390.0136513629;15430.0453767199;14809.4248750448;13464.6782793641;8;13;;;;6540934;2
653129.4916;6863610.0193;JACQUES BONSERGENT;8212.6212152254;8067.35760495572;8332.92560066649;9353.06966310268;8960.83454345172;10314.3523685871;8873.52683266485;5;;;;;2477876;1
646299.9369;6861633.6924;JASMIN;8700.57351855657;8600.80013015528;8761.16423871398;9127.08546501617;9977.70854634961;10870.6987116881;9339.67176841329;9;;;;;1935764;1
653832.644333333;6864889.90053333;JAURES;6705.08551023536;6704.79736744254;7564.49867741012;7371.56001197206;7898.11804927048;8110.54191193275;7392.43358804388;2;5;7bis;;;5836196;3
646993.0906;6860917.8132;JAVEL;7891.16762431681;7713.7192002893;8167.57644060574;8556.36774150912;8982.12237060203;9523.63874195314;8472.43201987936;10;;;;;2969444;1
655215.4591;6864071.8789;JOURDAIN;6891.2412547286;5758.39662391466;6742.72508134114;7680.08388759904;8057.10608109473;8588.66204238219;7286.36916184339;11;;;;;3029314;1
651948.6586;6866024.9374;JULES JOFFRIN;6941.18167244992;6817.65724338445;7239.16246891426;8007.30054785375;8540.76330088448;9098.38017096505;7774.07423407532;12;;;;;4034229;1
652663.7157;6860860.62394999;JUSSIEU;13598.3058971075;10048.6844085442;10494.8005141545;11021.1292829832;11497.717728407;11623.1779284228;11380.6359599365;7;10;;;;4328012;2
648178.897;6863745.5821;KLEBER;10706.9460063811;9155.41922567958;10279.4886535433;11231.0643114044;11317.792974072;11868.5329029553;10759.8740123393;6;;;;;1253324;1
653102.402;6865121.3253;LA CHAPELLE;6257.05973306816;6354.48275436116;7428.75917141228;6722.59966228592;7533.33829908189;8396.70146122889;7115.49018023972;2;;;;;6534340;1
650559.5701;6865452.1927;LA FOURCHE;8030.82495400392;7433.59734626652;7794.2339132981;8540.09793719853;9088.37778118699;9441.72360939984;8388.14259022565;13;;;;;2563103;1
648522.459666666;6861240.28103333;LA MOTTE-PICQUET-GRENELLE;8926.07713295499;8834.89005039152;9132.50031346941;9839.54773700097;10277.9516609612;11195.4845041233;9701.07523315024;6;8;10;;;7958383;3
646744.2368;6862245.8558;LA MUETTE;9236.46200586808;8912.66584277363;9666.46267103409;9707.11569967743;10162.0996962021;11091.0990746605;9795.98416503599;9;;;;;3991922;1
649415.3796;6862186.2617;LA TOUR MAUBOURG;10885.4923749455;10646.1477943448;11226.6196114286;11878.1802150807;13381.8156365658;13751.9583126206;11961.7023241643;8;;;;;2139593;1
651513.7584;6865721.0309;LAMARCK-CAULAINCOURT;7972.21004936749;8032.83662416025;8214.12379187481;9259.63687998128;9337.64791390683;10307.5249007073;8853.996693333;12;;;;;2704202;1
654509.0245;6865200.9983;LAUMIERE;6656.36227945901;6109.33834512012;6249.58808848758;7404.66009450647;7526.60049130968;8352.47499167719;7049.83738176001;5;;;;;4325317;1
651605.5387;6864074.5114;LE PELETIER;9075.31872501721;8492.91229427422;8775.24177774153;9519.99797805089;11677.5309524868;14139.6781411792;10280.1133114583;7;;;;;2451509;1
654219.2941;6861428.6032;LEDRU-ROLLIN;8461.91465676966;8621.66718027278;8027.20342870504;9915.1069186679;10045.7236692815;10164.8742610363;9206.08168578889;8;;;;;3777270;1
652478.6539;6859729.3272;LES GOBELINS;8362.56020445165;8489.02115367085;8783.82532021167;9343.64135942587;9738.68350280817;10586.0623267028;9217.29897787852;7;;;;;3377372;1
651995.4564;6862674.8091;LES HALLES;9514.17638328332;10186.648568947;9919.76243530452;10681.9081875799;11251.7167087607;11799.0547534655;10558.8778395568;4;;;;;16069170;1
650643.5277;6864611.9937;LIEGE;9562.30330386704;8364.54436415618;8500.46423846749;10397.2196870731;10497.0828469738;10376.8204775818;9616.40581968659;13;;;;;1662452;1
653458.28465;6864778.89835;LOUIS BLANC;6609.03858452545;6776.20919511548;7546.13879647804;7391.84237755664;8278.60957665084;8374.75281159556;7496.098556987;7;7bis;;;;2272326;2
647796.9264;6865645.6998;LOUISE MICHEL;7517.85690633567;7388.54594054531;7963.42959790414;8719.18710114497;9338.2397361734;9732.82749964769;8443.34779695853;;;;;;;1
647351.9234;6860118.0595;LOURMEL;8018.58269870027;7970.12070909455;8104.15298442126;8489.8932262679;7938.82396024722;8258.83480552544;8130.06806404277;8;;;;;2301922;1
651659.1352;6862509.6962;LOUVRE-RIVOLI;9777.55611633909;10736.0533062165;11235.5407490727;13305.8436421884;13025.9376978169;12002.9079219021;11680.6399055893;1;;;;;2633369;1
651240.5212;6861647.0174;MABILLON;12769.0932089886;12398.1345613197;11799.6670179613;14146.9698344095;15137.602314224;15387.1597155305;13606.4377754056;10;;;;;1859872;1
650539.713833333;6863556.3095;MADELEINE;12807.8109900374;8635.88421495208;10200.8376907482;11666.1009341524;15499.0643839784;13538.3073377101;12058.0009252631;8;12;14;;;8473016;3
650051.0907;6857838.6019;MAIRIE DE MONTROUGE;7454.54545454545;6800.42896383933;7636.84210526315;7196.79688504106;7961.89539534435;8181.81818181818;7538.72116430859;;;;;;;1
652898.4845;6858233.0223;MAISON BLANCHE;6640.79610830488;6918.67601240364;6906.15088259211;7342.94667825463;7574.10895221292;8116.54543388822;7249.87067794273;7;;;;;1803381;1
649328.8075;6864985.5498;MALESHERBES;8636.01592260803;8555.47363287907;8785.59777341726;10055.5677980112;10374.091852;10583.9973993876;9498.45739638389;3;;;;;2406916;1
656419.7092;6861573.3159;MARAICHERS;5585.58462869285;6284.93379573631;6851.5537535735;7518.13810970301;7490.63705713728;8203.27102135961;6989.01972770043;9;;;;;2608017;1
652323.141;6865910.78665;MARCADET-POISSONNIERS;6646.37435631196;6390.16484894366;6895.36893849736;7581.90125259203;8250.83996061713;8727.23826546169;7415.31460373731;4;12;;;;5973655;2
653071.5478;6865798.4225;MARX DORMOY;5923.48345951984;5848.46839376464;6403.25026563283;6533.24412931451;6580.39879453959;7822.93815543339;6518.63053303413;12;;;;;3359946;1
652158.9045;6861318.0602;MAUBERT-MUTUALITE;11500.1177111457;10919.2761030989;11017.5300718326;12652.0163306674;12913.8667335643;14575.2530498384;12263.0100000245;10;;;;;2226690;1
654765.838;6863151.1043;MENILMONTANT;7476.20338507162;7159.52283315729;7340.67642683071;8040.25732610508;8187.78179746757;8839.38803740288;7840.63830100586;2;;;;;3943809;1
656130.969;6859839.9191;MICHEL BIZOT;7215.16258418825;7416.95704017645;7268.89207773513;7792.98761067255;8140.11876188951;8076.80353610601;7651.82026846132;8;;;;;1906545;1
645999.7434;6861126.2047;MICHEL-ANGE-AUTEUIL;8404.27242489532;8542.8398828942;7930.33324853333;9532.4844329183;9772.30665596237;10541.3220662807;9120.59311858071;9;10;;;;2042174;2
645815.90255;6860820.74955;MICHEL-ANGE-MOLITOR;7819.17994477416;7879.3167936667;7626.88963497467;9260.3842777616;9362.64102858071;10199.742538536;8691.35903638231;9;10;;;;2247014;2
646631.0122;6861033.1517;MIRABEAU;8090.41949355888;8003.73017177737;8156.18873457779;8702.77721587015;9374.6089836173;10050.3459056725;8729.67841751234;10;;;;;1377611;1
649721.7634;6863964.39175;MIROMESNIL;11884.4095784457;9471.91691055122;9611.0729844282;12807.7514526868;11101.7474242101;13337.0152867839;11368.9856061843;9;13;;;;5908201;2
649355.6855;6864713.7086;MONCEAU;9408.28557174177;8945.44842640501;9136.50560656089;10111.9157686116;10909.5521705747;11078.6635603213;9931.72851736922;2;;;;;1672269;1
655237.5024;6860657.5602;MONTGALLET;7700.53016677089;7644.26397042125;7641.37486910103;8289.99917311856;8336.09163834533;8012.73354361048;7937.49889356125;8;;;;;1596702;1
650295.504225;6860539.7126;MONTPARNASSE;9984.74445957278;9361.90547378732;9815.47344049318;9769.62420491784;10827.335095857;12188.8565806876;10324.6565425526;4;6;12;13;;29857740;4
650794.4816;6859215.1047;MOUTON-DUVERNET;8464.15912258204;8145.29022233596;7789.78689073157;8345.434152087;8780.57256765941;10322.0144542769;8641.20956827883;4;;;;;1583761;1
655637.9985;6861064.20032499;NATION;7708.06742359743;7605.74056283814;7626.62238130196;8227.77359344898;8963.13487225157;9292.10436356207;8237.24053283336;1;2;6;9;;8834660;4
653229.9171;6859428.9054;NATIONALE;7216.52755206182;7204.25813231385;7715.0166466582;7751.03941137464;7400.02435606144;8477.83306676796;7627.44986087299;6;;;;;2497964;1
651436.9357;6864204.0114;NOTRE-DAME-DE-LORETTE;9273.07378467252;8593.8478804113;8566.98650594413;9630.32077089102;11707.7130190342;13193.0140131334;10160.8259956811;12;;;;;2833104;1
650739.5063;6860753.4255;NOTRE-DAME-DES-CHAMPS;10658.4310909815;10619.0314585275;10449.3512853221;11610.2754505139;12173.2000431962;13153.2025888421;11443.9153195639;12;;;;;2051828;1
653668.739349999;6862925.4466;OBERKAMPF;8462.55646415777;8318.13088663918;8344.58963999255;9935.32042231007;9330.7454508331;11034.624216324;9237.66118004279;5;9;;;;4416955;2
651546.8732;6861557.40609999;ODEON;12239.1673396593;11847.7626348169;11654.8316818777;13728.907326196;13753.8582302618;15236.2902228436;13076.8029059426;4;10;;;;5600764;2
653604.5847;6858764.7361;OLYMPIADES;6676.63467655539;6693.58524139349;7219.73389670778;7738.27517075635;7676.57705583602;8896.26097799855;7483.5111698746;14;;;;;7912359;1
651013.288333333;6863616.0505;OPERA;10985.7961264679;9185.97340202771;9703.31615763247;10357.9061264445;13525.1353907694;14450.0955548279;11368.0371263616;3;7;8;;;10501357;3
655045.7743;6865410.1669;OURCQ;6536.89922054655;6199.01662802599;5965.62983397753;7105.33446579745;7390.98162720941;8120.40071012591;6886.37708094714;5;;;;;3763663;1
651336.440549999;6862710.6177;PALAIS ROYAL-MUSEE DU LOUVRE;10276.5354257181;11159.7555983404;10568.9254194498;13037.4960922901;13453.5807284019;14785.4885569023;12213.6303035171;1;7;;;;9592920;2
654118.8397;6862984.2509;PARMENTIER;7762.58084517505;7528.52370494761;7825.2993638845;8957.7853017811;9582.82874306394;9585.20950443773;8540.37124388165;3;;;;;3103492;1
647598.9541;6862171.635;PASSY;9374.9012901751;8818.8530097718;9758.89169172665;10153.8298571352;11267.8117571917;11451.8173258779;10137.684155313;6;;;;;3187985;1
649552.3554;6860522.49654999;PASTEUR;8799.16948886119;8625.87375399221;8982.7496514768;9119.45983704254;9289.37151343594;10366.6945163326;9197.21979352354;6;12;;;;4493457;2
656100.7414;6863323.2148;PELLEPORT;6540.59514506248;6607.13918459038;6668.63432286002;7227.77347766687;7903.59406734839;8592.3761030806;7256.68538343479;3bis;;;;;329597;1
655009.0592;6862714.26385;PERE LACHAISE;7584.18548854106;7459.19049882792;7742.44700046359;8543.32657102398;8343.21159356892;8901.22134316;8095.59708259758;2;3;;;;4724592;2
648500.0697;6865215.7477;PEREIRE-LEVALLOIS;8583.5231018267;8258.09995165317;8480.13531117173;9580.25196957074;10380.7693062289;9795.13956645349;9179.65320115079;3;;;;;4446732;1
649943.7106;6859536.3792;PERNETY;8108.8768374304;7922.14293129255;8151.31348620431;8755.4984468456;8970.38896880774;9969.72155355412;8646.32370402245;13;;;;;3050541;1
655224.2451;6862220.8679;PHILIPPE AUGUSTE;7466.37434175452;7312.85011493628;7734.63166615394;8649.76964964794;9039.45815006831;9561.36283660172;8294.07445986045;2;;;;;1763562;1
656061.0276;6860723.8589;PICPUS;7605.7174807776;7541.83092928181;7776.07208395652;8022.14947175693;8933.72670882138;9220.31240234707;8183.30151282355;6;;;;;1302314;1
651391.7235;6864919.25395;PIGALLE;8785.06607808285;8298.54007882656;8665.56483066312;9636.46531942526;10472.5938625179;10897.8977570366;9459.35465442539;2;12;;;;5599495;2
652708.712533333;6859199.00653333;PLACE D'ITALIE;7890.03610797129;7552.95388849951;7931.04836374647;8134.60662725626;8165.20042481202;8779.77385853877;8075.60321180406;5;6;7;;;10577276;3
650685.47015;6865064.78274999;PLACE DE CLICHY;8351.46765571867;7779.51475551585;8503.74127415189;9516.99335929374;9473.09782608957;10580.5780467933;9034.23215292718;2;13;;;;8020440;2
655481.379149999;6864266.2419;PLACE DES FETES;6739.53462216134;5460.13676902912;6579.42746396183;7481.85354992899;7838.422512336;8269.3841239784;7061.45984023261;7bis;11;;;;2921564;2
652458.3099;6860508.2454;PLACE MONGE (JARDIN DES PLANTES);12533.5265984153;9718.34538454832;10193.8041092824;10578.0646315646;11404.2069433251;11173.6557265092;10933.6005656075;7;;;;;2828772;1
649651.2929;6859304.204;PLAISANCE;7815.41098333248;7657.70369571366;8155.34344445679;8006.9076830581;8667.07209569974;9897.93074297235;8366.72810753885;13;;;;;4784211;1
652274.7082;6864331.6119;POISSONNIERE;7913.75857397834;7881.85161262116;8218.51104665098;8979.10337568337;9750.56541827437;10324.4761047618;8844.71102199501;7;;;;;3466034;1
652830.3951;6861695.9829;PONT-MARIE (CITE DES ARTS);11289.4280827453;11041.4301920656;11415.957849719;12056.4197048441;15113.6825636931;14501.4049106029;12569.7205506117;7;;;;;1733641;1
651739.5237;6862258.5537;PONT-NEUF (LA MONNAIE);9989.81247845626;11107.6706524728;10725.9319141936;12404.4332472191;13357.1705118631;12235.6124679205;11636.7718786875;7;;;;;1546517;1
645529.7326;6861136.8657;PORTE D'AUTEUIL;8352.36895975645;8503.38506643457;7442.17422445064;10071.4688403585;9846.06693569569;10476.6509863188;9115.35250216913;10;;;;;622094;1
652985.99;6857874.877;PORTE D'ITALIE;6402.91586436203;6550.90347955708;6923.64634275593;7077.00149437631;7098.86743801801;7542.31312673943;6932.6079576348;7;;;;;2363639;1
653691.6801;6858106.3134;PORTE D'IVRY;5561.24286318085;6298.29245670906;17492.9803377883;6599.28839165869;6752.64621790528;7476.12424483699;8363.42908534654;7;;;;;1901960;1
650484.043;6858361.4233;PORTE D'ORLEANS;7998.52081044986;7232.13421480624;7985.39561237249;8777.24854407336;8735.65833582086;8808.95795013803;8256.31924461014;4;;;;;6259225;1
646972.7506;6863736.1283;PORTE DAUPHINE;9331.87717133559;9613.95079406033;9618.50978791468;10244.2740825045;10990.5416925881;11828.9511946253;10271.3507871714;2;;;;;2932159;1
656572.0977;6862892.6803;PORTE DE BAGNOLET;6644.30581074186;6822.68915917487;7054.00382509205;7283.55231088596;7786.57732228881;8466.29195713608;7342.90339755327;3;;;;;4020800;1
648123.8929;6865318.8375;PORTE DE CHAMPERRET;8348.35389158332;8139.97541823236;8643.39397020772;9196.83471341875;10084.3012899322;10364.9635257746;9129.63713485817;3;;;;;3189251;1
656062.6699;6859400.7586;PORTE DE CHARENTON;7095.35929546937;7014.29567685442;7125.86184900138;7585.33465863821;8124.62546348279;7844.38697672521;7464.97732002856;8;;;;;2105924;1
653340.9723;6857944.6053;PORTE DE CHOISY;6034.31847800545;6164.79268219001;6393.94766644195;6431.2366557561;6420.34434076813;7208.73061527482;6442.22840640608;7;;;;;2598026;1
649685.9141;6866245.7339;PORTE DE CLICHY;7725.21479780622;6763.60241700004;7473.62849014543;8097.14459486039;10376.1170091774;9385.82977504576;8303.58951400589;13;;;;;4495978;1
651967.2227;6866576.6415;PORTE DE CLIGNANCOURT;6833.23197089743;6561.27440827265;6611.46859306632;7653.03189625448;8238.64816220303;8504.17683270437;7400.30531056638;4;;;;;8393535;1
653041.8705;6866550.3731;PORTE DE LA CHAPELLE;5605.88732539493;5693.42838291286;5975.12609244829;6290.5207270876;5489.65910576653;7148.09161334684;6033.78554115951;12;;;;;2379751;1
654948.2026;6866551.3039;PORTE DE LA VILLETTE;5396.72739171752;5671.40703000415;6055.56670491419;6672.93307512444;7044.90093819781;8654.12709203846;6582.61037199943;7;;;;;4159555;1
656753.3202;6861661.8646;PORTE DE MONTREUIL;5811.4907532693;6024.08506905378;6430.99775437643;7497.06801832706;6998.46721041224;7786.82275635711;6758.15526029932;9;;;;;4344016;1
655424.858;6865559.4508;PORTE DE PANTIN;6450.86898341153;6390.24670796362;6275.91611076749;6571.5717068997;7375.48968578336;7687.27145706216;6791.89410864798;5;;;;;5615256;1
645473.5838;6860024.2597;PORTE DE SAINT-CLOUD;7632.07031508165;7714.94956057942;7458.31759813785;8232.98714522501;8596.29024673918;9545.7919089953;8196.73446245973;9;;;;;5174694;1
650801.1471;6866583.3841;PORTE DE SAINT-OUEN;6716.68883307761;6414.17861147397;6906.66475591808;7705.28220631701;7893.93386491608;9373.79024405142;7501.75641929236;13;;;;;3761155;1
649016.968;6858861.6144;PORTE DE VANVES;6927.23667257782;6770.99015166948;7630.5368642361;7753.24304483345;7981.64345414985;8603.58682725741;7611.20616912068;13;;;;;4660158;1
647736.0144;6859390.48299999;PORTE DE VERSAILLES;7047.04501768637;6570.98685757599;7880.12002106221;7944.69036452015;7526.12267469048;7872.60607098064;7473.59516775264;12;;;;;5823995;1
656712.3513;6860952.126;PORTE DE VINCENNES;7108.53886487543;6937.18801128423;7408.15753766622;7511.86569268952;8592.70787195642;8032.15890275726;7598.43614687151;1;;;;;7633984;1
656477.94175;6864288.08465;PORTE DES LILAS;5961.62711768659;5997.26577281583;5693.89708351697;6450.79837066518;7006.42641578098;7662.43408241881;6462.07480714739;3bis;11;;;;3439385;2
656352.887;6859578.9511;PORTE DOREE;7095.07111501163;7167.08399683429;7126.31584406205;7667.61728769437;8045.15288091698;7933.27728684541;7505.75306856079;8;;;;;2763236;1
647424.8025;6864408.6314;PORTE MAILLOT;8247.88172658283;8904.30602140055;8888.19724326809;9510.13110878664;9961.82331531991;10536.4083060628;9341.45795357015;1;;;;;8226552;1
655918.6953;6864609.5836;PRE SAINT-GERVAIS;5923.30764967572;5799.44314227111;5888.87969197991;6496.38728705953;6885.70571330319;7355.32541647092;6391.50815012673;7bis;;;;;386948;1
651161.5128;6863085.1625;PYRAMIDES;10860.0960635509;11962.8532930552;10336.3072904029;12736.585650045;13503.520525661;16266.9057582829;12611.0447634996;7;14;;;;6069724;2
654913.7648;6863937.4476;PYRENEES;6720.74502122215;5913.14756437828;6456.55788320621;7529.00215571823;7964.16812266706;8542.9058049187;7187.75442535177;11;;;;;2920049;1
653965.0895;6859848.72399999;QUAI DE LA GARE;5952.51108062937;7014.9221757681;8568.15662234279;8116.34320599158;8149.22125530045;8105.15107319839;7651.05090220511;6;;;;;3033927;1
653463.2581;6860905.8001;QUAI DE LA RAPEE;8853.9245644332;8373.17601282683;7968.63609969268;8098.69390869584;9303.25961285009;10527.548184007;8854.20639708428;5;;;;;1155002;1
651308.6039;6863488.8496;QUATRE SEPTEMBRE;10282.9570049755;10865.6189960885;9642.91192874569;10761.6406022337;12914.7110245432;15609.4449323051;11679.5474148153;3;;;;;1997741;1
652568.2852;6862546.5161;RAMBUTEAU;10075.2920050794;9670.31943387756;9597.98141092693;11889.5822448726;11838.8802385642;12884.321952733;10992.7295476756;11;;;;;3219510;1
646444.7925;6861963.8329;RANELAGH;9029.94156450602;8729.19080398359;9050.66247862345;9474.74096973848;10298.5393249674;10846.8571826602;9571.65538741322;9;;;;;2314539;1
650878.8981;6860087.4642;RASPAIL;9480.56973968333;9595.25823006778;12162.3844320066;9445.16269264391;9443.44222283872;12073.5501717411;10366.7279148302;4;6;;;;1887146;2
652482.48185;6863103.21705;REAUMUR-SEBASTOPOL;9240.07113368367;9269.41081168334;9323.90920379989;9729.52935724339;10414.0817163914;11619.0681443358;9932.67839452293;3;4;;;;5291106;2
650669.7472;6861144.9041;RENNES;11059.1704735607;11596.4390263671;11979.7478155217;12405.6540024395;13598.4853011133;15002.7788927143;12607.0459186194;12;;;;;1181641;1
653352.13412;6863210.90807999;REPUBLIQUE;8693.16845155621;8493.07208275761;8792.43641238115;9552.71619420455;9538.56182962985;10298.2618999989;9228.03614508805;3;5;8;9;11;16596521;5
654991.01925;6860971.6649;REUILLY-DIDEROT;7834.83709985639;7690.63295231702;7680.30538101318;8459.46642276962;8819.89249333326;8739.38828759853;8204.087106148;1;8;;;;6328040;2
653918.3594;6862387.573;RICHARD LENOIR;8535.75374273651;7877.93490184026;8270.07811725933;9926.7938839461;10205.6306807715;10570.4227665002;9231.10234884234;5;;;;;2422197;1
651520.16805;6863752.20255;RICHELIEU-DROUOT;10071.0885487882;9859.02060913524;8958.1521779623;9769.07541359362;10593.7755314191;14101.4880874677;10558.766728061;8;9;;;;5014491;2
654111.394;6865543.4601;RIQUET;6003.49797162457;5794.6648598883;6235.37519313366;6672.36809061304;7168.32335815552;7686.63538843047;6593.47747697426;7;;;;;2312581;1
650224.5081;6864903.8302;ROME;8856.77585653048;8247.70496953026;8736.36066021163;9817.88271756109;9787.92469826017;10826.5321558124;9378.86350965101;2;;;;;2753714;1
647040.651;6862902.3761;RUE DE LA POMPE (AVENUE GEORGES MANDEL);9682.2687581157;9369.25319269814;9827.10884552054;10362.755524111;11190.2778113318;11840.2458192786;10378.6516585093;9;;;;;3004505;1
655193.1503;6861537.1145;RUE DES BOULETS;7759.35754652091;7521.43144459385;7702.00091078723;8467.91652292538;9140.39031398306;9558.71186919885;8358.30143466822;9;;;;;2583609;1
650524.602;6861934.8835;RUE DU BAC;12961.2104471572;12799.3776897816;13795.4856348139;14990.3413173631;17155.9764348444;16537.2988653717;14706.6150648887;12;;;;;2304665;1
654126.2223;6862513.3167;SAINT-AMBROISE;7989.52383596091;7575.36468962486;8141.43062944836;9119.0277331377;9713.9091829044;9908.39335171025;8741.27490379775;9;;;;;2977955;1
650223.5598;6864051.0893;SAINT-AUGUSTIN;13372.0433517662;8382.07482808612;9261.88122135311;10647.5848335972;11069.0241413337;12740.3622304463;10912.1617677638;9;;;;;3052723;1
656320.4457;6863728.6864;SAINT-FARGEAU;6196.19922235736;6025.44014643185;6057.12273789851;6929.94619215784;7639.01912705748;8102.49060036525;6825.03633771138;3bis;;;;;716699;1
649691.21;6861485.1179;SAINT-FRANCOIS-XAVIER;10946.5436513982;10929.0553318245;11739.8901571028;11758.9146099471;13330.8253771744;13948.7156437483;12108.9907951992;13;;;;;1701996;1
651417.8007;6864470.9482;SAINT-GEORGES;9015.4556939078;8560.73175117519;8528.25625526016;9703.6570187825;11097.5870061363;11670.552822958;9762.70675803666;12;;;;;1135274;1
651114.5388;6861726.1589;SAINT-GERMAIN-DES-PRES;12398.2382158214;12699.1856889887;11922.5259272186;14205.6466293276;15522.8618114058;15644.6152689492;13732.1789236185;4;;;;;3866889;1
651341.5779;6859409.3229;SAINT-JACQUES;8323.04418570405;8433.51640353498;7007.99223733468;8646.46923665441;9456.31945756571;10128.7742638779;8666.01929744529;6;;;;;1954772;1
650499.156025;6864141.752275;SAINT-LAZARE;12347.5544793657;8236.24176328908;8649.48161370192;11074.6750331753;12499.0186679843;9750.54374887152;10426.2525510646;3;9;12;13;14;46923920;5
653095.9282;6860009.3865;SAINT-MARCEL;5497.11896238323;8556.69005944235;9121.88476702771;9190.155349187;11107.4083150415;10303.7703994722;8962.83797542568;5;;;;;2131369;1
654573.8244;6862850.872;SAINT-MAUR;7683.06929314153;7295.58930556771;7714.34074329485;8512.64896153581;8674.53021538359;9037.98237920183;8153.02681635422;3;;;;;2924501;1
651811.8161;6861659.0529;SAINT-MICHEL;12181.5032003925;11302.5667269563;11581.3678627871;13302.9638722766;13414.3729822243;14211.0453975466;12665.6366736972;4;;;;;6286034;1
653110.2705;6861878.3873;SAINT-PAUL (LE MARAIS);10944.8035505773;10428.4215842588;12581.6339442862;9934.6103591753;13889.6562115708;13934.8441174045;11952.3282945455;1;;;;;6502842;1
649390.9483;6863820.7798;SAINT-PHILIPPE-DU-ROULE;10746.7770878431;11471.9889308005;10871.9936940909;13642.1762552521;12059.6683652515;13030.531495368;11970.522638101;9;;;;;3187997;1
650595.6493;6860969.8856;SAINT-PLACIDE;10857.3521474552;10948.8956049139;11094.2888181105;11716.5398629737;12659.4213065331;13906.8766090365;11863.8957248371;4;;;;;3304968;1
653574.4612;6862534.3482;SAINT-SEBASTIEN FROISSART;9136.59742615001;8729.46762471955;9032.29335909527;9353.85426331697;10911.6236626184;11465.9150145895;9771.62522508163;8;;;;;1685816;1
650927.7173;6861500.1493;SAINT-SULPICE;12181.6739707027;12378.3848793973;12240.6536280418;13953.5918354711;15320.3839682324;15335.0693679365;13568.2929416303;4;;;;;2287634;1
649172.8635;6861003.0844;SEGUR;9118.1900134427;9024.70673243287;9273.11272044641;9727.35290327657;9701.66795935173;11440.1631087383;9714.19890628144;10;;;;;1669348;1
652135.2075;6863228.8943;SENTIER;9393.28220759109;10083.3102517559;9546.77145053434;9843.06073334771;10994.9879343481;11660.6327359634;10253.6742189234;3;;;;;3420249;1
650589.936849999;6861481.33125;SEVRES-BABYLONE;11672.0887612398;12019.9391978516;12585.8392886173;13565.914578763;15275.4187399583;14864.6701153238;13330.6451136256;10;12;;;;5037509;2
649327.7178;6860841.6954;SEVRES-LECOURBE;9185.81023585722;9012.89202964274;9120.53604801209;9679.87718544793;9914.89708339198;11293.3542074039;9701.22779829266;6;;;;;1957206;1
652177.9554;6866190.0425;SIMPLON;6812.13555618798;6451.99645097299;7014.76721780855;7806.67815070016;8366.6730626153;8959.96867163389;7568.70318498648;4;;;;;2366858;1
650339.7683;6862265.6354;SOLFERINO;13317.1098835199;13180.8403793586;13535.7052812949;14980.9689794659;16781.3116112938;16425.3468335675;14703.5471614168;12;;;;;2073832;1
653583.751033333;6865113.31846666;STALINGRAD;6455.18313906805;6559.6292807316;7471.68194580753;7224.71348452494;7943.97285749602;8464.5223420178;7353.28384160766;2;5;7;;;6891050;3
652651.761899999;6863447.445;STRASBOURG-SAINT-DENIS;8614.38094132916;8378.83492569372;8749.32417579399;9110.49808499242;10197.8341837308;11174.4730601557;9370.89089528263;4;8;9;;;9524965;3
653182.1536;6861433.1715;SULLY-MORLAND;10874.6239351155;10392.3147525267;12121.2188756533;11375.0815975482;14141.603408423;13440.0019035837;12057.4740788084;7;;;;;1502672;1
655909.0691;6864106.8825;TELEGRAPHE;6262.23871476169;6024.56135400104;6031.50911671373;6785.86655724954;7299.94162477593;7897.99167459402;6717.01817368266;11;;;;;1823734;1
653163.4882;6863150.7891;TEMPLE;8847.56124152592;8724.26043157711;9234.96098654959;9972.4916907794;9437.68832657862;11418.4145925745;9605.89621159752;3;;;;;1194283;1
648536.2024;6864445.5141;TERNES;9509.41230220912;9912.47073014801;9144.85416222559;10138.8859450119;10517.217708724;10877.4756253857;10016.719412284;2;;;;;3329214;1
652811.918;6858677.1935;TOLBIAC;7363.21715899479;7229.10199993068;7350.65136638763;7850.07319942779;8096.89951780563;8665.8381229529;7759.2968942499;7;;;;;3191066;1
651045.3002;6864239.7516;TRINITE-D'ESTIENNE D'ORVES;9883.70382830691;8693.39159409974;8525.0076332189;10965.4266855275;12857.0939115537;13225.5051548321;10691.6881345898;12;;;;;1876512;1
647685.5171;6862825.7413;TROCADERO;9553.74963585833;9109.77374071441;9648.03575812302;10485.5481757899;11660.4954669181;11839.2725544759;10382.8125553133;6;9;;;;9327124;2
650857.0163;6862909.8123;TUILERIES;12642.6702544404;11086.1653072881;10929.0688993546;13561.5414502933;14461.2041262242;17379.0093752766;13343.2765688129;1;;;;;2614837;1
650191.3229;6861188.8641;VANEAU;10862.1428695327;10548.6661052128;11299.1441123902;11562.3959265649;12376.4924242486;13203.4047215588;11642.0410265847;10;;;;;1028480;1
649744.034;6862088.4335;VARENNE;11079.6457512193;11771.7642129174;12907.5640166073;13037.9902700024;15871.238748605;15781.5120020891;13408.2858335734;13;;;;;1241311;1
648703.4994;6860167.7255;VAUGIRARD (ADOLPHE CHERIOU);8268.96034507768;8019.36583197282;8523.26490205162;8617.00493492859;9112.85179924736;9654.06745790873;8699.2525451978;12;;;;;3445009;1
650753.8774;6860450.3764;VAVIN;9978.25473201087;10014.8344910655;12055.5034250073;11202.52045898;11509.7432964573;13123.495521275;11314.0586541327;4;;;;;2021987;1
647576.3599;6863545.1478;VICTOR HUGO;9798.79339888708;9220.44875796482;9521.65157250184;10020.6909811578;11187.8476844203;11834.4600996898;10263.9820824369;2;;;;;3841033;1
649776.2512;6864787.9506;VILLIERS;8727.6738168402;8568.65920323154;8793.08374025981;9870.65694377919;10169.6648356391;11485.6162078491;9602.55912459983;2;3;;;;5667552;2
649207.5446;6860384.4512;VOLONTAIRES;8254.19828534682;8211.59388152137;8651.92607900001;8725.59527178727;9208.25207461262;9788.05636846423;8806.60366012205;12;;;;;2362771;1
654562.2299;6862113.3974;VOLTAIRE (LEON BLUM);7738.1388440952;7677.77031801453;8103.7162922459;8752.05545878296;9206.17456693341;9858.80132535883;8556.10946757181;9;;;;;4975145;1
649008.6628;6865090.3639;WAGRAM;8756.84869130438;8474.9152088377;8599.65286312794;9658.10909495651;10393.9370524811;10300.0888285397;9363.92528987457;3;;;;;2386255;1
