index;Latitude;Longitude;gares_id;nom_gare;nomlong;ligne;x;y;prix_moyen_2014;prix_moyen_2015;prix_moyen_2016;prix_moyen_2017;prix_moyen_2018;prix_moyen_2019
38;48.8775512518;2.28316224223;1;Porte Maillot;PORTE MAILLOT;1;647424.8025;6864408.6314;7684,262481;8558,069665;8706,514538;9414,139849;9807,176548;10289,90924
228;48.884594208;2.33794977705999;2;Abbesses;ABBESSES;12;651449.5655;6865156.6779;8669,510195;8219,605721;8426,392421;10018,13984;9471,742476;9929,533788
67;48.8281884763;2.32716464961;10;Alésia;ALESIA;4;650605.2307;6858891.5557;8124,674287;8233,265942;8349,41853;8550,298267;9023,365611;10061,08212
232;48.8563773572;2.39456194455999;11;Alexandre Dumas;ALEXANDRE DUMAS;2;655576.9894;6861985.8376;6402,460595;7027,325856;7517,940789;8021,839736;20876,10509;8766,836013
152;48.8148030069999;2.42237614285;12;École Vétérinaire de Maisons-Alfort;ECOLE VETERINAIRE DE MAISONS-ALFORT;8;657583.9566;6857347.8995;;;;;;
143;48.864766845;2.3009910035;14;Alma-Marceau;ALMA-MARCEAU;9;648719.8026;6862975.3829;28820,55646;12055,55262;14289,79516;13942,28358;14522,88202;13895,77587
310;48.892082786;2.28500950275;16;Anatole France;ANATOLE FRANCE;3;647574.9141;6866023.2122;;;;;;
68;48.8828686476;2.34413063372;21;Anvers;ANVERS;2;651901.2249;6864961.0235;7859,897853;7919,125197;8119,906126;9490,9528;9365,383238;9412,212986
144;48.8755940498999;2.28932258961;25;Argentine;ARGENTINE;1;647874.6513;6864186.9211;10937,02352;8757,899444;9016,668565;9163,682819;10806,55064;10645,54269
69;48.8653227117;2.35672986917;27;Arts et Métiers;ARTS ET METIERS;11;652809.2865;6863002.4359;8991,808001;9412,815782;9604,862196;10674,95467;10658,26348;13067,54279
70;48.8655864776;2.35673675680999;28;Arts et Métiers;ARTS ET METIERS;3;652810.0307;6863031.7605;9035,622513;9375,453857;9574,163446;10589,61684;10475,21767;12922,22747
1;48.8607869635;2.32099819195;30;Assemblée Nationale;ASSEMBLEE NATIONALE;12;650183.7135;6862520.0466;13640,96482;12867,14104;15869,84795;14105,21908;16343,35001;25195,63225
145;48.9037599302;2.39228705964;35;Aubervilliers-Pantin (4 Chemins);AUBERVILLIERS-PANTIN (QUATRE CHEMINS);7;655450.6264;6867255.7816;;;;;;
146;48.8470195818999;2.29542047803;43;Avenue Émile Zola;AVENUE EMILE ZOLA;10;648293.5441;6861005.6876;8634,169811;8370,015882;8851,202721;9279,006411;9978,415332;10556,95334
311;48.8515102781999;2.39830234427;44;Avron;AVRON;2;655847.3058;6861442.5619;7141,843407;7136,920797;7229,985141;7946,045646;8009,349487;8822,195653
2;48.8359308792;2.27816167128;47;Balard;BALARD;8;647015.7484;6859784.1873;7300,917856;7432,030043;7291,784643;8459,436518;8773,683377;9162,058215
71;48.8838039424;2.35061300069;49;Barbès-Rochechouart;BARBES-ROCHECHOUART;2;652377.4597;6865061.0935;6891,712626;6694,59692;6817,756606;7798,923738;8180,204335;8939,683471
312;48.8834361881;2.34977444365;50;Barbès-Rochechouart;BARBES-ROCHECHOUART;4;652315.6291;6865020.7075;7066,86455;6932,258149;7011,774761;8016,457631;8408,858867;9124,834437
3;48.8524794227999;2.36932058493;54;Bastille;BASTILLE;1;653721.5234;6861566.9178;9589,047419;8549,211709;10209,17889;10970,5054;11379,69438;12236,37797
147;48.8534369622999;2.36873657263;55;Bastille;BASTILLE;5;653679.5214;6861673.7301;9825,552395;8688,455636;10460,10051;9532,482433;11610,13957;12143,51131
233;48.8534394276;2.36951356952;56;Bastille;BASTILLE;8;653736.5364;6861673.5487;9662,015031;8522,639975;10261,76825;9421,051978;11727,89741;12237,65722
4;48.8413382509;2.40091853812;59;Bel Air;BEL-AIR;6;656030.6977;6860310.0664;6967,748818;8115,726051;7398,006625;8494,493733;8028,932662;8647,67139
72;48.8718487938;2.37659368274;60;Belleville;BELLEVILLE;11;654272.2071;6863716.4009;7027,319302;6677,666312;6555,788502;7786,152657;12707,18764;9083,647159
148;48.8723101138;2.37670214473;61;Belleville;BELLEVILLE;2;654280.5677;6863767.6337;6796,362067;6649,319142;6527,907963;7638,54746;8454,989852;9049,298981
73;48.8454707076;2.42920516635;65;Bérault;BERAULT;1;658110.066;6860754.1783;;;;;;
149;48.8400013894999;2.3795540112;66;Bercy;BERCY;14;654461.522;6860173.5295;5884,378256;7238,580426;7767,697658;7648,389684;7747,024735;8714,494079
5;48.8403887481;2.37991127145;67;Bercy;BERCY;6;654488.0813;6860216.3939;6701,167794;7235,219015;7761,570569;7868,318054;7964,04556;8753,494503
308;48.8299902817;2.37574814434;72;Bibliothèque François Mitterrand;BIBLIOTHEQUE FRANCOIS MITTERRAND;14;654173.3908;6859062.6022;6877,883618;5743,913941;7533,515034;10813,74485;13614,174;8915,486373
309;48.8321105601;2.23863934858;74;Billancourt;BILLANCOURT;9;644110.7295;6859386.6609;;;;;;
229;48.8539426071;2.28933453277;75;Bir-Hakeim (Grenelle);BIR-HAKEIM (GRENELLE);6;647853.8595;6861779.4605;8844,785536;8433,593595;8597,290944;9497,468243;10121,60986;10105,29821
142;48.8839585735;2.33192659089;76;Blanche;BLANCHE;2;651007.2769;6865089.7195;14496,68571;8012,089549;8537,598064;10048,18997;9199,26551;9800,217978
65;48.9063747703;2.44918990449;79;Bobigny-Pablo Picasso;BOBIGNY-PABLO PICASSO;5;659623.938;6867515.9438;;;;;;
66;48.895454673;2.4253268888;80;Bobigny-Pantin (Raymond Queneau);BOBIGNY-PANTIN (RAYMOND QUENEAU);5;657865.8989;6866314.13299999;;;;;;
230;48.8669831104;2.29005883493;84;Boissière;BOISSIERE;6;647920.0418;6863228.9678;13376,10707;10031,69528;10324,26719;10087,65525;11401,56402;12183,46254
231;48.8808212614;2.37414715384;88;Bolivar;BOLIVAR;7b;654100.662;6864715.5006;6552,219234;6859,694562;6978,483694;7709,464363;7880,860293;8143,359504
140;48.8701642009;2.35049797186;90;Bonne Nouvelle;BONNE NOUVELLE;8;652356.5489;6863544.515;8971,402949;8692,344594;9388,045228;9692,448879;10178,85772;11937,74526
62;48.8701642009;2.35049797186;91;Bonne Nouvelle;BONNE NOUVELLE;9;652356.5489;6863544.515;8971,402949;8692,344594;9388,045228;9692,448879;10178,85772;11937,74526
0;48.8794817719;2.38911580738;93;Botzaris;BOTZARIS;7b;655197.2716;6864557.9604;6668,662001;6202,29733;6728,319909;7273,383867;7745,96931;8308,959537
305;48.8410940563;2.2879457665;94;Boucicaut;BOUCICAUT;8;647739.0763;6860351.7535;8262,622233;8055,23775;8341,369441;9572,956844;9182,143758;9534,340489
306;48.8523154274;2.38937812792;98;Rue des Boulets;RUE DES BOULETS;9;655193.1503;6861537.1145;8186,972667;7916,827247;7539,783274;8402,437029;17820,73284;9496,443202
307;48.8420053472999;2.23888732579;99;Boulogne-Jean Jaurès;BOULOGNE-JEAN JAURES;10;644139.5371;6860486.666;;;;;;
63;48.8407450152;2.2285369815;100;Boulogne-Pont de Saint-Cloud;BOULOGNE-PONT DE SAINT CLOUD;10;643378.5475;6860353.9039;;;;;;
141;48.8686959777999;2.34072072367;104;Bourse;BOURSE;3;651638.0039;6863387.2034;17532,84178;13298,91549;10470,72842;13037,38894;14155,69171;14909,62802
64;48.8561407093;2.37020933841;107;Bréguet-Sabin;BREGUET-SABIN;5;653789.9847;6861973.5003;9539,350711;8457,844018;10248,56836;8341,087224;11727,26515;11934,95237
319;48.8905871866;2.32017475579;113;Brochant;BROCHANT;13;650151.8308;6865834.137;7313,289968;7152,030717;7163,022172;7986,659509;9385,093579;8850,223771
320;48.8785141131;2.38161451194;120;Buttes-Chaumont;BUTTES-CHAUMONT;7b;654646.2892;6864454.645;6291,537111;6192,25116;6331,226065;7382,147744;7867,168134;8547,040624
79;48.851812133;2.40102227052;121;Buzenval;BUZENVAL;9;656047.1453;6861474.6081;6246,000631;6808,866664;7092,504974;7633,83267;7511,567933;8496,640052
239;48.8758906818999;2.34412603045999;122;Cadet;CADET;7;651894.4424;6864185.1221;8762,274723;8012,753389;10673,89265;9089,525515;10036,65406;11695,08061
80;48.8475070811;2.30296829919;123;Cambronne;CAMBRONNE;6;648847.9145;6861054.9765;8827,979659;8688,342236;9155,932254;9674,911718;10004,75374;11114,2683
10;48.8354953554;2.3588234891;124;Campo Formio;CAMPO-FORMIO;5;652935.9416;6859684.6612;7890,788521;8260,924044;8893,687999;8526,471226;8394,099663;9549,213887
154;48.8466568513;2.35162325638;125;Cardinal Lemoine;CARDINAL-LEMOINE;10;652417.6279;6860930.0204;13261,99837;11297,70673;10606,96532;11271,60153;12080,29964;11424,04102
11;48.9195730741;2.34330593051;126;Carrefour Pleyel;CARREFOUR PLEYEL;13;651874.6896;6869042.8996;;;;;;
240;48.8404866526;2.35173948717;127;Censier-Daubenton;CENSIER-DAUBENTON;7;652420.525;6860243.8862;11331,27125;10114,8986;9422,700139;10036,27616;10505,76003;10731,6262
155;48.8679053448999;2.31354554995;144;Champs-Élysées-Clémenceau;CHAMPS-ELYSEES-CLEMENCEAU;1;649643.8307;6863316.2783;21992,03352;19289,18621;11367,88892;14231,71213;19059,34359;26427,58477
156;48.8676021452;2.31389412912;145;Champs-Élysées-Clémenceau;CHAMPS-ELYSEES-CLEMENCEAU;13;649669.1078;6863282.3427;22391,93078;19857,39231;10158,15292;15181,62573;19259,51965;27214,11579
81;48.8452047036;2.26644154308;149;Chardon Lagache;CHARDON-LAGACHE;10;646165.0737;6860823.2591;7630,281485;7685,948649;8064,521341;8488,996481;8772,29376;9872,524708
157;48.8215957672999;2.41373751752;150;Charenton-Écoles;CHARENTON-ECOLES;8;656955.2248;6858107.8489;;;;;;
12;48.8751498197;2.29590490607999;152;Charles De Gaulle-Étoile;CHARLES DE GAULLE ETOILE;1;648356.9846;6864133.201;10592,3345;10831,47626;9759,755973;10639,7085;22838,7037;13527,47361
241;48.874613927;2.29556736975;153;Charles de Gaulle-Étoile;CHARLES DE GAULLE ETOILE;2;648331.6965;6864073.8346;10618,80336;11539,50202;9911,972009;10660,16706;23298,19243;13782,94911
321;48.8747486507;2.29556025621;154;Charles de Gaulle-Étoile;CHARLES DE GAULLE ETOILE;6;648331.3084;6864088.8195;10606,68813;11522,03916;9923,330414;10698,51816;23376,72382;13747,28712
82;48.8465346367;2.28599922342;155;Charles Michels;CHARLES MICHELS;10;647601.6846;6860957.9773;8456,917762;8184,692003;8363,495004;9511,543032;9332,633284;9893,763374
158;48.8545804990999;2.38556348082;156;Charonne;CHARONNE;9;654915.2006;6861791.1422;8423,980137;7900,437599;7665,113377;8454,871818;17136,81074;9578,420586
323;48.8724249145;2.35604490767;159;Château d'Eau;CHATEAU D'EAU;4;652765.4788;6863792.5575;8020,722069;8700,7307;8258,922937;8550,757935;9377,719566;10963,87128
322;48.8444563946;2.44043997806;160;Château de Vincennes;CHATEAU DE VINCENNES;1;658933.7619;6860635.4943;;;;;;
324;48.8785656258;2.36216007192;161;Château-Landon;CHATEAU-LANDON;7;653219.5359;6864471.7227;6813,090652;7235,378131;8263,303022;7836,054444;8534,648174;9523,464072
159;48.8873749106;2.3496940822;162;Château Rouge;CHATEAU ROUGE;4;652313.3429;6865458.7189;6450,269604;6279,594087;6794,233626;7474,963899;8052,359735;8587,489865
160;48.8575563593999;2.34830889512999;165;Châtelet;CHATELET;11;652184.4051;6862143.9475;10555,60802;9867,971302;9843,403759;13075,04525;14665,03178;11875,58041
83;48.8587991981;2.34730585275;166;Châtelet;CHATELET;1;652111.9543;6862282.7483;9312,989063;9551,086188;9328,10165;12840,72934;13568,87139;11516,86295
242;48.8577088197;2.34794431110999;167;Châtelet;CHATELET;14;652157.7956;6862161.1206;10528,55153;9912,479247;9844,599953;13198,39347;14771,3631;11654,62068
161;48.8583823703;2.34756482975;168;Châtelet;CHATELET;4;652130.572;6862236.2436;9346,22225;9787,053848;9439,858907;12877,42986;13759,97273;11368,48194
13;48.8570599663;2.34771187993;169;Châtelet;CHATELET;7;652140.1462;6862089.1146;10007,41188;10322,00473;10274,62929;13398,60701;14857,9225;11868,91353
325;48.8107464885999;2.30167855545999;171;Châtillon-Montrouge;CHATILLON-MONTROUGE;13;648717.1202;6856968.4786;;;;;;
162;48.8731092743;2.33345121857999;173;Chaussée d'Antin (La Fayette);CHAUSSEE D'ANTIN (LA FAYETTE);7;651108.8982;6863882.4057;54398,81471;15251,69775;9422,913991;15393,175;17046,58269;21129,52726
163;48.8729376577;2.33347913185;174;Chaussée d'Antin (La Fayette);CHAUSSEE D'ANTIN (LA FAYETTE);9;651110.7845;6863863.3059;55456,2553;20816,20743;9456,217383;15571,59668;17152,58963;21416,89294
243;48.8574200375;2.3681082907;180;Chemin Vert;CHEMIN VERT;8;653636.9649;6862116.9823;9628,840743;8592,895682;10321,00041;9704,984845;11798,21434;12113,48215
326;48.8349477222999;2.36812632906;183;Chevaleret;CHEVALERET;6;653618.2928;6859618.2657;6565,798907;6845,307476;8285,873686;7787,127583;7800,386473;8568,650716
164;48.8549363766;2.34732131573;188;Cité;CITE;4;652109.5385;6861853.227;10920,27348;10709,07609;10456,46406;13806,30427;14788,40001;13581,72929
84;48.8510502822999;2.34427334542;192;Cluny-la Sorbonne;CLUNY-LA-SORBONNE;10;651882.3097;6861422.9819;11754,7955;10785,82573;10844,80456;13292,18487;12747,36966;13917,25933
14;48.8776101873999;2.37081139531;195;Colonel Fabien;COLONEL FABIEN;2;653853.1813;6864360.3934;6667,655876;7235,115544;7943,882865;7671,876035;8157,74992;8387,907531
15;48.8447947646;2.29395196364;197;Commerce;COMMERCE;8;648183.5662;6860759.2739;8458,482072;8268,025036;8729,522162;10094,90161;10031,66308;10063,96603
165;48.8662858046;2.32294341224;199;Concorde;CONCORDE;1;650331.6676;6863130.2462;15893,0637;60455,55277;9287,533375;12645,05797;30258,54242;39170,2247
327;48.8661671148999;2.32317568086;200;Concorde;CONCORDE;12;650348.5931;6863116.9028;16273,8352;60587,65197;9396,549658;12733,28973;30133,02092;45064,60183
166;48.8668183689999;2.32208284869;201;Concorde;CONCORDE;8;650269.0473;6863190.0047;16018,27509;58689,29552;8886,584269;12666,52272;29002,05789;33097,29299
167;48.8373074946;2.29663034323;206;Convention;CONVENTION;12;648372.7098;6859925.0172;7951,431239;7390,070495;8342,720165;8274,033839;8699,018474;9534,241739
244;48.8948364684;2.38252234342;209;Corentin-Cariou;CORENTIN CARIOU;7;654727.0632;6866269.0824;5282,53422;5784,519125;5932,529914;5740,918286;6742,115952;6386,542655
328;48.8270854489;2.27941168205;210;Corentin Celton;CORENTIN-CELTON;12;647098.5235;6858799.8446;;;;;;
150;48.8297905137;2.35041487200999;212;Corvisart;CORVISART;6;652313.5223;6859055.391;7934,978108;7318,580287;7557,461242;8077,189505;8739,206562;9157,369789
234;48.8792141342;2.30352872537;218;Courcelles;COURCELLES;2;648920.1378;6864580.1642;8975,621435;10033,58586;8008,49911;11301,98193;10696,20684;10913,83657
151;48.8690911629;2.38054258599;220;Couronnes;COURONNES;2;654559.4536;6863407.4921;7414,101408;5334,136795;6928,223169;7835,450149;7941,838729;8640,484182
313;48.8333385593;2.38663240207;221;Cour Saint-Émilion;COUR SAINT-EMILION;14;654975.2848;6859428.6327;6992,128107;7206,651855;6728,965208;7380,661717;7360,114346;8531,264812
6;48.7967407665999;2.44943317569;223;Créteil-L'Échat (Hôpital Mondor);CRETEIL-L'ECHAT (HOPITAL MONDOR);8;659556.7711;6855325.4146;;;;;;
235;48.779905317;2.45936839626;224;Créteil-Préfecture (Hôtel de Ville);CRETEIL-PREFECTURE (HOTEL DE VILLE);8;660273.7592;6853448.5114;;;;;;
74;48.7899783103;2.45045317792;226;Créteil-Université;CRETEIL-UNIVERSITE;8;659626.4637;6854573.0018;;;;;;
75;48.8907889695;2.3773157556;227;Crimée;CRIMEE;7;654341.7793;6865822.0177;5668,340651;5663,528079;5824,811055;6068,398064;6698,451552;6683,66338
314;48.8579655912;2.43555571569;228;Croix de Chavaux (Jacques Duclos);CROIX DE CHAVAUX (JACQUES DUCLOS);9;658586.0485;6862140.1552;;;;;;
236;48.8819319987;2.39344545649;232;Danube;DANUBE;7b;655516.8981;6864827.9634;6392,826896;6788,265087;6028,838982;6955,930838;7201,568217;7820,834024
237;48.8395496456;2.39570328944;233;Daumesnil;DAUMESNIL;6;655646.4124;6860114.1078;6858,242714;7953,879319;7112,786385;8355,14943;8181,738834;7889,758959
8;48.8394454284;2.39618288645;234;Daumesnil;DAUMESNIL;8;655681.5241;6860102.2506;6875,11058;7936,260845;7110,671053;8300,713525;8130,96042;7901,200677
76;48.8334508581999;2.33174013099;236;Denfert-Rochereau;DENFERT-ROCHEREAU;4;650946.0738;6859473.8194;8244,713739;8436,138571;9328,619568;7641,74749;8418,146588;11379,70716
315;48.8342929805;2.33285230996;237;Denfert-Rochereau;DENFERT-ROCHEREAU;6;651028.503;6859566.7636;8225,974819;8563,870213;9700,857904;7555,390968;8352,316915;12201,30803
316;48.8390411437;2.38962001134;244;Dugommier;DUGOMMIER;6;655199.4896;6860061.0017;6536,859671;8273,107849;6975,550194;8646,002122;7946,327743;7190,047349
317;48.850434549;2.29361243991;245;Dupleix;DUPLEIX;6;648164.2594;6861386.5825;8862,26284;8463,499356;9033,6641;9673,080857;10103,09273;10435,29207
77;48.8469891061;2.31700523574;246;Duroc;DUROC;10;649877.4993;6860988.3813;10445,1844;9574,046474;11892,23664;10544,79176;11013,93204;11927,37655
9;48.8470525544999;2.31642435206;247;Duroc;DUROC;13;649834.9325;6860995.805;10270,39978;9707,004257;11938,51066;10504,2464;11038,68715;11950,77046
78;48.8546821569;2.3060974037;248;École Militaire;ECOLE MILITAIRE;8;649084.5508;6861850.7519;10187,43074;10170,79752;10708,66824;12795,17622;12513,38358;13158,34707
153;48.8406632293;2.32638461079;250;Edgar Quinet;EDGAR QUINET;6;650559.8002;6860279.0962;9374,855187;9164,368673;12369,04114;8578,359097;10537,11004;11789,95367
318;48.8471500557;2.26913587273;251;Église d'Auteuil;EGLISE D'AUTEUIL;10;646364.8036;6861037.7277;7860,454555;8036,374044;8251,272137;8600,600035;8900,739467;9639,829525
238;48.89325759;2.41331313950999;253;Église de Pantin;EGLISE DE PANTIN;5;656983.2711;6866076.3042;;;;;;
21;48.8886312178;2.24793243532;269;Esplanade de la Défense;ESPLANADE DE LA DEFENSE;1;644852.7454;6865664.6753;;;;;;
22;48.8638074378;2.34888065259;273;Étienne Marcel;ETIENNE-MARCEL;4;652232.0865;6862838.6691;9354,405045;10025,13892;9872,586493;10897,03898;11046,12868;12047,50273
89;48.8787703685;2.32226521312;275;Europe;EUROPE;3;650293.8318;6864518.8631;10986,32557;8093,554305;11603,01987;13569,90653;9907,614539;12717,36281
170;48.8429386959;2.26003290221;278;Exelmans;EXELMANS;9;645692.4042;6860575.6926;7617,059821;9230,554815;7735,195963;8416,991766;8776,339202;9686,79104
333;48.8501778618999;2.38409221007;279;Faidherbe Chaligny;FAIDHERBE-CHALIGNY;8;654803.4286;6861302.4487;8624,774475;8390,956794;7524,523722;8511,58122;9437,47594;9688,117289
90;48.8444701413;2.31785278304;280;Falguière;FALGUIERE;12;649937.2765;6860707.7605;10118,70375;9387,847356;9817,384285;10167,90116;10820,54253;11455,24652
334;48.8427467797999;2.29191241332;282;Félix Faure;FELIX FAURE;8;648031.8468;6860532.9003;8262,16361;8180,761143;8710,36556;9975,885067;9796,925357;9534,755362
171;48.863257945;2.36666109472;283;Filles du Calvaire;FILLES DU CALVAIRE;8;653535.9904;6862766.9605;8789,473272;8602,785114;9398,533862;10397,8989;10671,16456;11874,20279
16;48.9149497564;2.40440908743;290;Fort d'Aubervilliers;FORT D'AUBERVILLIERS;7;656348.6195;6868493.2879;;;;;;
17;48.8698082202;2.30747079345;293;Franklin D.Roosevelt;FRANKLIN-D.ROOSEVELT;1;649200.0725;6863531.7539;28618,57251;16095,98621;13436,48977;15216,3084;15555,42678;20866,48928
330;48.8686998473999;2.30950515734;294;Franklin D.Roosevelt;FRANKLIN-D.ROOSEVELT;9;649348.2201;6863407.2048;33704,34574;16490,44512;14509,5848;14222,60012;16792,54079;25018,48625
18;48.9163823099;2.2946851117;297;Gabriel Péri-Asnières-Gennevilliers;GABRIEL PERI-ASNIERES-GENNEVILLIERS;13;648308.4732;6868718.8268;;;;;;
19;48.8386316462;2.32249174981999;299;Gaïté;GAITE;13;650272.1513;6860055.6505;8506,130459;8322,245255;9059,775007;7944,787772;9643,360071;10831,4798
247;48.8653353172999;2.41669727286;300;Gallieni (Parc de Bagnolet);GALLIENI (PARC DE BAGNOLET);3;657208.4603;6862969.6694;;;;;;
168;48.8649166851;2.39898444025;301;Gambetta;GAMBETTA;3;655908.7036;6862932.8653;6549,21397;4914,761968;7038,987276;7600,417424;8091,554985;8553,041211
331;48.8651634349;2.39874659344;302;Gambetta;GAMBETTA;M3bis;655891.4641;6862960.4349;6558,977968;4924,876234;6994,944548;7584,930484;8096,120554;8586,984395
7;48.842436797;2.365184812;311;Gare d'Austerlitz;AUSTERLITZ;10;653409.0746;6860452.705;3919,716485;8340,150648;9309,692105;9784,770977;13744,82173;10384,40337
250;48.8422653864999;2.36533865297;312;Gare d'Austerlitz;AUSTERLITZ;5;653420.212;6860433.5551;3927,92971;8284,669672;9511,321678;9781,319735;14024,60644;10656,12272
23;48.8759910648;2.35788077192999;313;Gare de l'Est;GARE DE L'EST;4;652903.3623;6864187.9922;7374,866355;8813,392998;7684,440346;8535,795208;8633,926921;10912,42398
24;48.8761263529;2.35804750535999;314;Gare de l'Est;GARE DE L'EST;5;652915.7135;6864202.9359;7445,827682;8812,434002;7605,264286;8544,835141;8588,479687;10798,57442
251;48.8762727035;2.35805790434;315;Gare de l'Est;GARE DE L'EST;7;652916.6085;6864219.2029;7353,918869;8832,507558;7610,423923;8545,656076;8547,965568;10875,70283
25;48.8439855819999;2.37301421994;317;Gare de Lyon;GARE DE LYON;14;653985.0528;6860620.3235;7304,842808;7682,31063;12291,16355;7488,370564;43671,01627;8237,069187
173;48.8795512843999;2.35699516400999;318;Gare du Nord;GARE DU NORD;4;652841.632;6864584.3939;6821,294056;7063,764476;7271,611546;8025,235958;8622,065739;9526,486649
335;48.8798501425;2.35745934659;319;Gare du Nord;GARE DU NORD;5;652875.9451;6864617.3479;6814,285783;6810,265858;7200,810279;7872,139082;8504,522868;9380,941083
245;48.9060940502;2.33183083795999;323;Garibaldi;GARIBALDI;13;651021.0832;6867551.1312;;;;;;
87;48.8720238095;2.30056045125;329;George-V;GEORGE V;1;648695.3653;6863782.5778;14872,91821;13960,42924;13385,88272;12994,16146;30769,6664;17608,33383
329;48.831129548;2.34351165775;331;Glacière;GLACIERE;6;651808.0022;6859208.4674;7661,499172;7711,735017;7807,403822;8391,089395;8928,626067;9513,401675
246;48.8699575127;2.37109483973;332;Goncourt (Hôpital Saint-Louis);GONCOURT (HOPITAL SAINT-LOUIS);11;653867.1922;6863509.3023;7289,654434;7423,199;7481,856818;8400,920646;12324,0609;10499,82068
248;48.8928288534;2.3274284585;342;Guy Môquet;GUY MOQUET;13;650685.8186;6866078.8433;6978,678098;6856,994167;6715,138126;9278,030192;8564,922028;9554,012607
249;48.8735133896;2.32754308036;344;Havre-Caumartin;HAVRE-CAUMARTIN;3;650675.9316;6863931.0147;45092,90106;13465,93579;8861,007137;11856,58721;12953,74537;11232,25342
332;48.8737134067;2.32769540963;345;Havre-Caumartin;HAVRE-CAUMARTIN;9;650687.2939;6863953.16;44774,337;13481,60692;8860,753105;15023,42896;13030,1145;11183,63608
88;48.8912285932;2.40235214254;348;Hoche;HOCHE;5;656177.9025;6865856.7161;4954,208754;4619,515756;4800,79957;4745,22407;4313,783055;5148,505914
20;48.8574779825;2.35157756299;352;Hôtel de Ville;HOTEL DE VILLE;1;652424.1554;6862133.2583;10183,48314;9954,007063;9291,854153;12731,40521;13864,61447;14175,67511
169;48.8574518326;2.35100846139;353;Hôtel de Ville;HOTEL DE VILLE;11;652382.3765;6862130.6937;10248,68657;9958,461948;9258,97258;12537,68852;13801,49796;14214,90071
336;48.8647940658;2.29416201810999;359;Iéna;IENA;9;648218.8598;6862982.8662;8918,974751;9643,508283;11746,06497;10418,67133;11816,41411;12743,71729
253;48.8623647040999;2.31390957779;362;Invalides;INVALIDES;13;649665.1809;6862699.9731;11689,82456;11419,56996;11480,08487;11725,04659;22326,87465;14009,79301
254;48.8623253290999;2.31513843219;363;Invalides;INVALIDES;8;649755.2952;6862694.8123;12195,00523;11415,61149;11840,16052;12160,53111;24572,02707;25234,16932
174;48.87080998;2.36102746692;370;Jacques Bonsergent;JACQUES BONSERGENT;5;653129.4916;6863610.0193;8067,322671;8978,735946;8158,383944;9641,944921;8348,505015;11552,18502
27;48.8525040906;2.26817674944;372;Jasmin;JASMIN;9;646299.9369;6861633.6924;8458,700813;8468,396647;8461,543614;8958,468042;9657,953288;10445,43524
91;48.8814985959;2.37026212665999;373;Jaurès;JAURES;2;653816.3452;6864793.0814;6727,265369;6714,420416;7532,37427;7473,295888;7819,295327;8121,260859
337;48.8831474514;2.37100144074999;374;Jaurès;JAURES;5;653872.0243;6864975.9922;6500,253771;6509,146921;7583,705231;7189,269366;6937,846479;7790,503946
92;48.8824652456;2.37015796174;375;Jaurès;JAURES;7b;653809.5635;6864900.628;6618,590334;6572,281012;7425,628649;7225,710421;7068,896452;7964,150074
28;48.8461236669;2.27771173983;377;Javel-André CitroÃ«n;JAVEL;10;646993.0906;6860917.8132;3582,151594;7603,596515;7999,373368;7727,715489;8814,14914;9376,700617
93;48.875111817;2.38941503204;379;Jourdain;JOURDAIN;11;655215.4591;6864071.8789;8266,277423;5724,63108;6730,487313;7816,793474;7871,734647;8215,493364
94;48.8924395905;2.34465700412999;382;Jules Joffrin;JULES JOFFRIN;12;651948.6586;6866024.9374;6876,56469;6726,604716;7122,62691;7904,437903;8428,601894;8962,997443
255;48.8461511231;2.3549179837;383;Jussieu;JUSSIEU;10;652658.953;6860871.80799999;13539,7462;11382,41428;10419,0619;10933,24192;12181,77381;11377,43679
175;48.8459506666;2.35505026306;384;Jussieu;JUSSIEU;7;652668.4784;6860849.4399;13578,96175;11382,41496;10322,01239;10866,78776;11944,49647;11140,6767
29;48.8716497690999;2.29352429034;389;Kléber;KLEBER;6;648178.897;6863745.5821;16185,83586;11259,7813;12208,17406;9751,209679;28981,04419;14695,44431
176;48.8843987952;2.36049131853;409;La Chapelle;LA CHAPELLE;2;653102.402;6865121.3253;6122,994912;6097,71907;7156,971395;6364,764926;7259,170182;8096,060188
30;48.9207859698999;2.41059861373;412;La Courneuve 8 Mai 1945;LA COURNEUVE 8 MAI 1945;7;656807.0911;6869138.86;;;;;;
341;48.8921870764;2.23701805639999;414;La Défense - Grande Arche;LA DEFENSE-GRANDE ARCHE;1;644056.2663;6866067.7406;;;;;;
182;48.8871839468999;2.32577967480999;416;La Fourche;LA FOURCHE;13;650559.5701;6865452.1927;7866,409411;7295,525106;7659,334295;8370,384706;8924,848618;9037,922101
185;48.8896740712;2.33876064919999;419;Lamarck-Caulaincourt;LAMARCK-CAULAINCOURT;12;651513.7584;6865721.0309;7846,066313;7883,938568;8007,687514;9364,804383;9339,195836;10022,65985
101;48.8493505536;2.29830140173;420;La Motte Picquet-Grenelle;LA MOTTE-PICQUET-GRENELLE;10;648507.262;6861262.9852;9087,767919;8666,611375;9042,889772;9854,291442;10123,74046;11286,93896
183;48.8487416657;2.29893091175;421;La Motte Picquet-Grenelle;LA MOTTE-PICQUET-GRENELLE;6;648552.855;6861194.8727;8942,391405;8614,434227;9071,665114;9670,316893;9972,540291;11285,75132
342;48.8493505536;2.29830140173;422;La Motte Picquet-Grenelle;LA MOTTE-PICQUET-GRENELLE;8;648507.262;6861262.9852;9087,767919;8666,611375;9042,889772;9854,291442;10123,74046;11286,93896
184;48.8580460563;2.27415463109;423;La Muette;LA MUETTE;9;646744.2368;6862245.8558;8972,863979;8845,098907;9408,253719;9489,516094;9599,209924;10833,35021
262;48.8577254129;2.31056596095;425;La Tour Maubourg;LA TOUR MAUBOURG;8;649415.3796;6862186.2617;10391,99643;10188,75665;10984,40572;12654,52439;15159,07721;13458,26204
186;48.8852161821;2.37966307748;426;Laumière;LAUMIERE;5;654509.0245;6865200.9983;6488,672122;6021,799973;6080,580108;7122,814931;6467,555005;8156,354358
264;48.8512711264;2.37611877334;441;Ledru Rollin;LEDRU-ROLLIN;8;654219.2941;6861428.6032;8351,193258;8435,152995;8689,065898;9549,507051;10477,30035;9581,417958
187;48.8101299572999;2.36226338713;442;Le Kremlin-BicÃªtre;LE KREMLIN-BICETRE;7;653165.655;6856862.2879;;;;;;
263;48.8748743434;2.34019988439;443;Le Peletier;LE PELETIER;7;651605.5387;6864074.5114;23567,99174;9175,349758;9940,68061;9288,460497;11738,17939;17442,98861
343;48.8358634842;2.35258892564;459;Les Gobelins;LES GOBELINS;7;652478.6539;6859729.3272;8178,113446;8330,514755;8661,12466;9127,100706;9437,878662;10459,96373
344;48.8623162787;2.34567382822;460;Les Halles;LES HALLES;4;651995.4564;6862674.8091;9203,388178;9852,072689;9536,776828;10492,15488;11760,74955;11899,60135
188;48.8811915206;2.27168672105;463;Les Sablons (Jardin d'acclimatation);LES SABLONS (JARDIN D'ACCLIMATATION);1;646586.9079;6864821.1041;;;;;;
345;48.8260549965;2.40674222593;466;Liberté;LIBERTE;8;656445.3488;6858607.5005;;;;;8905,263158;
102;48.8796347607;2.32702220089;467;Liège;LIEGE;13;650643.5277;6864611.9937;23702,00083;8356,638258;10910,07233;11802,10312;10202,49769;10183,41552
34;48.8812858118999;2.36554431917;476;Louis Blanc;LOUIS BLANC;7;653470.1684;6864772.1908;6536,022553;6916,436686;7427,08446;7304,470718;8083,230337;8290,163093
103;48.8814047322;2.36521878185;477;Louis Blanc;LOUIS BLANC;7b;653446.4009;6864785.6059;6511,334249;6898,433772;7452,029013;7277,79061;8057,599245;8270,944238
189;48.8887060198;2.28808363305;478;Louise Michel;LOUISE MICHEL;3;647796.9264;6865645.6998;7422,389876;7173,321216;7963,429598;8399,037689;8792,972908;9732,8275
190;48.8389609393999;2.28270002724;479;Lourmel;LOURMEL;8;647351.9234;6860118.0595;5725,368168;7850,254764;8001,229994;10243,90993;7988,215839;8212,107441
265;48.8608062913;2.34110859163;481;Louvre-Rivoli;LOUVRE-RIVOLI;1;651659.1352;6862509.6962;9347,764684;10360,07172;10856,5987;12850,26755;12628,2604;12123,46026
104;48.8530167679;2.33550205309;486;Mabillon;MABILLON;10;651240.5212;6861647.0174;12794,34576;12168,17815;11616,82273;14535,30031;13965,39219;14876,77454
191;48.8700997328;2.32516410954;487;Madeleine;MADELEINE;12;650498.1966;6863552.9304;11873,19071;35045,04727;8998,045902;13081,07354;24245,19179;22756,94409
346;48.8706670209;2.32575263529;488;Madeleine;MADELEINE;14;650541.9048;6863615.6397;12780,6079;34907,5226;8972,972254;13014,93052;24588,91219;22623,8686
347;48.869633173;2.32627227403;489;Madeleine;MADELEINE;8;650579.0401;6863500.3584;12239,41949;38519,05799;9043,214599;12749,86253;23232,71581;25572,27325
192;48.9033300946;2.30592414987;491;Mairie de Clichy;MAIRIE DE CLICHY;13;649119.3873;6867260.1725;;;;;;
35;48.8619369141;2.44131094125;492;Mairie de Montreuil;MAIRIE DE MONTREUIL;9;659011.4336;6862578.7337;;;;;;
266;48.9119648979;2.33392489047999;493;Mairie de Saint-Ouen;MAIRIE DE SAINT-OUEN;13;651180.0871;6868202.6512;;;;;;
267;48.8797612539999;2.41647964367;494;Mairie des Lilas;MAIRIE DES LILAS;11;657204.3492;6864573.8589;;;;;;
348;48.8241050307;2.27304152514;495;Mairie d'Issy;MAIRIE D'ISSY;12;646627.8252;6858472.7468;;;;;;
268;48.8110991977;2.38355147965;496;Mairie d'Ivry;MAIRIE D'IVRY;7;654729.8271;6856957.6392;;;;;;
270;48.8224378346;2.35847388385;497;Maison Blanche;MAISON BLANCHE;7;652898.4845;6858233.0223;6543,183556;6893,508136;5655,70739;7322,01295;7549,186432;8372,560454
269;48.8026376906999;2.44692748424;499;Maisons-Alfort-Les Juilliottes;MAISONS-ALFORT-LES JUILLIOTTES;8;659377.3049;6855982.3601;;;;;;
349;48.8091443609;2.43450989593;500;Maisons-Alfort-Stade;MAISONS-ALFORT-STADE;8;658470.4404;6856712.2781;;;;;;
97;48.8225837068;2.29846419197;504;Malakoff-Plateau de Vanves;MALAKOFF-PLATEAU DE VANVES;13;648492.7655;6858286.7117;;;;;;
256;48.8153075312;2.29707779833;505;Malakoff-Rue Étienne Dolet;MALAKOFF-RUE ÉTIENNE DOLET;13;648383.7762;6857478.6018;;;;;;
338;48.8828919175;2.30905226455;506;Malesherbes;MALESHERBES;3;649328.8075;6864985.5498;8442,612414;8142,661777;8093,876609;9924,159115;11134,0132;14180,29416
257;48.8527251193;2.40608916187999;509;MaraÃ®chers;MARAICHERS;9;656419.7092;6861573.3159;5561,806588;6205,672156;4207,748295;7559,63471;7092,52222;8149,536154
98;48.8914650002999;2.34981545185;510;Marcadet-Poissonniers;MARCADET-POISSONNIERS;12;652325.9876;6865913.4413;6557,05517;6253,061709;6765,607839;7314,375939;8090,957156;8628,262329
31;48.8914168342;2.34973840702;511;Marcadet-Poissonniers;MARCADET-POISSONNIERS;4;652320.2944;6865908.132;6561,547284;6252,801214;6785,968302;7319,281256;8100,795296;8639,826361
339;48.8337088491;2.24384059238;513;Marcel Sembat;MARCEL SEMBAT;9;644494.2278;6859560.7019;;;;;;
178;48.8904854538;2.35999576640999;519;Marx Dormoy;MARX DORMOY;12;653071.5478;6865798.4225;5794,715144;5561,987451;6145,360469;6325,784569;6418,601809;7653,507029
179;48.8501273238;2.34805429048;525;Maubert-Mutualité;MAUBERT-MUTUALITE;10;652158.9045;6861318.0602;11324,17247;10664,66232;10588,964;12424,07898;13252,78406;14294,9427
180;48.8668000351;2.38338325045999;533;Ménilmontant;MENILMONTANT;2;654765.838;6863151.1043;5414,202963;4906,530697;7164,773927;7984,235438;7968,462028;8653,599147
181;48.8479348078999;2.26421877705;542;Michel Ange-Auteuil;MICHEL-ANGE-AUTEUIL;10;646004.7811;6861128.3349;8132,056544;8356,784127;7906,262202;9405,209983;9421,139166;10135,03651
258;48.8478956502;2.26408203075;543;Michel Ange-Auteuil;MICHEL-ANGE-AUTEUIL;9;645994.7057;6861124.0745;8108,526986;8344,36674;7865,60585;9459,772379;9396,974113;10082,58088
32;48.8452475655;2.2616234924;544;Michel Ange-Molitor;MICHEL-ANGE-MOLITOR;10;645811.5379;6860831.3205;7679,881817;9660,600772;7665,572362;9188,879549;9063,341878;9953,253798
259;48.8450581722999;2.26174512496;545;Michel Ange-Molitor;MICHEL-ANGE-MOLITOR;9;645820.2672;6860810.1786;7693,425274;9578,711007;7649,97569;9107,482619;9050,246895;9921,558878
340;48.8371170069999;2.40233316592;546;Michel Bizot;MICHEL BIZOT;8;656130.969;6859839.9191;7153,221903;7934,263198;7256,757085;7698,439459;7609,113194;8011,892646
33;48.8471310081999;2.27276375332;547;Mirabeau;MIRABEAU;10;646631.0122;6861033.1517;7927,526728;7890,808061;7941,706081;7757,154938;9135,760039;9659,370355
260;48.8737699887;2.31445603619;548;Miromesnil;MIROMESNIL;13;649716.2811;6863967.801;29218,29213;11702,06401;9602,732924;15747,36999;12315,13404;23657,5015
99;48.8737095277;2.31460632162;549;Miromesnil;MIROMESNIL;9;649727.2457;6863960.9825;28730,3344;11650,11049;9655,904156;15479,6037;12230,92124;23504,70191
261;48.8804494560999;2.30945116799;552;Monceau;MONCEAU;2;649355.6855;6864713.7086;9127,217674;8411,715517;8099,162712;9885,424201;12352,71956;16512,02694
100;48.8444086721;2.39007511282;555;Montgallet;MONTGALLET;8;655237.5024;6860657.5602;8278,444372;7526,167327;7561,125615;9108,112787;25600,95586;7773,805593
26;48.8437354893;2.32435304116;562;Montparnasse BienvenÃ¼e;MONTPARNASSE;12;650413.6192;6860621.9732;9665,566497;9469,068081;9956,694666;10922,30528;11250,9731;12207,85301
252;48.8423274377;2.32098483563;563;Montparnasse-BienvenÃ¼e;MONTPARNASSE;13;650165.0831;6860467.533;9659,789949;8768,970323;9614,846804;8371,937587;10234,79683;11248,54985
95;48.8437813048;2.3243970124;564;Montparnasse-BienvenÃ¼e;MONTPARNASSE;4;650416.8898;6860627.0398;9673,656606;9501,303601;9977,53855;10922,99972;11253,6343;12220,65199
96;48.8421022072;2.32127856274;565;Montparnasse-BienvenÃ¼e;MONTPARNASSE;6;650186.4248;6860442.3044;9569,750385;8750,693034;9613,800478;8349,536163;10238,94864;11206,41963
358;48.8311126604;2.32970501262;573;Mouton-Duvernet;MOUTON-DUVERNET;4;650794.4816;6859215.1047;8350,611178;7860,370547;7703,458609;8057,266144;8565,479889;10802,72174
200;48.8475793675;2.39555451217;583;Nation;NATION;1;655642.3274;6861007.0198;8167,267176;7523,247324;7687,522396;8154,030337;25787,50435;9200,164827
352;48.848474286;2.39506230542999;584;Nation;NATION;2;655606.9695;6861106.8032;8070,281385;7539,773776;7620,120146;8264,731337;24033,05789;9162,353841
37;48.8473748787;2.39546199482999;585;Nation;NATION;6;655635.364;6860984.3345;8209,779247;7514,389635;7670,115263;8132,536364;26205,60548;9221,611002
353;48.8489446451;2.39587943519;586;Nation;NATION;9;655667.3331;6861158.6438;8118,645407;7411,412228;7595,927504;8166,03977;23174,92477;9207,705091
354;48.8332167197;2.36285639952;587;Nationale;NATIONALE;6;653229.9171;6859428.9054;7055,746511;7109,764689;7620,189466;7581,369968;7178,348019;8280,466912
274;48.8760262116;2.33788648907;600;Notre-Dame-de-Lorette;NOTRE-DAME-DE-LORETTE;12;651436.9357;6864204.0114;30037,33594;9289,464248;9533,13108;9428,247839;11485,55877;16086,29745
359;48.8449426325;2.3287780269;601;Notre-Dame-des-Champs;NOTRE-DAME-DES-CHAMPS;12;650739.5063;6860753.4255;10230,95578;10262,50511;10041,93387;11387,93175;11984,59354;12541,51198
41;48.8646578796;2.36841002566;602;Oberkampf;OBERKAMPF;5;653665.5406;6862921.5946;8301,63927;8101,706725;8211,62211;9795,721578;13007,52923;10899,83501
107;48.8647276206999;2.36849638711;603;Oberkampf;OBERKAMPF;9;653671.9381;6862929.2986;8291,130584;8090,786144;8145,556871;9810,108499;12980,2439;10874,87551
360;48.8521672611;2.33964633593;604;Odéon;ODEON;10;651543.823;6861550.009;12245,2272;11682,9359;11200,73492;13985,91505;13263,47158;14624,35438
275;48.8523007631;2.33972778159;605;Odéon;ODEON;4;651549.9234;6861564.8032;12324,05102;11766,86869;11314,62704;13981,69043;13247,38298;14620,55541
206;48.8709917839;2.33198952268;606;Opéra;OPERA;3;650999.694;6863647.8625;42642,39294;25023,74976;9082,380059;14728,73804;20936,89756;28264,25163
108;48.8704867033;2.33240740643;607;Opéra;OPERA;7;651029.8713;6863591.4421;40976,22531;23664,66608;8959,367785;14296,20564;19804,178;27835,87017
276;48.8706417322999;2.33213859959;608;Opéra;OPERA;8;651010.2997;6863608.8469;40762,95965;32038,87731;8492,589737;14396,13972;20433,06102;28023,26209
193;48.8871348690999;2.38696001714;614;Ourcq;OURCQ;5;655045.7743;6865410.1669;6360,088638;6173,966062;5953,209404;6870,228222;6136,947169;8019,025079
194;48.8623480308;2.33649646231;618;Palais Royal-Musée du Louvre;PALAIS ROYAL-MUSEE DU LOUVRE;1;651322.2057;6862683.9581;11993,88936;13622,92405;16715,66222;12696,36335;13223,81777;21258,71418
195;48.8628296728;2.3368783976;619;Palais Royal-Musée du Louvre;PALAIS ROYAL-MUSEE DU LOUVRE;7;651350.6754;6862737.2773;11790,70604;14021,30363;16690,35405;12282,55204;12984,76755;20340,01254
271;48.8652537861;2.37458197;625;Parmentier;PARMENTIER;3;654118.8397;6862984.2509;7523,319704;7229,521965;7617,397897;8894,951232;13868,85859;9936,847575
196;48.857448691;2.28581244413;626;Passy;PASSY;6;647598.9541;6862171.635;9234,609616;8923,618105;9523,448414;10092,21015;11045,66977;11240,53561
197;48.842871275;2.31244751307;628;Pasteur;PASTEUR;12;649539.0462;6860533.4239;8462,574713;8500,397664;8806,665539;8556,006374;9055,88254;10221,95478
105;48.84267682;2.31281277347;629;Pasteur;PASTEUR;6;649565.6646;6860511.5692;8580,117641;8517,339233;8775,141751;8528,663331;9068,737431;10177,75771
198;48.8684401633;2.40156171274;630;Pelleport;PELLEPORT;M3bis;656100.7414;6863323.2148;6449,280263;6562,302597;6668,634323;7171,25197;7798,998798;8511,464961
36;48.8848962552;2.29772434648;631;Pereire-Levallois;PEREIRE-LEVALLOIS;3;648500.0697;6865215.7477;8339,624817;7949,461045;8334,953859;9510,144093;9970,984801;11098,39571
350;48.8626540191;2.38760728815;633;Père Lachaise;PERE LACHAISE;2;655072.126;6862687.687;5620,188221;3311,131225;7544,120967;8574,843461;8090,982317;8568,843591
351;48.8631232146;2.38588244933;634;Père Lachaise;PERE LACHAISE;3;654945.9924;6862740.8407;5961,166968;3865,765246;7623,461102;8390,657671;8257,710498;8857,542659
199;48.8339363927;2.31807828549;636;Pernéty;PERNETY;13;649943.7106;6859536.3792;8014,006514;7594,395823;8104,349116;8657,848122;8804,603399;5947,781211
201;48.8584665494;2.38972985235;640;Philippe Auguste;PHILIPPE AUGUSTE;2;655224.2451;6862220.8679;8224,15931;7272,590014;7653,312839;8520,628588;22900,98304;9333,030234
202;48.8450615799;2.40128901982999;641;Picpus;PICPUS;6;656061.0276;6860723.8589;7516,732371;7480,23923;7853,126855;8759,296611;26672,7007;9099,380547
203;48.815930763;2.37726720015;642;Pierre Curie;PIERRE CURIE;7;654272.5743;6857498.469;;;23409,01154;;;
355;48.8825193856;2.33708168251;646;Pigalle;PIGALLE;12;651383.9697;6864926.5046;13910,18566;8210,859256;8710,34095;9968,050539;9661,976219;9933,352148
272;48.8823901507;2.33729479057;647;Pigalle;PIGALLE;2;651399.4773;6864912.0033;13751,64532;8129,878852;8524,298478;9960,478447;10487,58987;11067,36586
39;48.883804528;2.32724341195;648;Place de Clichy;PLACE DE CLICHY;13;650663.7014;6865075.5065;8159,652442;7742,123185;8593,17976;9181,690369;9126,491206;10362,55058
356;48.8836149922;2.32783955611;649;Place de Clichy;PLACE DE CLICHY;2;650707.2389;6865054.05899999;8024,231459;7771,681826;8532,522846;9456,09091;9192,875557;10384,71667
204;48.8768063892;2.39305609332;650;Place des FÃªtes;PLACE DES FETES;11;655483.9629;6864258.2457;7846,210673;6077,872748;6518,964914;7646,829052;7513,803126;8044,780558
357;48.8769498481;2.39298396482;651;Place des FÃªtes;PLACE DES FETES;7b;655478.7954;6864274.2381;7832,339559;6059,36066;6519,33936;7682,433429;7654,245388;8067,479737
273;48.830972673;2.35558027408;652;Place d'Italie;PLACE D'ITALIE;5;652693.7822;6859183.7267;7746,914487;7326,214564;7738,763679;7889,199708;8368,091236;8650,048499
40;48.830927241;2.3561219388;653;Place d'Italie;PLACE D'ITALIE;6;652733.5032;6859178.3508;7645,735138;7375,117194;7671,350423;7589,761515;8368,706654;8584,55184
205;48.831433631;2.35564364302;654;Place d'Italie;PLACE D'ITALIE;7;652698.8522;6859234.9421;7785,697849;7446,140368;7705,617014;7814,340804;8303,900845;8712,124729
106;48.8428668307;2.35222472818;655;Place Monge (Jardin des Plantes);PLACE MONGE (JARDIN DES PLANTES);7;652458.3099;6860508.2454;12383,0371;10724,36122;10026,98679;10498,22342;11133,582;10884,05111
109;48.8318256496;2.31412232347;656;Plaisance;PLAISANCE;13;649651.2929;6859304.204;7604,097147;7615,868338;8081,043913;8080,332435;8559,578058;5733,547558
277;48.8772363191;2.34929390248;659;Poissonnière;POISSONNIERE;7;652274.7082;6864331.6119;7628,927517;7603,884792;9420,635599;8792,272669;9642,441895;9986,722366
42;48.8978210671;2.27980958669;668;Pont de Levallois-Bécon;PONT DE LEVALLOIS-BECON;3;647199.4721;6866664.741;;;;;;
207;48.8847082013;2.26051507789;669;Pont de Neuilly (Avenue de Madrid);PONT DE NEUILLY (AVENUE DE MADRID);1;645771.287;6865219.7485;;;;;;
43;48.8296748438;2.23079959132;671;Pont de Sèvres;PONT DE SEVRES;9;643532.6156;6859121.418;;;;;;
278;48.8535754725;2.35716257162;673;Pont Marie (Cité des Arts);PONT-MARIE (CITE DES ARTS);7;652830.3951;6861695.9829;10941,59446;10810,58376;10876,34289;13595,45594;14461,63657;14087,26108
361;48.8585538264;2.34223275937;674;Pont Neuf (La Monnaie);PONT-NEUF (LA MONNAIE);7;651739.5237;6862258.5537;10301,30904;10761,79597;10466,36778;12377,86375;12421,78361;11806,4708
279;48.8714665781;2.27708301705;682;Porte Dauphine;PORTE DAUPHINE;2;646972.7506;6863736.1283;8942,953853;8909,716504;9288,291306;10084,19773;10506,71904;11618,48523
362;48.8479715406;2.25774468038;683;Porte d'Auteuil;PORTE D'AUTEUIL;10;645529.7326;6861136.8657;8058,738379;8431,08031;7312,406568;10010,24416;9633,747598;10076,27207
110;48.8646003734;2.40803103708;684;Porte de Bagnolet;PORTE DE BAGNOLET;3;656572.0977;6862892.6803;6616,703875;6676,878482;6950,2793;7218,308798;7671,877609;8416,226076
280;48.8857931052;2.2925823141;685;Porte de Champerret;PORTE DE CHAMPERRET;3;648123.8929;6865318.8375;8241,597544;7950,044345;8487,780876;8870,095492;9576,052834;10077,98834
44;48.8331629295;2.40144805422;686;Porte de Charenton;PORTE DE CHARENTON;8;656062.6699;6859400.7586;7033,054775;6427,666494;7106,70639;7537,897019;7980,350769;7787,573738
281;48.819876221;2.36453195175;687;Porte de Choisy;PORTE DE CHOISY;7;653340.9723;6857944.6053;5953,356113;6136,116117;5573,745524;6399,140309;6391,166269;7208,730615
138;48.8942522622;2.31377215877;689;Porte de Clichy;PORTE DE CLICHY;13;649685.9141;6866245.7339;7690,224006;6634,123148;7402,378956;7992,933066;10102,88377;9308,078734
139;48.8974022229;2.34484774875;690;Porte de Clignancourt;PORTE DE CLIGNANCOURT;4;651967.2227;6866576.6415;6767,716799;6523,209244;5489,612499;7582,697122;8190,613998;8354,418694
382;48.8972452881;2.35950786882;691;Porte de la Chapelle;PORTE DE LA CHAPELLE;12;653041.8705;6866550.3731;5605,887325;5693,428383;5492,681827;6900,003763;5420,100051;6977,198676
363;48.8973898907;2.38550838768;692;Porte de la Villette;PORTE DE LA VILLETTE;7;654948.2026;6866551.3039;5228,545884;5671,40703;5918,131045;6587,800964;7044,900938;8063,188634
364;48.8535439160999;2.41062642574;693;Porte de Montreuil;PORTE DE MONTREUIL;9;656753.3202;6861661.8646;5788,54082;6000,950602;3353,699072;7627,435625;6933,157412;7786,822756
50;48.8885036879;2.39211369775999;694;Porte de Pantin;PORTE DE PANTIN;5;655424.858;6865559.4508;6401,379043;6356,787949;6239,758555;6571,571707;7375,489686;7610,689995
117;48.8379612135;2.25712222985;695;Porte de Saint-Cloud;PORTE DE SAINT-CLOUD;9;645473.5838;6860024.2597;7421,922909;11628,77137;7224,429222;8118,446107;8363,616758;9545,791909
211;48.8973747955;2.32894281278;696;Porte de Saint-Ouen;PORTE DE SAINT-OUEN;13;650801.1471;6866583.3841;6665,739754;6385,472347;6060,550596;11150,15282;7083,395499;9237,67441
214;48.8771748193;2.406480157;697;Porte des Lilas;PORTE DES LILAS;11;656468.8342;6864291.7286;5920,880528;5879,687814;5431,378638;6290,51231;6892,841619;7564,128374
119;48.8771105118;2.40672924554;698;Porte des Lilas;PORTE DES LILAS;M3bis;656487.0493;6864284.4407;5923,577919;5880,989898;5645,171238;6290,257247;6895,90799;7567,243908
212;48.8277955435;2.30553466965;700;Porte de Vanves;PORTE DE VANVES;13;649016.968;6858861.6144;6883,17781;6740,97709;7557,859136;7753,243045;7776,523506;8549,284439
118;48.8324490990999;2.2880221411;701;Porte de Versailles;PORTE DE VERSAILLES;12;647736.0144;6859390.48299999;6941,462085;6492,306538;7859,259233;7897,185857;7444,93493;7824,062632
213;48.8471584793999;2.41014036797;702;Porte de Vincennes;PORTE DE VINCENNES;1;656712.3513;6860952.126;6948,24415;6886,040441;7338,713627;8925,524237;8484,270391;8032,158903
369;48.8192233496;2.35970521675;703;Porte d'Italie;PORTE D'ITALIE;7;652985.99;6857874.877;6288,32465;6503,308565;4743,173691;7028,942361;6389,588735;7542,313127
370;48.8213557838;2.36929058735;704;Porte d'Ivry;PORTE D'IVRY;7;653691.6801;6858106.3134;5518,948447;5141,614521;17413,15103;6599,288392;6677,475074;7476,124245
51;48.8347851581;2.40538321063;705;Porte Dorée;PORTE DOREE;8;656352.887;6859578.9511;7034,111848;6554,429722;7107,949131;7598,680374;7222,533026;7876,640735
371;48.823411629;2.32557563621;706;Porte d'Orléans;PORTE D'ORLEANS;4;650484.043;6858361.4233;7823,350725;8898,352418;7915,310775;8733,701759;8617,847918;8695,979616
53;48.8799957943999;2.39894666245999;709;Pré Saint-Gervais;PRE SAINT-GERVAIS;7b;655918.6953;6864609.5836;5846,852265;8085,601753;5633,21805;6340,018736;6770,651815;7185,071797
120;48.8659067396;2.33418954197;714;Pyramides;PYRAMIDES;14;651156.2996;6863081.082;16271,74864;23378,28927;17668,62555;15786,98701;13788,45265;22792,09489
121;48.8659809205;2.33433072438;715;Pyramides;PYRAMIDES;7;651166.726;6863089.243;16118,96403;22961,70624;16707,98889;15762,14628;13731,28533;23900,70959
122;48.8738818542;2.3853162151;716;Pyrénées;PYRENEES;11;654913.7648;6863937.4476;7856,695221;5853,617995;6449,52516;7672,158826;7830,293614;8187,954168
286;48.8370451192;2.37282572183;717;Quai de la Gare;QUAI DE LA GARE;6;653965.0895;6859848.72399999;5819,196869;6739,673843;8568,156622;7588,828069;7690,607102;7453,108255
123;48.8465154042;2.36587346941;718;Quai de la Rapée;QUAI DE LA RAPEE;5;653463.2581;6860905.8001;8725,110512;8146,254691;7686,520708;7564,222324;8780,669799;10085,23727
215;48.8695852435;2.33621884752;719;Quatre Septembre;QUATRE SEPTEMBRE;3;651308.6039;6863488.8496;44387,19938;22230,44573;15948,27658;13530,5209;17402,75105;29709,66129
287;48.8612049902999;2.35349574012999;721;Rambuteau;RAMBUTEAU;11;652568.2852;6862546.5161;9575,453339;9668,969305;10129,23861;11754,88084;11959,31946;13100,81376
288;48.8554850504;2.27010913894;722;Ranelagh;RANELAGH;9;646444.7925;6861963.8329;8773,678649;8577,887363;8841,015689;9211,600426;9886,746587;10604,24805
216;48.8389642807;2.33075419209;723;Raspail;RASPAIL;4;650878.8981;6860087.4642;8526,635677;9300,910038;11900,43627;9316,527427;9100,211948;11539,37963
372;48.8389642807;2.33075419209;724;Raspail;RASPAIL;6;650878.8981;6860087.4642;8526,635677;9300,910038;11900,43627;9316,527427;9100,211948;11539,37963
373;48.8663402993;2.35206831805;725;Réaumur Sébastopol;REAUMUR-SEBASTOPOL;3;652468.2482;6863118.3797;9043,647858;9384,120746;9573,48288;10672,57898;10010,76183;12039,89511
289;48.8660696891;2.35245974411;726;Réaumur Sébastopol;REAUMUR-SEBASTOPOL;4;652496.7155;6863088.0544;9067,023522;9460,439933;9597,11875;10081,56535;10352,07605;12223,20188
54;48.8484578485;2.32778212715;728;Rennes;RENNES;12;650669.7472;6861144.9041;10714,99728;11167,05775;11734,70533;12415,5335;13888,18533;13888,21033
374;48.8675034238;2.36382614398;729;République;REPUBLIQUE;11;653331.8161;6863240.6969;8462,485333;8391,029613;8604,886462;9858,703864;13067,6553;11537,85487
55;48.8670267876;2.36424799375;730;République;REPUBLIQUE;3;653362.3346;6863187.4493;8521,913465;8403,580249;8742,992484;9995,306669;13321,56506;11507,58165
56;48.8673844729;2.36426495043;731;République;REPUBLIQUE;5;653363.8987;6863227.2112;8515,292592;8360,28807;8560,643458;9852,497823;13139,60937;11347,65215
124;48.8671587252999;2.3639578365;732;République;REPUBLIQUE;8;653341.1678;6863202.2912;8533,533351;8388,623347;8604,233608;9928,929827;13179,14155;11463,50483
217;48.8671116385999;2.36423494565;733;République;REPUBLIQUE;9;653361.4534;6863196.8918;8531,828114;8387,779957;8638,513663;9957,547977;13262,53161;11568,24434
290;48.8473037861;2.38634170635;734;Reuilly-Diderot;REUILLY-DIDEROT;1;654966.0143;6860981.5925;8820,73053;8199,36538;7590,092403;8408,399476;23555,69757;8763,656366
291;48.8471287213;2.38702524211;735;Reuilly Diderot;REUILLY-DIDEROT;8;655016.0242;6860961.7373;8142,029627;7601,778025;7570,939855;8347,687107;40477,17281;8649,892799
52;48.8598736243999;2.37191398009;736;Richard Lenoir;RICHARD LENOIR;5;653918.3594;6862387.573;8399,581291;7493,93834;8118,84037;9619,67854;10431,38714;10187,78924
125;48.8717866021;2.33903054672;737;Richelieu-Drouot;RICHELIEU-DROUOT;8;651516.8991;6863731.8941;34722,9703;11472,32663;10346,01864;11753,35039;14742,65582;23116,44132
126;48.8721523526;2.33911503927;738;Richelieu-Drouot;RICHELIEU-DROUOT;9;651523.437;6863772.511;33574,29819;10980,46764;10189,58513;11719,47459;15213,55759;21954,69656
375;48.888267617;2.37420401204;739;Riquet;RIQUET;7;654111.394;6865543.4601;5933,117082;5722,325261;6038,244067;6456,303569;6551,797852;7603,012844
292;48.8557264285999;2.42298321615;741;Robespierre;ROBESPIERRE;9;657661.786;6861897.8455;;;;;;
218;48.8822269008;2.32127492677;746;Rome;ROME;2;650224.5081;6864903.8302;8721,907131;8022,165209;10145,90551;9596,822363;9503,565521;10377,43134
293;48.8639744458;2.27811255845;751;Rue de la Pompe (Av. G. Mandel);RUE DE LA POMPE (AVENUE GEORGES MANDEL);9;647040.651;6862902.3761;9434,417584;9102,827816;9504,380392;10205,42242;11316,69375;11762,31695
376;48.8555509402;2.32571242217;752;Rue du Bac;RUE DU BAC;12;650524.602;6861934.8835;14373,00892;12188,59993;14059,21836;15408,0556;17832,84225;16559,81698
294;48.8714977394;2.34315477308;754;Grands Boulevards (Rue Montmartre);GRANDS BOULEVARDS (RUE MONTMARTRE);8;651819.1431;6863697.2503;11800,26675;9612,112935;9648,662808;10355,57932;12224,24954;15674,79505
377;48.8714977394;2.34315477308;755;Grands Boulevards (Rue Montmartre);GRANDS BOULEVARDS (RUE MONTMARTRE);9;651819.1431;6863697.2503;11800,26675;9612,112935;9648,662808;10355,57932;12224,24954;15674,79505
127;48.8610192599;2.37473343127999;758;Saint-Ambroise;SAINT-AMBROISE;9;654126.2223;6862513.3167;7888,423607;7262,414491;8053,61374;8930,281291;9757,31352;9794,814765
295;48.8745583847;2.3213619281;759;Saint-Augustin;SAINT-AUGUSTIN;9;650223.5598;6864051.0893;12758,94418;8254,401676;13624,923;13393,25236;11926,99563;19055,97383
57;48.9365268526;2.35939826103;761;Basilique de Saint-Denis;BASILIQUE DE SAINT-DENIS;13;653069.272;6870918.4484;;;;;;
378;48.9299358897;2.35603579417;762;Saint-Denis-Porte de Paris;SAINT-DENIS-PORTE DE PARIS;13;652816.9646;6870187.543;;;;;;
296;48.9458456578;2.36454176349;763;Saint-Denis-Université;SAINT-DENIS-UNIVERSITE;13;653454.4183;6871951.6549;;;;;;
58;48.8721014421;2.40451494238;764;Saint-Fargeau;SAINT-FARGEAU;M3bis;656320.4457;6863728.6864;6098,965125;6001,258897;6045,96859;6787,383027;7541,317768;7976,376332
128;48.8514417056;2.3144081215;765;Saint-François-Xavier;SAINT-FRANCOIS-XAVIER;13;649691.21;6861485.1179;10275,03529;10321,02624;14026,54814;11800,57769;14169,28867;15223,34517
59;48.8784252576;2.33759508282;766;Saint-Georges;SAINT-GEORGES;12;651417.8007;6864470.9482;18787,46052;8377,414162;9200,517528;10220,27126;10935,63424;12820,7737
297;48.8537189339999;2.33377613686;767;Saint-Germain-des-Prés;SAINT-GERMAIN-DES-PRES;4;651114.5388;6861726.1589;11944,33571;12530,18266;11753,44644;14604,62558;15392,07794;14947,6784
298;48.8329008164999;2.33713519060999;768;Saint-Jacques;SAINT-JACQUES;6;651341.5779;6859409.3229;8211,743775;8370,162352;6941,570417;8529,093321;9292,475402;9823,903757
177;48.8754537705;2.32678520026;769;Saint-Lazare;SAINT-LAZARE;12;650622.1827;6864147.2447;32055,70097;7664,387474;12971,87232;14737,85289;11927,39362;9224,903689
85;48.8753549577;2.32481828505999;770;Saint-Lazare;SAINT-LAZARE;13;650477.8263;6864137.4892;17961,94592;8064,830408;13553,35075;15716,23242;11974,6887;13660,10841
86;48.8750063981;2.32457481029;771;Saint-Lazare;SAINT-LAZARE;3;650459.6372;6864098.8846;18048,84151;8143,452056;13768,25125;16049,42918;11986,34635;14109,8411
299;48.8463569889;2.41947990037;772;Saint-Mandé;SAINT-MANDE;1;657397.0779;6860857.92799999;;4911,931818;6118,666019;6478,05145;6647,727273;6334,246428
219;48.8384272969999;2.3609671677;773;Saint-Marcel;SAINT-MARCEL;5;653095.9282;6860009.3865;5415,343522;8438,969649;9074,158527;9006,780727;10589,29943;10256,41384
129;48.8640865748;2.38079798618;774;Saint-Maur;SAINT-MAUR;3;654573.8244;6862850.872;6590,120917;5641,790516;7578,053911;8443,615369;8696,707125;8907,127201
220;48.8531679849;2.34328597892;776;Saint-Michel;SAINT-MICHEL;4;651811.8161;6861659.0529;12351,66107;10909,41374;11184,21408;13512,68593;13228,83532;13679,23529
111;48.8552362528;2.36095648866;777;Saint-Paul (le Marais);SAINT-PAUL (LE MARAIS);1;653110.2705;6861878.3873;10550,92916;10072,05083;12027,92574;10454,11732;13003,6763;13452,79544
365;48.8724223837;2.31003834462;778;Saint-Philippe du Roule;SAINT-PHILIPPE-DU-ROULE;9;649390.9483;6863820.7798;35518,68973;13901,33775;11036,20301;14895,27198;11935,32389;22326,4227
112;48.846878238;2.32679278504;779;Saint-Placide;SAINT-PLACIDE;4;650595.6493;6860969.8856;10467,17436;10610,81589;10837,6561;11863,54974;12042,40975;12933,65521
45;48.8611688655;2.36721086641;780;Saint-Sébastien-Froissart;SAINT-SEBASTIEN FROISSART;8;653574.4612;6862534.3482;9020,534549;8443,692628;8821,695241;9009,711759;10803,64622;10792,30038
282;48.8516722456;2.33125629137;781;Saint-Sulpice;SAINT-SULPICE;4;650927.7173;6861500.1493;11773,52892;12244,9989;11924,52329;14277,16257;15635,45606;14670,42328
283;48.8470661331999;2.30740224062;791;Ségur;SEGUR;10;649172.8635;6861003.0844;8671,7761;8915,165609;9184,79759;9618,43942;9527,132141;11600,65178
113;48.867309475;2.34751621327999;792;Sentier;SENTIER;3;652135.2075;6863228.8943;10701,31723;10052,10978;9926,777952;10378,66118;11979,17504;12808,39905
114;48.8511923493;2.32648847397;798;Sèvres-Babylone;SEVRES-BABYLONE;10;650577.4091;6861449.76299999;12616,04813;11668,30918;12149,04386;13568,44689;15112,42246;14131,01428
284;48.8517620525;2.3268225689;799;Sèvres-Babylone;SEVRES-BABYLONE;12;650602.4646;6861512.8995;12715,10232;11738,73094;12093,08492;14068,16935;15486,29716;14143,49685
46;48.8456269667;2.3095314901;800;Sèvres-Lecourbe;SEVRES-LECOURBE;6;649327.7178;6860841.6954;8704,045723;8877,433853;9057,83471;9552,318392;9655,671017;11156,35373
115;48.893941388;2.34776550172;802;Simplon;SIMPLON;4;652177.9554;6866190.0425;6729,05651;6380,546993;6908,269777;7535,233701;8272,725545;8864,185977
208;48.8585111298999;2.32315485584;803;Solférino;SOLFERINO;12;650339.7683;6862265.6354;12740,68345;12627,34584;14052,44929;14822,79963;16535,75364;19755,02071
366;48.8842789443;2.36588135817;808;Stalingrad;STALINGRAD;2;653497.5585;6865104.8108;6376,455923;6466,826324;7322,305946;6823,868721;7070,739464;8597,953226
209;48.8844208864;2.36589381994;809;Stalingrad;STALINGRAD;5;653498.5991;6865120.5866;6340,824443;6448,041648;7296,994278;6823,897591;7030,865505;8603,672057
367;48.8843851454;2.36939198436;810;Stalingrad;STALINGRAD;7;653755.0955;6865114.55799999;6328,362658;6485,531758;7439,626649;7198,424052;6788,4569;7806,790816
210;48.8694907745;2.35439176839;836;Strasbourg-Saint-Denis;STRASBOURG-SAINT-DENIS;4;652641.5551;6863467.2926;8476,278239;9325,642288;9049,509437;9326,790192;9874,480064;11734,08537
47;48.8692241717;2.3546037907;837;Strasbourg-Saint-Denis;STRASBOURG-SAINT-DENIS;8;652656.8653;6863437.5212;8573,496527;9361,953609;9118,90092;9335,442576;9885,435623;12157,38746
285;48.8692241717;2.3546037907;838;Strasbourg-Saint-Denis;STRASBOURG-SAINT-DENIS;9;652656.8653;6863437.5212;8573,496527;9361,953609;9118,90092;9335,442576;9885,435623;12157,38746
48;48.8512376804;2.361985141;842;Sully-Morland;SULLY-MORLAND;7;653182.1536;6861433.1715;10696,05915;10133,98745;11427,48873;11002,41989;13200,88106;13006,26551
49;48.8754744567;2.3988675939;848;Télégraphe;TELEGRAPHE;11;655909.0691;6864106.8825;7484,500666;6903,033248;5904,923377;6995,09197;7166,615519;7702,121291
116;48.8666826802;2.36154153207;849;Temple;TEMPLE;3;653163.4882;6863150.7891;8644,936001;8694,672084;9616,436366;10440,97093;9191,857186;12442,46173
368;48.8779727014;2.29831037512;850;Ternes;TERNES;2;648536.2024;6864445.5141;9176,802623;9658,199484;8191,934521;10604,31271;17503,1464;12233,04652
380;48.8264260109;2.35724565076;855;Tolbiac;TOLBIAC;7;652811.918;6858677.1935;7224,752931;7176,733313;6351,311138;7608,729459;7950,253596;8752,664597
303;48.8763179622999;2.3325430273;861;Trinité d'Estienne d'Orves;TRINITE-D'ESTIENNE D'ORVES;12;651045.3002;6864239.7516;46599,64657;9333,047514;8872,139396;13331,12107;12569,57955;16020,19236
224;48.8636109376;2.28758016253;862;Trocadéro;TROCADERO;6;647734.8329;6862855.649;9388,024069;8877,182551;9624,550409;10509,93593;11351,77285;12236,45539
133;48.8630650202;2.28624317069;863;Trocadéro;TROCADERO;9;647636.2013;6862795.8336;9350,691198;8911,080558;9600,412427;10438,09755;11560,22792;12033,98282
225;48.8643437787;2.33012987711;864;Tuileries;TUILERIES;1;650857.0163;6862909.8123;15177,44191;37649,01047;22394,19182;13935,62112;19213,74287;26021,30963
130;48.8488163725;2.32125786290999;871;Vaneau;VANEAU;10;650191.3229;6861188.8641;11957,64725;10204,73675;12801,02562;11141,979;12749,1197;13480,22567
221;48.8568713792;2.31505663732;873;Varenne;VARENNE;13;649744.034;6862088.4335;10211,8647;10812,60341;13539,8248;14741,29964;16979,40202;18227,53483
60;48.8395165854;2.30110751488;877;Vaugirard (Adolphe Chériou);VAUGIRARD (ADOLPHE CHERIOU);12;648703.4994;6860167.7255;8061,147905;7930,86737;8457,133046;8323,962157;9239,426084;9555,836391
222;48.8422184135999;2.32900892624;879;Vavin;VAVIN;4;650753.8774;6860450.3764;9183,849147;9706,085923;12044,3971;11003,93619;11382,18905;12514,72263
134;48.8697985564999;2.28533509469;892;Victor Hugo;VICTOR HUGO;2;647576.3599;6863545.1478;12378,06584;9228,775521;9476,411829;9949,220575;10775,96074;11672,03121
61;48.8046881209;2.3639531966;896;Villejuif-Léo Lagrange;VILLEJUIF-LEO LAGRANGE;7;653284.8753;6856256.2281;;;;;;
135;48.7875627921;2.36780410698;897;Villejuif-Louis Aragon;VILLEJUIF-LOUIS ARAGON;7;653552.4584;6854349.8692;;;;;;
381;48.7964830827999;2.36826954143;898;Villejuif-Paul Vaillant-Couturier;VILLEJUIF-PAUL VAILLANT-COUTURIER;7;653594.5882;6855341.3986;;;;;;
226;48.8811500285;2.31517662622;907;Villiers;VILLIERS;2;649776.2512;6864787.9506;8588,503278;8167,150776;8568,094424;9691,688029;10821,91477;15298,77397
227;48.8811500285;2.31517662622;908;Villiers;VILLIERS;3;649776.2512;6864787.9506;8588,503278;8167,150776;8568,094424;9691,688029;10821,91477;15298,77397
379;48.8415055224;2.30794867934;919;Volontaires;VOLONTAIRES;12;649207.5446;6860384.4512;7965,026975;8126,696181;8550,806726;8287,346695;8973,811331;9669,081013
300;48.8574537227;2.38071878586;920;Voltaire (Léon Blum);VOLTAIRE (LEON BLUM);9;654562.2299;6862113.3974;8046,079195;7341,335736;7968,083685;8583,170836;15939,08462;9627,158204
301;48.8838092012;2.30467444053;923;Wagram;WAGRAM;3;649008.6628;6865090.3639;9244,078184;8111,894015;9482,295542;9517,093186;11036,41013;15966,14656
172;48.8460276493999;2.37496291887;962;Gare de Lyon;GARE DE LYON;1;654129.8636;6860846.2479;7876,398811;7829,008421;9565,459251;8163,387387;29028,65573;8954,60508
302;48.8757645939999;2.32425603264999;1000;Saint-Lazare;SAINT-LAZARE;14;650436.9779;6864183.3906;17365,77581;8072,319391;13538,58839;16174,6878;11826,50981;13611,70025
131;48.827270836;2.36803264775999;1006;Olympiades;OLYMPIADES;14;653604.5847;6858764.7361;6447,796942;5976,453987;6920,462618;9257,374949;10950,51849;8826,626438
223;48.9231037797;2.28627957752999;1007;Les Agnettes-Asnières-Gennevilliers;LES AGNETTES-ASNIERES-GENNEVILLIERS;13;647699.216;6869471.7685;;;;;;
132;48.9307570033;2.28417444828;1008;Les Courtilles-Asnières-Gennevilliers;LES COURTILLES-ASNIERES-GENNEVILLIERS;13;647552.6733;6870324.1848;;;;;;
304;48.7687151253;2.46456499320999;1072;Créteil-Pointe du Lac;CRETEIL-POINTE DU LAC;8;660647.1686;6852201.7355;;;;;;
136;48.906567146;2.3659203194;1073;Front Populaire;FRONT POPULAIRE;12;653520.3175;6867583.1321;;;;;;
137;48.8186764099;2.3197403133;1134;Mairie de Montrouge;MAIRIE DE MONTROUGE;4;650051.0907;6857838.6019;7454,545455;6800,428964;7636,842105;7196,796885;7961,895395;8181,818182
