Latitude;Longitude;gares_id;nom_gare;nomlong;ligne;x;y
48.8794817719;2.38911580738;93;Botzaris;BOTZARIS;7b;655197.2716;6864557.9604
48.8607869635;2.32099819195;30;Assemblée Nationale;ASSEMBLEE NATIONALE;12;650183.7135;6862520.0466
48.8359308792;2.27816167128;47;Balard;BALARD;8;647015.7484;6859784.1873
48.8524794228;2.36932058493;54;Bastille;BASTILLE;1;653721.5234;6861566.9178
48.8413382509;2.40091853812;59;Bel Air;BEL-AIR;6;656030.6977;6860310.0664
48.8403887481;2.37991127145;67;Bercy;BERCY;6;654488.0813;6860216.3939
48.7967407666;2.44943317569;223;Créteil-L'Échat (Hôpital Mondor);CRETEIL-L'ECHAT (HOPITAL MONDOR);8;659556.7711;6855325.4146
48.842436797;2.365184812;311;Gare d'Austerlitz;AUSTERLITZ;10;653409.0746;6860452.705
48.8394454284;2.39618288645;234;Daumesnil;DAUMESNIL;8;655681.5241;6860102.2506
48.8470525545;2.31642435206;247;Duroc;DUROC;13;649834.9325;6860995.805
48.8354953554;2.3588234891;124;Campo Formio;CAMPO-FORMIO;5;652935.9416;6859684.6612
48.9195730741;2.34330593051;126;Carrefour Pleyel;CARREFOUR PLEYEL;13;651874.6896;6869042.8996
48.8751498197;2.29590490608;152;Charles De Gaulle-Étoile;CHARLES DE GAULLE ETOILE;1;648356.9846;6864133.201
48.8570599663;2.34771187993;169;Châtelet;CHATELET;7;652140.1462;6862089.1146
48.8776101874;2.37081139531;195;Colonel Fabien;COLONEL FABIEN;2;653853.1813;6864360.3934
48.8447947646;2.29395196364;197;Commerce;COMMERCE;8;648183.5662;6860759.2739
48.9149497564;2.40440908743;290;Fort d'Aubervilliers;FORT D'AUBERVILLIERS;7;656348.6195;6868493.2879
48.8698082202;2.30747079345;293;Franklin D.Roosevelt;FRANKLIN-D.ROOSEVELT;1;649200.0725;6863531.7539
48.9163823099;2.2946851117;297;Gabriel Péri-Asnières-Gennevilliers;GABRIEL PERI-ASNIERES-GENNEVILLIERS;13;648308.4732;6868718.8268
48.8386316462;2.32249174982;299;Gaïté;GAITE;13;650272.1513;6860055.6505
48.8574779825;2.35157756299;352;Hôtel de Ville;HOTEL DE VILLE;1;652424.1554;6862133.2583
48.8886312178;2.24793243532;269;Esplanade de la Défense;ESPLANADE DE LA DEFENSE;1;644852.7454;6865664.6753
48.8638074378;2.34888065259;273;Étienne Marcel;ETIENNE-MARCEL;4;652232.0865;6862838.6691
48.8759910648;2.35788077193;313;Gare de l'Est;GARE DE L'EST;4;652903.3623;6864187.9922
48.8761263529;2.35804750536;314;Gare de l'Est;GARE DE L'EST;5;652915.7135;6864202.9359
48.843985582;2.37301421994;317;Gare de Lyon;GARE DE LYON;14;653985.0528;6860620.3235
48.8437354893;2.32435304116;562;Montparnasse BienvenÃ¼e;MONTPARNASSE;12;650413.6192;6860621.9732
48.8525040906;2.26817674944;372;Jasmin;JASMIN;9;646299.9369;6861633.6924
48.8461236669;2.27771173983;377;Javel-André CitroÃ«n;JAVEL;10;646993.0906;6860917.8132
48.8716497691;2.29352429034;389;Kléber;KLEBER;6;648178.897;6863745.5821
48.9207859699;2.41059861373;412;La Courneuve 8 Mai 1945;LA COURNEUVE 8 MAI 1945;7;656807.0911;6869138.86
48.8914168342;2.34973840702;511;Marcadet-Poissonniers;MARCADET-POISSONNIERS;4;652320.2944;6865908.132
48.8452475655;2.2616234924;544;Michel Ange-Molitor;MICHEL-ANGE-MOLITOR;10;645811.5379;6860831.3205
48.8471310082;2.27276375332;547;Mirabeau;MIRABEAU;10;646631.0122;6861033.1517
48.8812858119;2.36554431917;476;Louis Blanc;LOUIS BLANC;7;653470.1684;6864772.1908
48.8619369141;2.44131094125;492;Mairie de Montreuil;MAIRIE DE MONTREUIL;9;659011.4336;6862578.7337
48.8848962552;2.29772434648;631;Pereire-Levallois;PEREIRE-LEVALLOIS;3;648500.0697;6865215.7477
48.8473748787;2.39546199483;585;Nation;NATION;6;655635.364;6860984.3345
48.8775512518;2.28316224223;1;Porte Maillot;PORTE MAILLOT;1;647424.8025;6864408.6314
48.883804528;2.32724341195;648;Place de Clichy;PLACE DE CLICHY;13;650663.7014;6865075.5065
48.830927241;2.3561219388;653;Place d'Italie;PLACE D'ITALIE;6;652733.5032;6859178.3508
48.8646578796;2.36841002566;602;Oberkampf;OBERKAMPF;5;653665.5406;6862921.5946
48.8978210671;2.27980958669;668;Pont de Levallois-Bécon;PONT DE LEVALLOIS-BECON;3;647199.4721;6866664.741
48.8296748438;2.23079959132;671;Pont de Sèvres;PONT DE SEVRES;9;643532.6156;6859121.418
48.8331629295;2.40144805422;686;Porte de Charenton;PORTE DE CHARENTON;8;656062.6699;6859400.7586
48.8611688655;2.36721086641;780;Saint-Sébastien-Froissart;SAINT-SEBASTIEN FROISSART;8;653574.4612;6862534.3482
48.8456269667;2.3095314901;800;Sèvres-Lecourbe;SEVRES-LECOURBE;6;649327.7178;6860841.6954
48.8692241717;2.3546037907;837;Strasbourg-Saint-Denis;STRASBOURG-SAINT-DENIS;8;652656.8653;6863437.5212
48.8512376804;2.361985141;842;Sully-Morland;SULLY-MORLAND;7;653182.1536;6861433.1715
48.8754744567;2.3988675939;848;Télégraphe;TELEGRAPHE;11;655909.0691;6864106.8825
48.8885036879;2.39211369776;694;Porte de Pantin;PORTE DE PANTIN;5;655424.858;6865559.4508
48.8347851581;2.40538321063;705;Porte Dorée;PORTE DOREE;8;656352.887;6859578.9511
48.8598736244;2.37191398009;736;Richard Lenoir;RICHARD LENOIR;5;653918.3594;6862387.573
48.8799957944;2.39894666246;709;Pré Saint-Gervais;PRE SAINT-GERVAIS;7b;655918.6953;6864609.5836
48.8484578485;2.32778212715;728;Rennes;RENNES;12;650669.7472;6861144.9041
48.8670267876;2.36424799375;730;République;REPUBLIQUE;3;653362.3346;6863187.4493
48.8673844729;2.36426495043;731;République;REPUBLIQUE;5;653363.8987;6863227.2112
48.9365268526;2.35939826103;761;Basilique de Saint-Denis;BASILIQUE DE SAINT-DENIS;13;653069.272;6870918.4484
48.8721014421;2.40451494238;764;Saint-Fargeau;SAINT-FARGEAU;M3bis;656320.4457;6863728.6864
48.8784252576;2.33759508282;766;Saint-Georges;SAINT-GEORGES;12;651417.8007;6864470.9482
48.8395165854;2.30110751488;877;Vaugirard (Adolphe Chériou);VAUGIRARD (ADOLPHE CHERIOU);12;648703.4994;6860167.7255
48.8046881209;2.3639531966;896;Villejuif-Léo Lagrange;VILLEJUIF-LEO LAGRANGE;7;653284.8753;6856256.2281
48.8701642009;2.35049797186;91;Bonne Nouvelle;BONNE NOUVELLE;9;652356.5489;6863544.515
48.8407450152;2.2285369815;100;Boulogne-Pont de Saint-Cloud;BOULOGNE-PONT DE SAINT CLOUD;10;643378.5475;6860353.9039
48.8561407093;2.37020933841;107;Bréguet-Sabin;BREGUET-SABIN;5;653789.9847;6861973.5003
48.9063747703;2.44918990449;79;Bobigny-Pablo Picasso;BOBIGNY-PABLO PICASSO;5;659623.938;6867515.9438
48.895454673;2.4253268888;80;Bobigny-Pantin (Raymond Queneau);BOBIGNY-PANTIN (RAYMOND QUENEAU);5;657865.8989;6866314.133
48.8281884763;2.32716464961;10;Alésia;ALESIA;4;650605.2307;6858891.5557
48.8828686476;2.34413063372;21;Anvers;ANVERS;2;651901.2249;6864961.0235
48.8653227117;2.35672986917;27;Arts et Métiers;ARTS ET METIERS;11;652809.2865;6863002.4359
48.8655864776;2.35673675681;28;Arts et Métiers;ARTS ET METIERS;3;652810.0307;6863031.7605
48.8838039424;2.35061300069;49;Barbès-Rochechouart;BARBES-ROCHECHOUART;2;652377.4597;6865061.0935
48.8718487938;2.37659368274;60;Belleville;BELLEVILLE;11;654272.2071;6863716.4009
48.8454707076;2.42920516635;65;Bérault;BERAULT;1;658110.066;6860754.1783
48.7899783103;2.45045317792;226;Créteil-Université;CRETEIL-UNIVERSITE;8;659626.4637;6854573.0018
48.8907889695;2.3773157556;227;Crimée;CRIMEE;7;654341.7793;6865822.0177
48.8334508582;2.33174013099;236;Denfert-Rochereau;DENFERT-ROCHEREAU;4;650946.0738;6859473.8194
48.8469891061;2.31700523574;246;Duroc;DUROC;10;649877.4993;6860988.3813
48.8546821569;2.3060974037;248;École Militaire;ECOLE MILITAIRE;8;649084.5508;6861850.7519
48.851812133;2.40102227052;121;Buzenval;BUZENVAL;9;656047.1453;6861474.6081
48.8475070811;2.30296829919;123;Cambronne;CAMBRONNE;6;648847.9145;6861054.9765
48.8452047036;2.26644154308;149;Chardon Lagache;CHARDON-LAGACHE;10;646165.0737;6860823.2591
48.8465346367;2.28599922342;155;Charles Michels;CHARLES MICHELS;10;647601.6846;6860957.9773
48.8587991981;2.34730585275;166;Châtelet;CHATELET;1;652111.9543;6862282.7483
48.8510502823;2.34427334542;192;Cluny-la Sorbonne;CLUNY-LA-SORBONNE;10;651882.3097;6861422.9819
48.8753549577;2.32481828506;770;Saint-Lazare;SAINT-LAZARE;13;650477.8263;6864137.4892
48.8750063981;2.32457481029;771;Saint-Lazare;SAINT-LAZARE;3;650459.6372;6864098.8846
48.8720238095;2.30056045125;329;George-V;GEORGE V;1;648695.3653;6863782.5778
48.8912285932;2.40235214254;348;Hoche;HOCHE;5;656177.9025;6865856.7161
48.8787703685;2.32226521312;275;Europe;EUROPE;3;650293.8318;6864518.8631
48.8444701413;2.31785278304;280;Falguière;FALGUIERE;12;649937.2765;6860707.7605
48.8814985959;2.37026212666;373;Jaurès;JAURES;2;653816.3452;6864793.0814
48.8824652456;2.37015796174;375;Jaurès;JAURES;7b;653809.5635;6864900.628
48.875111817;2.38941503204;379;Jourdain;JOURDAIN;11;655215.4591;6864071.8789
48.8924395905;2.34465700413;382;Jules Joffrin;JULES JOFFRIN;12;651948.6586;6866024.9374
48.8437813048;2.3243970124;564;Montparnasse-BienvenÃ¼e;MONTPARNASSE;4;650416.8898;6860627.0398
48.8421022072;2.32127856274;565;Montparnasse-BienvenÃ¼e;MONTPARNASSE;6;650186.4248;6860442.3044
48.8225837068;2.29846419197;504;Malakoff-Plateau de Vanves;MALAKOFF-PLATEAU DE VANVES;13;648492.7655;6858286.7117
48.8914650003;2.34981545185;510;Marcadet-Poissonniers;MARCADET-POISSONNIERS;12;652325.9876;6865913.4413
48.8737095277;2.31460632162;549;Miromesnil;MIROMESNIL;9;649727.2457;6863960.9825
48.8444086721;2.39007511282;555;Montgallet;MONTGALLET;8;655237.5024;6860657.5602
48.8493505536;2.29830140173;420;La Motte Picquet-Grenelle;LA MOTTE-PICQUET-GRENELLE;10;648507.262;6861262.9852
48.8796347607;2.32702220089;467;Liège;LIEGE;13;650643.5277;6864611.9937
48.8814047322;2.36521878185;477;Louis Blanc;LOUIS BLANC;7b;653446.4009;6864785.6059
48.8530167679;2.33550205309;486;Mabillon;MABILLON;10;651240.5212;6861647.0174
48.84267682;2.31281277347;629;Pasteur;PASTEUR;6;649565.6646;6860511.5692
48.8428668307;2.35222472818;655;Place Monge (Jardin des Plantes);PLACE MONGE (JARDIN DES PLANTES);7;652458.3099;6860508.2454
48.8647276207;2.36849638711;603;Oberkampf;OBERKAMPF;9;653671.9381;6862929.2986
48.8704867033;2.33240740643;607;Opéra;OPERA;7;651029.8713;6863591.4421
48.8318256496;2.31412232347;656;Plaisance;PLAISANCE;13;649651.2929;6859304.204
48.8646003734;2.40803103708;684;Porte de Bagnolet;PORTE DE BAGNOLET;3;656572.0977;6862892.6803
48.8552362528;2.36095648866;777;Saint-Paul (le Marais);SAINT-PAUL (LE MARAIS);1;653110.2705;6861878.3873
48.846878238;2.32679278504;779;Saint-Placide;SAINT-PLACIDE;4;650595.6493;6860969.8856
48.867309475;2.34751621328;792;Sentier;SENTIER;3;652135.2075;6863228.8943
48.8511923493;2.32648847397;798;Sèvres-Babylone;SEVRES-BABYLONE;10;650577.4091;6861449.763
48.893941388;2.34776550172;802;Simplon;SIMPLON;4;652177.9554;6866190.0425
48.8666826802;2.36154153207;849;Temple;TEMPLE;3;653163.4882;6863150.7891
48.8379612135;2.25712222985;695;Porte de Saint-Cloud;PORTE DE SAINT-CLOUD;9;645473.5838;6860024.2597
48.8324490991;2.2880221411;701;Porte de Versailles;PORTE DE VERSAILLES;12;647736.0144;6859390.483
48.8771105118;2.40672924554;698;Porte des Lilas;PORTE DES LILAS;M3bis;656487.0493;6864284.4407
48.8659067396;2.33418954197;714;Pyramides;PYRAMIDES;14;651156.2996;6863081.082
48.8659809205;2.33433072438;715;Pyramides;PYRAMIDES;7;651166.726;6863089.243
48.8738818542;2.3853162151;716;Pyrénées;PYRENEES;11;654913.7648;6863937.4476
48.8465154042;2.36587346941;718;Quai de la Rapée;QUAI DE LA RAPEE;5;653463.2581;6860905.8001
48.8671587253;2.3639578365;732;République;REPUBLIQUE;8;653341.1678;6863202.2912
48.8717866021;2.33903054672;737;Richelieu-Drouot;RICHELIEU-DROUOT;8;651516.8991;6863731.8941
48.8721523526;2.33911503927;738;Richelieu-Drouot;RICHELIEU-DROUOT;9;651523.437;6863772.511
48.8610192599;2.37473343128;758;Saint-Ambroise;SAINT-AMBROISE;9;654126.2223;6862513.3167
48.8514417056;2.3144081215;765;Saint-François-Xavier;SAINT-FRANCOIS-XAVIER;13;649691.21;6861485.1179
48.8640865748;2.38079798618;774;Saint-Maur;SAINT-MAUR;3;654573.8244;6862850.872
48.8488163725;2.32125786291;871;Vaneau;VANEAU;10;650191.3229;6861188.8641
48.827270836;2.36803264776;1006;Olympiades;OLYMPIADES;14;653604.5847;6858764.7361
48.9307570033;2.28417444828;1008;Les Courtilles-Asnières-Gennevilliers;LES COURTILLES-ASNIERES-GENNEVILLIERS;13;647552.6733;6870324.1848
48.8630650202;2.28624317069;863;Trocadéro;TROCADERO;9;647636.2013;6862795.8336
48.8697985565;2.28533509469;892;Victor Hugo;VICTOR HUGO;2;647576.3599;6863545.1478
48.7875627921;2.36780410698;897;Villejuif-Louis Aragon;VILLEJUIF-LOUIS ARAGON;7;653552.4584;6854349.8692
48.906567146;2.3659203194;1073;Front Populaire;FRONT POPULAIRE;12;653520.3175;6867583.1321
48.8186764099;2.3197403133;1134;Mairie de Montrouge;MAIRIE DE MONTROUGE;4;650051.0907;6857838.6019
48.8942522622;2.31377215877;689;Porte de Clichy;PORTE DE CLICHY;13;649685.9141;6866245.7339
48.8974022229;2.34484774875;690;Porte de Clignancourt;PORTE DE CLIGNANCOURT;4;651967.2227;6866576.6415
48.8701642009;2.35049797186;90;Bonne Nouvelle;BONNE NOUVELLE;8;652356.5489;6863544.515
48.8686959778;2.34072072367;104;Bourse;BOURSE;3;651638.0039;6863387.2034
48.8839585735;2.33192659089;76;Blanche;BLANCHE;2;651007.2769;6865089.7195
48.864766845;2.3009910035;14;Alma-Marceau;ALMA-MARCEAU;9;648719.8026;6862975.3829
48.8755940499;2.28932258961;25;Argentine;ARGENTINE;1;647874.6513;6864186.9211
48.9037599302;2.39228705964;35;Aubervilliers-Pantin (4 Chemins);AUBERVILLIERS-PANTIN (QUATRE CHEMINS);7;655450.6264;6867255.7816
48.8470195819;2.29542047803;43;Avenue Émile Zola;AVENUE EMILE ZOLA;10;648293.5441;6861005.6876
48.8534369623;2.36873657263;55;Bastille;BASTILLE;5;653679.5214;6861673.7301
48.8723101138;2.37670214473;61;Belleville;BELLEVILLE;2;654280.5677;6863767.6337
48.8400013895;2.3795540112;66;Bercy;BERCY;14;654461.522;6860173.5295
48.8297905137;2.35041487201;212;Corvisart;CORVISART;6;652313.5223;6859055.391
48.8690911629;2.38054258599;220;Couronnes;COURONNES;2;654559.4536;6863407.4921
48.814803007;2.42237614285;12;École Vétérinaire de Maisons-Alfort;ECOLE VETERINAIRE DE MAISONS-ALFORT;8;657583.9566;6857347.8995
48.8406632293;2.32638461079;250;Edgar Quinet;EDGAR QUINET;6;650559.8002;6860279.0962
48.8466568513;2.35162325638;125;Cardinal Lemoine;CARDINAL-LEMOINE;10;652417.6279;6860930.0204
48.8679053449;2.31354554995;144;Champs-Élysées-Clémenceau;CHAMPS-ELYSEES-CLEMENCEAU;1;649643.8307;6863316.2783
48.8676021452;2.31389412912;145;Champs-Élysées-Clémenceau;CHAMPS-ELYSEES-CLEMENCEAU;13;649669.1078;6863282.3427
48.8215957673;2.41373751752;150;Charenton-Écoles;CHARENTON-ECOLES;8;656955.2248;6858107.8489
48.8545804991;2.38556348082;156;Charonne;CHARONNE;9;654915.2006;6861791.1422
48.8873749106;2.3496940822;162;Château Rouge;CHATEAU ROUGE;4;652313.3429;6865458.7189
48.8575563594;2.34830889513;165;Châtelet;CHATELET;11;652184.4051;6862143.9475
48.8583823703;2.34756482975;168;Châtelet;CHATELET;4;652130.572;6862236.2436
48.8731092743;2.33345121858;173;Chaussée d'Antin (La Fayette);CHAUSSEE D'ANTIN (LA FAYETTE);7;651108.8982;6863882.4057
48.8729376577;2.33347913185;174;Chaussée d'Antin (La Fayette);CHAUSSEE D'ANTIN (LA FAYETTE);9;651110.7845;6863863.3059
48.8549363766;2.34732131573;188;Cité;CITE;4;652109.5385;6861853.227
48.8662858046;2.32294341224;199;Concorde;CONCORDE;1;650331.6676;6863130.2462
48.866818369;2.32208284869;201;Concorde;CONCORDE;8;650269.0473;6863190.0047
48.8373074946;2.29663034323;206;Convention;CONVENTION;12;648372.7098;6859925.0172
48.8649166851;2.39898444025;301;Gambetta;GAMBETTA;3;655908.7036;6862932.8653
48.8574518326;2.35100846139;353;Hôtel de Ville;HOTEL DE VILLE;11;652382.3765;6862130.6937
48.8429386959;2.26003290221;278;Exelmans;EXELMANS;9;645692.4042;6860575.6926
48.863257945;2.36666109472;283;Filles du Calvaire;FILLES DU CALVAIRE;8;653535.9904;6862766.9605
48.8460276494;2.37496291887;962;Gare de Lyon;GARE DE LYON;1;654129.8636;6860846.2479
48.8795512844;2.35699516401;318;Gare du Nord;GARE DU NORD;4;652841.632;6864584.3939
48.87080998;2.36102746692;370;Jacques Bonsergent;JACQUES BONSERGENT;5;653129.4916;6863610.0193
48.8459506666;2.35505026306;384;Jussieu;JUSSIEU;7;652668.4784;6860849.4399
48.8843987952;2.36049131853;409;La Chapelle;LA CHAPELLE;2;653102.402;6865121.3253
48.8754537705;2.32678520026;769;Saint-Lazare;SAINT-LAZARE;12;650622.1827;6864147.2447
48.8904854538;2.35999576641;519;Marx Dormoy;MARX DORMOY;12;653071.5478;6865798.4225
48.8501273238;2.34805429048;525;Maubert-Mutualité;MAUBERT-MUTUALITE;10;652158.9045;6861318.0602
48.8668000351;2.38338325046;533;Ménilmontant;MENILMONTANT;2;654765.838;6863151.1043
48.8479348079;2.26421877705;542;Michel Ange-Auteuil;MICHEL-ANGE-AUTEUIL;10;646004.7811;6861128.3349
48.8871839469;2.32577967481;416;La Fourche;LA FOURCHE;13;650559.5701;6865452.1927
48.8487416657;2.29893091175;421;La Motte Picquet-Grenelle;LA MOTTE-PICQUET-GRENELLE;6;648552.855;6861194.8727
48.8580460563;2.27415463109;423;La Muette;LA MUETTE;9;646744.2368;6862245.8558
48.8896740712;2.3387606492;419;Lamarck-Caulaincourt;LAMARCK-CAULAINCOURT;12;651513.7584;6865721.0309
48.8852161821;2.37966307748;426;Laumière;LAUMIERE;5;654509.0245;6865200.9983
48.8101299573;2.36226338713;442;Le Kremlin-BicÃªtre;LE KREMLIN-BICETRE;7;653165.655;6856862.2879
48.8811915206;2.27168672105;463;Les Sablons (Jardin d'acclimatation);LES SABLONS (JARDIN D'ACCLIMATATION);1;646586.9079;6864821.1041
48.8887060198;2.28808363305;478;Louise Michel;LOUISE MICHEL;3;647796.9264;6865645.6998
48.8389609394;2.28270002724;479;Lourmel;LOURMEL;8;647351.9234;6860118.0595
48.8700997328;2.32516410954;487;Madeleine;MADELEINE;12;650498.1966;6863552.9304
48.9033300946;2.30592414987;491;Mairie de Clichy;MAIRIE DE CLICHY;13;649119.3873;6867260.1725
48.8871348691;2.38696001714;614;Ourcq;OURCQ;5;655045.7743;6865410.1669
48.8623480308;2.33649646231;618;Palais Royal-Musée du Louvre;PALAIS ROYAL-MUSEE DU LOUVRE;1;651322.2057;6862683.9581
48.8628296728;2.3368783976;619;Palais Royal-Musée du Louvre;PALAIS ROYAL-MUSEE DU LOUVRE;7;651350.6754;6862737.2773
48.857448691;2.28581244413;626;Passy;PASSY;6;647598.9541;6862171.635
48.842871275;2.31244751307;628;Pasteur;PASTEUR;12;649539.0462;6860533.4239
48.8684401633;2.40156171274;630;Pelleport;PELLEPORT;M3bis;656100.7414;6863323.2148
48.8339363927;2.31807828549;636;Pernéty;PERNETY;13;649943.7106;6859536.3792
48.8475793675;2.39555451217;583;Nation;NATION;1;655642.3274;6861007.0198
48.8584665494;2.38972985235;640;Philippe Auguste;PHILIPPE AUGUSTE;2;655224.2451;6862220.8679
48.8450615799;2.40128901983;641;Picpus;PICPUS;6;656061.0276;6860723.8589
48.815930763;2.37726720015;642;Pierre Curie;PIERRE CURIE;7;654272.5743;6857498.469
48.8768063892;2.39305609332;650;Place des FÃªtes;PLACE DES FETES;11;655483.9629;6864258.2457
48.831433631;2.35564364302;654;Place d'Italie;PLACE D'ITALIE;7;652698.8522;6859234.9421
48.8709917839;2.33198952268;606;Opéra;OPERA;3;650999.694;6863647.8625
48.8847082013;2.26051507789;669;Pont de Neuilly (Avenue de Madrid);PONT DE NEUILLY (AVENUE DE MADRID);1;645771.287;6865219.7485
48.8585111299;2.32315485584;803;Solférino;SOLFERINO;12;650339.7683;6862265.6354
48.8844208864;2.36589381994;809;Stalingrad;STALINGRAD;5;653498.5991;6865120.5866
48.8694907745;2.35439176839;836;Strasbourg-Saint-Denis;STRASBOURG-SAINT-DENIS;4;652641.5551;6863467.2926
48.8973747955;2.32894281278;696;Porte de Saint-Ouen;PORTE DE SAINT-OUEN;13;650801.1471;6866583.3841
48.8277955435;2.30553466965;700;Porte de Vanves;PORTE DE VANVES;13;649016.968;6858861.6144
48.8471584794;2.41014036797;702;Porte de Vincennes;PORTE DE VINCENNES;1;656712.3513;6860952.126
48.8771748193;2.406480157;697;Porte des Lilas;PORTE DES LILAS;11;656468.8342;6864291.7286
48.8695852435;2.33621884752;719;Quatre Septembre;QUATRE SEPTEMBRE;3;651308.6039;6863488.8496
48.8389642807;2.33075419209;723;Raspail;RASPAIL;4;650878.8981;6860087.4642
48.8671116386;2.36423494565;733;République;REPUBLIQUE;9;653361.4534;6863196.8918
48.8822269008;2.32127492677;746;Rome;ROME;2;650224.5081;6864903.8302
48.838427297;2.3609671677;773;Saint-Marcel;SAINT-MARCEL;5;653095.9282;6860009.3865
48.8531679849;2.34328597892;776;Saint-Michel;SAINT-MICHEL;4;651811.8161;6861659.0529
48.8568713792;2.31505663732;873;Varenne;VARENNE;13;649744.034;6862088.4335
48.8422184136;2.32900892624;879;Vavin;VAVIN;4;650753.8774;6860450.3764
48.9231037797;2.28627957753;1007;Les Agnettes-Asnières-Gennevilliers;LES AGNETTES-ASNIERES-GENNEVILLIERS;13;647699.216;6869471.7685
48.8636109376;2.28758016253;862;Trocadéro;TROCADERO;6;647734.8329;6862855.649
48.8643437787;2.33012987711;864;Tuileries;TUILERIES;1;650857.0163;6862909.8123
48.8811500285;2.31517662622;907;Villiers;VILLIERS;2;649776.2512;6864787.9506
48.8811500285;2.31517662622;908;Villiers;VILLIERS;3;649776.2512;6864787.9506
48.884594208;2.33794977706;2;Abbesses;ABBESSES;12;651449.5655;6865156.6779
48.8539426071;2.28933453277;75;Bir-Hakeim (Grenelle);BIR-HAKEIM (GRENELLE);6;647853.8595;6861779.4605
48.8669831104;2.29005883493;84;Boissière;BOISSIERE;6;647920.0418;6863228.9678
48.8808212614;2.37414715384;88;Bolivar;BOLIVAR;7b;654100.662;6864715.5006
48.8563773572;2.39456194456;11;Alexandre Dumas;ALEXANDRE DUMAS;2;655576.9894;6861985.8376
48.8534394276;2.36951356952;56;Bastille;BASTILLE;8;653736.5364;6861673.5487
48.8792141342;2.30352872537;218;Courcelles;COURCELLES;2;648920.1378;6864580.1642
48.779905317;2.45936839626;224;Créteil-Préfecture (Hôtel de Ville);CRETEIL-PREFECTURE (HOTEL DE VILLE);8;660273.7592;6853448.5114
48.8819319987;2.39344545649;232;Danube;DANUBE;7b;655516.8981;6864827.9634
48.8395496456;2.39570328944;233;Daumesnil;DAUMESNIL;6;655646.4124;6860114.1078
48.89325759;2.41331313951;253;Église de Pantin;EGLISE DE PANTIN;5;656983.2711;6866076.3042
48.8758906819;2.34412603046;122;Cadet;CADET;7;651894.4424;6864185.1221
48.8404866526;2.35173948717;127;Censier-Daubenton;CENSIER-DAUBENTON;7;652420.525;6860243.8862
48.874613927;2.29556736975;153;Charles de Gaulle-Étoile;CHARLES DE GAULLE ETOILE;2;648331.6965;6864073.8346
48.8577088197;2.34794431111;167;Châtelet;CHATELET;14;652157.7956;6862161.1206
48.8574200375;2.3681082907;180;Chemin Vert;CHEMIN VERT;8;653636.9649;6862116.9823
48.8948364684;2.38252234342;209;Corentin-Cariou;CORENTIN CARIOU;7;654727.0632;6866269.0824
48.9060940502;2.33183083796;323;Garibaldi;GARIBALDI;13;651021.0832;6867551.1312
48.8699575127;2.37109483973;332;Goncourt (Hôpital Saint-Louis);GONCOURT (HOPITAL SAINT-LOUIS);11;653867.1922;6863509.3023
48.8653353173;2.41669727286;300;Gallieni (Parc de Bagnolet);GALLIENI (PARC DE BAGNOLET);3;657208.4603;6862969.6694
48.8928288534;2.3274284585;342;Guy Môquet;GUY MOQUET;13;650685.8186;6866078.8433
48.8735133896;2.32754308036;344;Havre-Caumartin;HAVRE-CAUMARTIN;3;650675.9316;6863931.0147
48.8422653865;2.36533865297;312;Gare d'Austerlitz;AUSTERLITZ;5;653420.212;6860433.5551
48.8762727035;2.35805790434;315;Gare de l'Est;GARE DE L'EST;7;652916.6085;6864219.2029
48.8423274377;2.32098483563;563;Montparnasse-BienvenÃ¼e;MONTPARNASSE;13;650165.0831;6860467.533
48.8623647041;2.31390957779;362;Invalides;INVALIDES;13;649665.1809;6862699.9731
48.8623253291;2.31513843219;363;Invalides;INVALIDES;8;649755.2952;6862694.8123
48.8461511231;2.3549179837;383;Jussieu;JUSSIEU;10;652658.953;6860871.808
48.8153075312;2.29707779833;505;Malakoff-Rue Étienne Dolet;MALAKOFF-RUE ÉTIENNE DOLET;13;648383.7762;6857478.6018
48.8527251193;2.40608916188;509;MaraÃ®chers;MARAICHERS;9;656419.7092;6861573.3159
48.8478956502;2.26408203075;543;Michel Ange-Auteuil;MICHEL-ANGE-AUTEUIL;9;645994.7057;6861124.0745
48.8450581723;2.26174512496;545;Michel Ange-Molitor;MICHEL-ANGE-MOLITOR;9;645820.2672;6860810.1786
48.8737699887;2.31445603619;548;Miromesnil;MIROMESNIL;13;649716.2811;6863967.801
48.8804494561;2.30945116799;552;Monceau;MONCEAU;2;649355.6855;6864713.7086
48.8577254129;2.31056596095;425;La Tour Maubourg;LA TOUR MAUBOURG;8;649415.3796;6862186.2617
48.8748743434;2.34019988439;443;Le Peletier;LE PELETIER;7;651605.5387;6864074.5114
48.8512711264;2.37611877334;441;Ledru Rollin;LEDRU-ROLLIN;8;654219.2941;6861428.6032
48.8608062913;2.34110859163;481;Louvre-Rivoli;LOUVRE-RIVOLI;1;651659.1352;6862509.6962
48.9119648979;2.33392489048;493;Mairie de Saint-Ouen;MAIRIE DE SAINT-OUEN;13;651180.0871;6868202.6512
48.879761254;2.41647964367;494;Mairie des Lilas;MAIRIE DES LILAS;11;657204.3492;6864573.8589
48.8110991977;2.38355147965;496;Mairie d'Ivry;MAIRIE D'IVRY;7;654729.8271;6856957.6392
48.8026376907;2.44692748424;499;Maisons-Alfort-Les Juilliottes;MAISONS-ALFORT-LES JUILLIOTTES;8;659377.3049;6855982.3601
48.8224378346;2.35847388385;497;Maison Blanche;MAISON BLANCHE;7;652898.4845;6858233.0223
48.8652537861;2.37458197;625;Parmentier;PARMENTIER;3;654118.8397;6862984.2509
48.8823901507;2.33729479057;647;Pigalle;PIGALLE;2;651399.4773;6864912.0033
48.830972673;2.35558027408;652;Place d'Italie;PLACE D'ITALIE;5;652693.7822;6859183.7267
48.8760262116;2.33788648907;600;Notre-Dame-de-Lorette;NOTRE-DAME-DE-LORETTE;12;651436.9357;6864204.0114
48.8523007631;2.33972778159;605;Odéon;ODEON;4;651549.9234;6861564.8032
48.8706417323;2.33213859959;608;Opéra;OPERA;8;651010.2997;6863608.8469
48.8772363191;2.34929390248;659;Poissonnière;POISSONNIERE;7;652274.7082;6864331.6119
48.8535754725;2.35716257162;673;Pont Marie (Cité des Arts);PONT-MARIE (CITE DES ARTS);7;652830.3951;6861695.9829
48.8714665781;2.27708301705;682;Porte Dauphine;PORTE DAUPHINE;2;646972.7506;6863736.1283
48.8857931052;2.2925823141;685;Porte de Champerret;PORTE DE CHAMPERRET;3;648123.8929;6865318.8375
48.819876221;2.36453195175;687;Porte de Choisy;PORTE DE CHOISY;7;653340.9723;6857944.6053
48.8516722456;2.33125629137;781;Saint-Sulpice;SAINT-SULPICE;4;650927.7173;6861500.1493
48.8470661332;2.30740224062;791;Ségur;SEGUR;10;649172.8635;6861003.0844
48.8517620525;2.3268225689;799;Sèvres-Babylone;SEVRES-BABYLONE;12;650602.4646;6861512.8995
48.8692241717;2.3546037907;838;Strasbourg-Saint-Denis;STRASBOURG-SAINT-DENIS;9;652656.8653;6863437.5212
48.8370451192;2.37282572183;717;Quai de la Gare;QUAI DE LA GARE;6;653965.0895;6859848.724
48.8612049903;2.35349574013;721;Rambuteau;RAMBUTEAU;11;652568.2852;6862546.5161
48.8554850504;2.27010913894;722;Ranelagh;RANELAGH;9;646444.7925;6861963.8329
48.8660696891;2.35245974411;726;Réaumur Sébastopol;REAUMUR-SEBASTOPOL;4;652496.7155;6863088.0544
48.8473037861;2.38634170635;734;Reuilly-Diderot;REUILLY-DIDEROT;1;654966.0143;6860981.5925
48.8471287213;2.38702524211;735;Reuilly Diderot;REUILLY-DIDEROT;8;655016.0242;6860961.7373
48.8557264286;2.42298321615;741;Robespierre;ROBESPIERRE;9;657661.786;6861897.8455
48.8639744458;2.27811255845;751;Rue de la Pompe (Av. G. Mandel);RUE DE LA POMPE (AVENUE GEORGES MANDEL);9;647040.651;6862902.3761
48.8714977394;2.34315477308;754;Grands Boulevards (Rue Montmartre);GRANDS BOULEVARDS (RUE MONTMARTRE);8;651819.1431;6863697.2503
48.8745583847;2.3213619281;759;Saint-Augustin;SAINT-AUGUSTIN;9;650223.5598;6864051.0893
48.9458456578;2.36454176349;763;Saint-Denis-Université;SAINT-DENIS-UNIVERSITE;13;653454.4183;6871951.6549
48.853718934;2.33377613686;767;Saint-Germain-des-Prés;SAINT-GERMAIN-DES-PRES;4;651114.5388;6861726.1589
48.8329008165;2.33713519061;768;Saint-Jacques;SAINT-JACQUES;6;651341.5779;6859409.3229
48.8463569889;2.41947990037;772;Saint-Mandé;SAINT-MANDE;1;657397.0779;6860857.928
48.8574537227;2.38071878586;920;Voltaire (Léon Blum);VOLTAIRE (LEON BLUM);9;654562.2299;6862113.3974
48.8838092012;2.30467444053;923;Wagram;WAGRAM;3;649008.6628;6865090.3639
48.875764594;2.32425603265;1000;Saint-Lazare;SAINT-LAZARE;14;650436.9779;6864183.3906
48.8763179623;2.3325430273;861;Trinité d'Estienne d'Orves;TRINITE-D'ESTIENNE D'ORVES;12;651045.3002;6864239.7516
48.7687151253;2.46456499321;1072;Créteil-Pointe du Lac;CRETEIL-POINTE DU LAC;8;660647.1686;6852201.7355
48.8410940563;2.2879457665;94;Boucicaut;BOUCICAUT;8;647739.0763;6860351.7535
48.8523154274;2.38937812792;98;Rue des Boulets;RUE DES BOULETS;9;655193.1503;6861537.1145
48.8420053473;2.23888732579;99;Boulogne-Jean Jaurès;BOULOGNE-JEAN JAURES;10;644139.5371;6860486.666
48.8299902817;2.37574814434;72;Bibliothèque François Mitterrand;BIBLIOTHEQUE FRANCOIS MITTERRAND;14;654173.3908;6859062.6022
48.8321105601;2.23863934858;74;Billancourt;BILLANCOURT;9;644110.7295;6859386.6609
48.892082786;2.28500950275;16;Anatole France;ANATOLE FRANCE;3;647574.9141;6866023.2122
48.8515102782;2.39830234427;44;Avron;AVRON;2;655847.3058;6861442.5619
48.8834361881;2.34977444365;50;Barbès-Rochechouart;BARBES-ROCHECHOUART;4;652315.6291;6865020.7075
48.8333385593;2.38663240207;221;Cour Saint-Émilion;COUR SAINT-EMILION;14;654975.2848;6859428.6327
48.8579655912;2.43555571569;228;Croix de Chavaux (Jacques Duclos);CROIX DE CHAVAUX (JACQUES DUCLOS);9;658586.0485;6862140.1552
48.8342929805;2.33285230996;237;Denfert-Rochereau;DENFERT-ROCHEREAU;6;651028.503;6859566.7636
48.8390411437;2.38962001134;244;Dugommier;DUGOMMIER;6;655199.4896;6860061.0017
48.850434549;2.29361243991;245;Dupleix;DUPLEIX;6;648164.2594;6861386.5825
48.8471500557;2.26913587273;251;Église d'Auteuil;EGLISE D'AUTEUIL;10;646364.8036;6861037.7277
48.8905871866;2.32017475579;113;Brochant;BROCHANT;13;650151.8308;6865834.137
48.8785141131;2.38161451194;120;Buttes-Chaumont;BUTTES-CHAUMONT;7b;654646.2892;6864454.645
48.8747486507;2.29556025621;154;Charles de Gaulle-Étoile;CHARLES DE GAULLE ETOILE;6;648331.3084;6864088.8195
48.8444563946;2.44043997806;160;Château de Vincennes;CHATEAU DE VINCENNES;1;658933.7619;6860635.4943
48.8724249145;2.35604490767;159;Château d'Eau;CHATEAU D'EAU;4;652765.4788;6863792.5575
48.8785656258;2.36216007192;161;Château-Landon;CHATEAU-LANDON;7;653219.5359;6864471.7227
48.8107464886;2.30167855546;171;Châtillon-Montrouge;CHATILLON-MONTROUGE;13;648717.1202;6856968.4786
48.8349477223;2.36812632906;183;Chevaleret;CHEVALERET;6;653618.2928;6859618.2657
48.8661671149;2.32317568086;200;Concorde;CONCORDE;12;650348.5931;6863116.9028
48.8270854489;2.27941168205;210;Corentin Celton;CORENTIN-CELTON;12;647098.5235;6858799.8446
48.831129548;2.34351165775;331;Glacière;GLACIERE;6;651808.0022;6859208.4674
48.8686998474;2.30950515734;294;Franklin D.Roosevelt;FRANKLIN-D.ROOSEVELT;9;649348.2201;6863407.2048
48.8651634349;2.39874659344;302;Gambetta;GAMBETTA;M3bis;655891.4641;6862960.4349
48.8737134067;2.32769540963;345;Havre-Caumartin;HAVRE-CAUMARTIN;9;650687.2939;6863953.16
48.8501778619;2.38409221007;279;Faidherbe Chaligny;FAIDHERBE-CHALIGNY;8;654803.4286;6861302.4487
48.8427467798;2.29191241332;282;Félix Faure;FELIX FAURE;8;648031.8468;6860532.9003
48.8798501425;2.35745934659;319;Gare du Nord;GARE DU NORD;5;652875.9451;6864617.3479
48.8647940658;2.29416201811;359;Iéna;IENA;9;648218.8598;6862982.8662
48.8831474514;2.37100144075;374;Jaurès;JAURES;5;653872.0243;6864975.9922
48.8828919175;2.30905226455;506;Malesherbes;MALESHERBES;3;649328.8075;6864985.5498
48.8337088491;2.24384059238;513;Marcel Sembat;MARCEL SEMBAT;9;644494.2278;6859560.7019
48.837117007;2.40233316592;546;Michel Bizot;MICHEL BIZOT;8;656130.969;6859839.9191
48.8921870764;2.2370180564;414;La Défense - Grande Arche;LA DEFENSE-GRANDE ARCHE;1;644056.2663;6866067.7406
48.8493505536;2.29830140173;422;La Motte Picquet-Grenelle;LA MOTTE-PICQUET-GRENELLE;8;648507.262;6861262.9852
48.8358634842;2.35258892564;459;Les Gobelins;LES GOBELINS;7;652478.6539;6859729.3272
48.8623162787;2.34567382822;460;Les Halles;LES HALLES;4;651995.4564;6862674.8091
48.8260549965;2.40674222593;466;Liberté;LIBERTE;8;656445.3488;6858607.5005
48.8706670209;2.32575263529;488;Madeleine;MADELEINE;14;650541.9048;6863615.6397
48.869633173;2.32627227403;489;Madeleine;MADELEINE;8;650579.0401;6863500.3584
48.8241050307;2.27304152514;495;Mairie d'Issy;MAIRIE D'ISSY;12;646627.8252;6858472.7468
48.8091443609;2.43450989593;500;Maisons-Alfort-Stade;MAISONS-ALFORT-STADE;8;658470.4404;6856712.2781
48.8626540191;2.38760728815;633;Père Lachaise;PERE LACHAISE;2;655072.126;6862687.687
48.8631232146;2.38588244933;634;Père Lachaise;PERE LACHAISE;3;654945.9924;6862740.8407
48.848474286;2.39506230543;584;Nation;NATION;2;655606.9695;6861106.8032
48.8489446451;2.39587943519;586;Nation;NATION;9;655667.3331;6861158.6438
48.8332167197;2.36285639952;587;Nationale;NATIONALE;6;653229.9171;6859428.9054
48.8825193856;2.33708168251;646;Pigalle;PIGALLE;12;651383.9697;6864926.5046
48.8836149922;2.32783955611;649;Place de Clichy;PLACE DE CLICHY;2;650707.2389;6865054.059
48.8769498481;2.39298396482;651;Place des FÃªtes;PLACE DES FETES;7b;655478.7954;6864274.2381
48.8311126604;2.32970501262;573;Mouton-Duvernet;MOUTON-DUVERNET;4;650794.4816;6859215.1047
48.8449426325;2.3287780269;601;Notre-Dame-des-Champs;NOTRE-DAME-DES-CHAMPS;12;650739.5063;6860753.4255
48.8521672611;2.33964633593;604;Odéon;ODEON;10;651543.823;6861550.009
48.8585538264;2.34223275937;674;Pont Neuf (La Monnaie);PONT-NEUF (LA MONNAIE);7;651739.5237;6862258.5537
48.8479715406;2.25774468038;683;Porte d'Auteuil;PORTE D'AUTEUIL;10;645529.7326;6861136.8657
48.8973898907;2.38550838768;692;Porte de la Villette;PORTE DE LA VILLETTE;7;654948.2026;6866551.3039
48.8535439161;2.41062642574;693;Porte de Montreuil;PORTE DE MONTREUIL;9;656753.3202;6861661.8646
48.8724223837;2.31003834462;778;Saint-Philippe du Roule;SAINT-PHILIPPE-DU-ROULE;9;649390.9483;6863820.7798
48.8842789443;2.36588135817;808;Stalingrad;STALINGRAD;2;653497.5585;6865104.8108
48.8843851454;2.36939198436;810;Stalingrad;STALINGRAD;7;653755.0955;6865114.558
48.8779727014;2.29831037512;850;Ternes;TERNES;2;648536.2024;6864445.5141
48.8192233496;2.35970521675;703;Porte d'Italie;PORTE D'ITALIE;7;652985.99;6857874.877
48.8213557838;2.36929058735;704;Porte d'Ivry;PORTE D'IVRY;7;653691.6801;6858106.3134
48.823411629;2.32557563621;706;Porte d'Orléans;PORTE D'ORLEANS;4;650484.043;6858361.4233
48.8389642807;2.33075419209;724;Raspail;RASPAIL;6;650878.8981;6860087.4642
48.8663402993;2.35206831805;725;Réaumur Sébastopol;REAUMUR-SEBASTOPOL;3;652468.2482;6863118.3797
48.8675034238;2.36382614398;729;République;REPUBLIQUE;11;653331.8161;6863240.6969
48.888267617;2.37420401204;739;Riquet;RIQUET;7;654111.394;6865543.4601
48.8555509402;2.32571242217;752;Rue du Bac;RUE DU BAC;12;650524.602;6861934.8835
48.8714977394;2.34315477308;755;Grands Boulevards (Rue Montmartre);GRANDS BOULEVARDS (RUE MONTMARTRE);9;651819.1431;6863697.2503
48.9299358897;2.35603579417;762;Saint-Denis-Porte de Paris;SAINT-DENIS-PORTE DE PARIS;13;652816.9646;6870187.543
48.8415055224;2.30794867934;919;Volontaires;VOLONTAIRES;12;649207.5446;6860384.4512
48.8264260109;2.35724565076;855;Tolbiac;TOLBIAC;7;652811.918;6858677.1935
48.7964830828;2.36826954143;898;Villejuif-Paul Vaillant-Couturier;VILLEJUIF-PAUL VAILLANT-COUTURIER;7;653594.5882;6855341.3986
48.8972452881;2.35950786882;691;Porte de la Chapelle;PORTE DE LA CHAPELLE;12;653041.8705;6866550.3731
